frame,timestamp,track_id,x1,y1,x2,y2,confidence
0,0.0,1,1047.5,403.0,1313.3,1037.89,0.8902
0,0.0,2,259.51,414.29,572.54,1074.59,0.8283
0,0.0,3,694.49,413.05,902.7,1055.68,0.8021
0,0.0,4,807.4,399.58,956.41,956.43,0.7115
0,0.0,5,0.4,566.65,69.94,844.45,0.6908
0,0.0,8,1014.61,448.9,1119.23,930.2,0.3408
0,0.0,9,103.3,148.63,266.47,473.62,0.3101
6,0.1,1,1061.34,402.01,1321.85,1022.28,0.8782
6,0.1,2,256.58,408.06,518.07,1075.29,0.8847
6,0.1,3,711.9,413.0,911.81,1043.01,0.8149
6,0.1,4,813.73,391.39,968.21,942.28,0.8101
6,0.1,5,3.46,545.19,123.57,1043.64,0.8724
6,0.1,8,1018.87,441.76,1127.64,924.35,0.5441
12,0.2,1,1074.95,401.42,1327.26,1013.84,0.8863
12,0.2,2,242.51,407.45,530.01,1074.79,0.912
12,0.2,3,719.03,416.04,918.9,1031.94,0.7888
12,0.2,4,818.73,393.25,975.62,943.46,0.7666
12,0.2,5,8.51,473.82,155.9,1079.67,0.9086
12,0.2,8,1022.49,443.39,1138.75,917.18,0.4505
12,0.2,9,124.0,147.36,314.94,468.56,0.3003
12,0.2,10,972.68,451.18,1086.44,752.56,0.4173
18,0.3,1,1076.38,404.15,1331.05,1004.75,0.8847
18,0.3,2,229.01,419.07,546.45,1077.13,0.9002
18,0.3,3,725.42,419.92,913.26,1028.23,0.7995
18,0.3,4,820.46,395.13,981.73,942.05,0.818
18,0.3,5,8.26,440.74,180.01,1080.0,0.9154
18,0.3,8,1026.2,438.58,1154.69,915.68,0.3355
18,0.3,9,141.55,147.83,389.23,470.87,0.4203
18,0.3,10,976.75,453.83,1079.21,761.5,0.3709
18,0.3,11,823.96,2.7,936.5,105.02,0.3902
24,0.4,1,1076.18,404.67,1331.5,995.21,0.8923
24,0.4,2,235.12,421.66,541.94,1077.08,0.8892
24,0.4,3,727.55,422.53,897.64,1024.51,0.8241
24,0.4,4,828.82,397.84,988.61,934.42,0.8514
24,0.4,5,6.06,428.52,186.01,1080.0,0.917
24,0.4,8,1036.04,434.19,1145.0,853.36,0.4035
24,0.4,9,155.7,147.01,424.33,470.61,0.4286
24,0.4,10,979.44,464.04,1067.87,760.72,0.3633
24,0.4,11,827.05,3.51,938.65,108.14,0.4432
30,0.501,1,1080.06,405.11,1331.34,986.4,0.9038
30,0.501,2,187.4,417.27,511.41,1077.28,0.8499
30,0.501,3,721.0,420.11,879.86,1043.04,0.7784
30,0.501,4,835.71,397.31,1000.7,929.73,0.8712
30,0.501,5,2.23,427.11,182.82,1080.0,0.9136
30,0.501,8,1042.31,432.19,1136.02,812.08,0.4198
30,0.501,10,981.62,464.87,1067.84,764.25,0.3632
30,0.501,11,831.55,2.42,942.79,110.71,0.4143
36,0.601,1,1084.95,404.18,1329.02,975.07,0.8987
36,0.601,2,166.91,410.73,458.62,1076.75,0.7793
36,0.601,3,713.43,421.86,880.53,1040.21,0.8471
36,0.601,4,844.89,398.83,1007.18,925.4,0.8514
36,0.601,5,3.38,436.18,199.56,1080.0,0.9191
36,0.601,8,1047.59,430.81,1136.9,792.64,0.3824
36,0.601,10,988.5,459.38,1076.22,755.8,0.5724
36,0.601,15,957.72,11.96,1058.59,116.5,0.374
42,0.701,1,1086.36,403.95,1327.17,964.91,0.8883
42,0.701,2,162.9,405.51,404.13,1076.35,0.8041
42,0.701,3,695.87,421.51,872.36,1035.73,0.8622
42,0.701,4,848.72,400.11,1007.68,910.7,0.8556
42,0.701,5,2.24,485.22,213.09,1080.0,0.8663
42,0.701,8,1055.53,428.27,1136.85,784.99,0.3587
42,0.701,9,197.42,146.92,416.19,378.49,0.4179
42,0.701,10,993.37,459.63,1079.71,758.58,0.5844
42,0.701,15,960.44,18.3,1061.04,112.18,0.3807
48,0.801,1,1087.1,403.2,1326.73,950.24,0.8848
48,0.801,2,173.38,404.89,392.23,1074.19,0.8115
48,0.801,3,693.83,419.0,876.16,1026.32,0.8662
48,0.801,4,851.64,400.68,1011.31,899.36,0.8588
48,0.801,5,3.96,517.22,235.54,1075.35,0.8454
48,0.801,9,213.54,146.71,454.05,365.41,0.4923
48,0.801,10,1000.08,453.96,1089.53,765.93,0.5561
48,0.801,17,1804.65,411.87,1917.59,1056.85,0.8438
54,0.901,1,1091.97,404.28,1329.13,940.34,0.8996
54,0.901,2,186.81,405.12,385.71,1076.6,0.8208
54,0.901,3,693.54,416.79,876.8,1021.14,0.8657
54,0.901,4,854.52,400.95,1020.67,898.4,0.8799
54,0.901,5,2.57,540.64,235.08,1066.95,0.8472
54,0.901,10,1004.12,454.56,1090.18,693.5,0.3861
54,0.901,11,849.06,25.66,965.15,135.43,0.5087
54,0.901,15,970.13,25.69,1068.54,129.61,0.4236
54,0.901,17,1782.36,414.78,1917.72,1048.13,0.8692
60,1.001,1,1104.1,405.8,1334.83,939.19,0.8851
60,1.001,2,199.78,406.0,402.65,1076.7,0.8741
60,1.001,3,691.91,417.66,866.74,1017.48,0.863
60,1.001,4,862.4,406.02,1020.72,902.76,0.8646
60,1.001,5,3.64,554.43,205.94,1059.81,0.7309
60,1.001,10,1012.69,458.88,1101.44,744.64,0.4548
60,1.001,11,851.21,15.85,975.25,140.42,0.3655
60,1.001,15,973.54,34.79,1074.12,130.93,0.3354
60,1.001,17,1763.35,418.07,1919.38,1059.13,0.9142
66,1.101,1,1116.0,409.17,1345.22,932.49,0.8928
66,1.101,2,196.0,406.58,426.08,1076.53,0.9018
66,1.101,3,687.23,420.43,846.33,1009.14,0.8317
66,1.101,4,871.08,411.7,1028.63,901.71,0.83
66,1.101,5,4.04,563.5,141.16,1061.82,0.7575
66,1.101,9,276.64,146.94,521.57,457.41,0.4974
66,1.101,10,1020.26,465.63,1103.27,751.97,0.585
66,1.101,11,855.36,15.39,984.98,147.54,0.3901
66,1.101,15,983.01,41.97,1087.0,143.32,0.4456
66,1.101,17,1727.78,422.84,1919.99,1041.61,0.9014
72,1.201,1,1125.02,410.48,1354.16,925.8,0.9007
72,1.201,2,167.66,410.07,457.88,1076.27,0.8962
72,1.201,3,666.0,426.8,855.42,994.8,0.884
72,1.201,4,881.09,418.88,1046.06,913.9,0.8319
72,1.201,5,4.98,597.36,119.61,1050.63,0.7908
72,1.201,8,1083.91,429.75,1173.11,779.69,0.4692
72,1.201,9,295.67,146.52,534.19,468.88,0.3001
72,1.201,10,1026.46,458.4,1108.17,755.64,0.5617
72,1.201,11,863.51,39.4,993.86,156.19,0.3299
72,1.201,15,1001.95,47.37,1103.13,141.62,0.4717
72,1.201,17,1668.9,429.7,1918.02,1022.69,0.8868
78,1.301,1,1141.14,410.13,1369.96,913.99,0.8554
78,1.301,2,158.71,414.85,488.83,1073.81,0.8994
78,1.301,3,628.42,429.59,876.74,982.25,0.9131
78,1.301,4,889.88,419.16,1056.44,915.16,0.8544
78,1.301,5,6.95,594.74,149.22,1036.36,0.8632
78,1.301,8,1092.96,429.65,1187.59,771.84,0.6764
78,1.301,9,344.0,148.51,552.36,472.84,0.3711
78,1.301,10,1033.33,455.16,1117.74,740.87,0.5452
78,1.301,11,881.87,28.65,1011.82,161.81,0.6298
78,1.301,15,1016.74,38.77,1120.92,151.94,0.6331
78,1.301,17,1630.18,434.55,1918.91,1005.54,0.9195
78,1.301,21,310.44,150.33,460.23,355.98,0.4334
84,1.401,1,1156.04,407.66,1384.93,903.51,0.8569
84,1.401,2,190.61,413.33,512.47,1061.93,0.8824
84,1.401,3,624.69,429.53,901.96,968.58,0.9091
84,1.401,4,902.35,419.41,1070.15,908.35,0.8282
84,1.401,5,9.62,563.12,176.72,1018.25,0.8128
84,1.401,8,1100.4,426.44,1201.6,766.44,0.7267
84,1.401,9,406.37,147.88,587.03,469.74,0.3947
84,1.401,10,1046.93,455.49,1124.68,731.46,0.5257
84,1.401,11,903.88,27.31,1027.03,162.89,0.6465
84,1.401,15,1031.38,39.63,1141.82,151.87,0.4343
84,1.401,17,1619.32,435.93,1920.0,981.93,0.9188
84,1.401,21,341.61,151.41,494.32,355.86,0.3706
90,1.502,1,1175.98,407.27,1403.37,896.25,0.857
90,1.502,2,241.33,407.05,512.75,1048.89,0.8972
90,1.502,3,647.61,431.28,928.15,953.77,0.9067
90,1.502,4,918.6,415.29,1085.91,897.3,0.7862
90,1.502,5,11.59,538.82,182.92,1015.0,0.6287
90,1.502,8,1115.45,427.12,1222.06,755.28,0.7209
90,1.502,10,1065.85,454.63,1134.53,730.82,0.4039
90,1.502,11,930.65,27.9,1049.15,167.74,0.5613
90,1.502,15,1058.01,40.23,1166.92,157.95,0.5607
90,1.502,17,1623.96,432.63,1920.0,960.52,0.9029
90,1.502,21,373.69,152.21,520.88,355.58,0.5801
96,1.602,1,1190.53,413.03,1411.69,893.11,0.882
96,1.602,2,283.26,408.1,486.94,1034.0,0.8526
96,1.602,3,678.79,432.56,927.55,940.49,0.9131
96,1.602,4,930.22,417.43,1101.14,892.54,0.8109
96,1.602,8,1128.22,431.34,1236.09,756.13,0.7641
96,1.602,10,1081.33,455.22,1150.71,728.23,0.4529
96,1.602,11,952.78,40.77,1065.6,178.45,0.5675
96,1.602,15,1075.78,49.19,1185.96,166.08,0.5485
96,1.602,17,1634.56,438.37,1915.0,942.68,0.9059
96,1.602,21,409.1,152.33,553.75,361.28,0.5955
96,1.602,24,8.45,102.32,113.08,300.12,0.7501
102,1.702,1,1205.71,422.96,1418.31,891.93,0.8936
102,1.702,2,296.73,416.06,484.68,1024.54,0.8959
102,1.702,3,698.43,439.03,908.29,936.28,0.8964
102,1.702,4,950.64,425.17,1108.65,901.62,0.7568
102,1.702,5,14.19,451.52,171.11,1021.31,0.8874
102,1.702,8,1140.91,437.15,1249.77,756.54,0.7677
102,1.702,9,542.1,168.71,676.93,475.46,0.4182
102,1.702,11,974.41,55.79,1083.68,195.19,0.5154
102,1.702,15,1084.31,65.47,1202.71,186.95,0.5168
102,1.702,17,1637.91,447.15,1880.54,930.93,0.8964
102,1.702,21,441.1,170.84,566.92,370.14,0.5824
102,1.702,24,19.93,138.4,146.23,313.16,0.637
108,1.802,1,1216.52,426.75,1415.41,883.37,0.908
108,1.802,2,241.04,427.51,509.84,1033.07,0.9101
108,1.802,3,708.91,441.56,867.14,932.21,0.8964
108,1.802,4,963.87,428.74,1114.26,902.57,0.8006
108,1.802,5,9.43,438.12,198.95,1010.98,0.9004
108,1.802,8,1150.36,441.03,1253.9,751.71,0.7459
108,1.802,9,585.55,179.08,682.03,476.73,0.4127
108,1.802,10,1102.17,460.98,1174.98,716.07,0.3126
108,1.802,11,988.14,64.44,1095.75,204.76,0.6142
108,1.802,15,1096.17,72.83,1218.58,196.29,0.4507
108,1.802,17,1607.14,450.78,1825.05,918.93,0.9058
108,1.802,21,469.8,177.9,586.3,375.24,0.4549
108,1.802,24,30.51,144.93,180.02,363.13,0.5877
114,1.902,1,1221.19,418.1,1413.27,858.05,0.8709
114,1.902,2,223.79,425.18,544.39,1023.6,0.8736
114,1.902,3,680.98,438.19,871.87,914.25,0.8985
114,1.902,4,971.03,424.92,1123.27,890.7,0.7742
114,1.902,5,9.64,423.14,227.56,978.18,0.9003
114,1.902,8,1157.84,432.73,1260.74,739.93,0.6686
114,1.902,10,1090.94,449.02,1174.14,745.73,0.5169
114,1.902,11,1002.62,62.65,1106.27,204.03,0.6411
114,1.902,15,1105.63,72.44,1231.15,192.71,0.4667
114,1.902,17,1575.93,441.2,1787.71,895.08,0.8969
114,1.902,21,494.6,178.79,602.42,369.69,0.4418
114,1.902,24,62.58,146.53,212.01,371.98,0.6766
120,2.002,1,1229.22,412.3,1409.33,843.81,0.8574
120,2.002,2,248.17,414.1,572.06,1012.58,0.8933
120,2.002,3,655.93,440.27,888.93,893.19,0.9038
120,2.002,4,981.11,418.14,1131.39,874.36,0.703
120,2.002,5,11.39,403.87,230.4,989.6,0.8998
120,2.002,8,1168.4,431.91,1261.44,730.92,0.7146
120,2.002,9,645.11,177.79,736.44,458.67,0.4715
120,2.002,10,1087.0,434.79,1179.18,770.63,0.6139
120,2.002,11,1014.47,64.06,1118.92,205.64,0.6451
120,2.002,15,1117.39,74.58,1239.34,190.78,0.5149
120,2.002,17,1560.74,433.36,1753.16,867.81,0.8717
120,2.002,24,100.12,148.39,244.02,369.99,0.6341
126,2.102,1,1237.71,412.8,1410.21,830.34,0.7943
126,2.102,2,300.33,403.96,574.65,996.33,0.8927
126,2.102,3,662.65,442.4,906.89,883.93,0.9088
126,2.102,4,989.45,417.1,1126.83,860.02,0.6612
126,2.102,5,9.58,392.73,214.61,989.71,0.9193
126,2.102,8,1180.95,437.5,1270.73,726.84,0.6375
126,2.102,10,1090.4,430.12,1188.28,778.18,0.6202
126,2.102,11,1032.41,79.34,1132.25,211.0,0.7185
126,2.102,15,1135.53,82.59,1264.87,206.61,0.5371
126,2.102,17,1566.94,435.09,1740.45,852.62,0.8477
126,2.102,24,142.2,152.37,276.72,372.72,0.549
132,2.202,1,1243.86,416.12,1414.93,833.85,0.7819
132,2.202,2,327.49,400.28,563.92,985.94,0.8958
132,2.202,3,684.93,435.89,899.87,878.1,0.8747
132,2.202,4,992.82,418.61,1123.93,851.5,0.7361
132,2.202,5,8.08,391.97,238.09,1014.18,0.9269
132,2.202,8,1192.95,442.68,1280.78,720.41,0.4883
132,2.202,10,1102.45,446.77,1204.46,778.16,0.7248
132,2.202,15,1146.62,92.67,1264.18,217.92,0.4068
132,2.202,17,1586.06,440.96,1724.76,841.13,0.8816
132,2.202,21,576.52,195.22,669.1,371.66,0.5758
132,2.202,24,175.94,156.1,306.66,377.63,0.5347
138,2.302,1,1254.89,418.89,1418.83,830.21,0.7879
138,2.302,2,327.68,405.71,577.6,1007.47,0.9108
138,2.302,3,714.59,430.34,866.4,870.19,0.8562
138,2.302,4,998.13,419.08,1124.68,845.8,0.8609
138,2.302,5,7.75,402.13,274.51,1026.0,0.9381
138,2.302,9,746.65,212.92,819.78,407.59,0.4229
138,2.302,10,1115.78,448.04,1216.63,775.93,0.7138
138,2.302,11,1060.57,111.02,1163.69,229.13,0.5872
138,2.302,15,1158.71,101.8,1280.76,228.37,0.3533
138,2.302,17,1593.27,442.69,1706.68,828.32,0.8574
138,2.302,21,603.51,203.97,697.57,375.04,0.3688
138,2.302,24,210.07,167.04,338.05,371.64,0.4908
144,2.402,1,1256.53,425.68,1415.41,822.0,0.6584
144,2.402,2,331.61,411.28,597.32,1024.7,0.9046
144,2.402,3,711.08,431.66,838.62,861.13,0.8563
144,2.402,4,974.06,426.97,1132.02,839.09,0.8908
144,2.402,5,6.0,408.72,303.21,1046.13,0.9178
144,2.402,10,1125.86,460.34,1218.26,779.78,0.7006
144,2.402,11,1071.68,121.84,1169.28,239.57,0.6033
144,2.402,15,1167.02,113.54,1290.2,238.1,0.3823
144,2.402,17,1578.59,448.57,1686.22,819.13,0.8181
144,2.402,21,629.68,210.75,716.58,379.26,0.3283
144,2.402,24,236.22,172.0,360.93,382.1,0.4838
150,2.502,1,1262.58,438.43,1414.61,823.97,0.512
150,2.502,2,356.67,412.95,621.37,1035.59,0.9185
150,2.502,3,660.5,434.5,847.14,857.73,0.9002
150,2.502,4,951.88,433.89,1139.62,828.37,0.8777
150,2.502,5,37.95,411.57,327.23,1045.51,0.9382
150,2.502,10,1130.5,460.9,1221.7,782.93,0.7433
150,2.502,11,1079.91,130.35,1172.31,248.03,0.6259
150,2.502,15,1168.25,118.41,1295.85,245.13,0.4507
150,2.502,17,1559.55,451.69,1675.46,811.4,0.8384
150,2.502,24,263.64,179.37,380.62,385.64,0.6102
156,2.603,1,1251.56,424.37,1393.55,812.61,0.72
156,2.603,2,402.93,405.76,639.97,1025.43,0.8901
156,2.603,3,640.61,437.53,857.4,853.25,0.8874
156,2.603,4,948.03,434.0,1141.56,818.54,0.8653
156,2.603,5,102.43,403.92,347.07,1023.6,0.9108
156,2.603,9,798.07,232.18,878.41,461.71,0.5531
156,2.603,10,1128.75,469.26,1223.4,787.93,0.7536
156,2.603,11,1088.28,130.59,1176.84,250.35,0.59
156,2.603,15,1174.94,122.59,1285.73,246.26,0.3297
156,2.603,17,1562.01,451.43,1664.42,801.81,0.8035
156,2.603,21,658.0,217.17,741.28,383.8,0.3409
156,2.603,24,282.84,182.95,400.16,387.49,0.5641
156,2.603,35,1318.09,436.6,1433.55,800.06,0.6838
162,2.703,1,1245.75,417.06,1379.39,807.16,0.7441
162,2.703,2,449.14,396.16,657.04,1004.12,0.9044
162,2.703,3,638.51,437.5,859.52,848.9,0.8962
162,2.703,4,947.39,425.63,1133.62,809.17,0.8702
162,2.703,5,154.12,393.89,371.2,1023.66,0.8878
162,2.703,10,1126.75,461.37,1230.24,782.0,0.7768
162,2.703,11,1094.23,134.52,1181.23,251.88,0.5538
162,2.703,15,1181.73,127.24,1293.5,249.6,0.3976
162,2.703,17,1553.0,447.3,1656.0,789.35,0.7495
162,2.703,21,674.93,183.99,765.82,386.44,0.4983
162,2.703,24,313.8,187.52,421.59,384.54,0.5186
162,2.703,35,1332.7,438.91,1444.31,792.17,0.7403
168,2.803,1,1243.07,417.58,1371.14,801.74,0.8006
168,2.803,2,462.12,394.25,673.48,1026.91,0.8679
168,2.803,3,657.93,434.49,841.56,843.55,0.9032
168,2.803,4,939.61,422.14,1102.99,804.27,0.853
168,2.803,5,163.05,398.83,392.54,1038.0,0.8755
168,2.803,9,812.33,238.38,900.95,467.23,0.3622
168,2.803,10,1125.08,458.4,1238.1,780.8,0.7578
168,2.803,11,1101.99,140.36,1188.14,255.47,0.3466
168,2.803,15,1192.21,129.01,1319.85,256.94,0.4024
168,2.803,17,1546.61,448.48,1654.1,782.63,0.7114
168,2.803,24,335.59,193.35,439.83,386.94,0.4506
168,2.803,35,1336.44,441.21,1453.4,786.91,0.7915
174,2.903,1,1214.68,432.68,1365.55,798.86,0.7347
174,2.903,2,484.45,402.69,688.48,1040.52,0.8505
174,2.903,3,672.54,435.32,814.96,844.65,0.8218
174,2.903,4,939.52,427.3,1066.88,801.42,0.8678
174,2.903,5,197.83,410.08,411.59,1058.12,0.8697
174,2.903,9,840.93,246.87,920.12,470.92,0.4491
174,2.903,10,1125.32,464.74,1238.11,778.17,0.7846
174,2.903,17,1539.14,450.7,1645.67,779.61,0.6472
174,2.903,24,360.89,200.83,458.2,390.87,0.3544
174,2.903,35,1330.18,443.35,1458.51,783.05,0.7898
180,3.003,1,1201.42,434.99,1360.85,791.91,0.7782
180,3.003,2,513.29,403.04,711.56,1057.85,0.8528
180,3.003,3,685.79,438.71,818.79,854.16,0.8569
180,3.003,4,923.18,432.4,1058.42,801.86,0.8554
180,3.003,5,229.27,411.97,436.27,1063.05,0.892
180,3.003,10,1113.74,467.72,1234.04,777.07,0.8103
180,3.003,11,1116.43,151.27,1203.44,267.36,0.3165
180,3.003,17,1527.86,449.85,1643.09,777.23,0.6652
180,3.003,21,717.86,239.13,812.63,392.8,0.3854
180,3.003,24,380.99,207.96,475.99,390.82,0.4503
180,3.003,35,1330.16,453.12,1456.31,781.13,0.7708
186,3.103,1,1199.67,433.38,1356.72,787.37,0.8181
186,3.103,2,535.77,395.02,738.76,1048.05,0.8503
186,3.103,3,698.77,439.45,829.59,838.55,0.7669
186,3.103,4,900.67,435.78,1059.0,796.2,0.8989
186,3.103,5,249.86,400.79,469.17,1048.75,0.8956
186,3.103,10,1107.64,467.57,1226.91,774.03,0.8358
186,3.103,11,1122.14,156.75,1209.98,272.31,0.333
186,3.103,17,1522.96,447.71,1643.57,769.82,0.6625
186,3.103,21,734.91,252.42,820.93,392.2,0.4746
186,3.103,35,1325.07,446.51,1454.46,779.72,0.8102
192,3.203,1,1205.35,428.27,1344.82,776.95,0.8551
192,3.203,2,561.35,385.3,769.47,1028.58,0.8507
192,3.203,3,727.95,436.7,843.14,826.54,0.7393
192,3.203,4,899.37,433.55,1063.55,791.37,0.8869
192,3.203,5,257.18,393.1,500.79,1031.15,0.8926
192,3.203,10,1109.84,465.84,1218.45,768.81,0.8107
192,3.203,11,1130.47,155.92,1217.24,274.81,0.3209
192,3.203,15,1229.45,148.51,1333.45,270.97,0.3342
192,3.203,17,1524.56,446.83,1642.33,758.37,0.5344
192,3.203,21,750.35,250.03,836.45,391.66,0.3216
192,3.203,24,426.76,209.41,510.54,362.96,0.337
192,3.203,35,1316.2,441.08,1455.35,777.93,0.7985
198,3.303,1,1207.84,423.57,1337.65,777.58,0.8485
198,3.303,2,589.48,381.94,800.32,1041.29,0.8839
198,3.303,3,753.24,434.24,853.73,813.2,0.5032
198,3.303,4,906.91,429.55,1035.94,786.46,0.8168
198,3.303,5,266.93,389.21,534.53,1043.77,0.8976
198,3.303,10,1113.11,463.66,1213.0,763.39,0.853
198,3.303,17,1538.19,447.09,1647.53,751.75,0.5139
198,3.303,24,448.51,213.81,531.92,365.48,0.4137
198,3.303,35,1310.5,436.49,1448.55,767.89,0.8224
204,3.403,1,1204.65,422.98,1327.24,776.39,0.839
204,3.403,2,621.37,392.78,831.48,1052.59,0.8795
204,3.403,3,768.21,430.71,861.22,732.77,0.5253
204,3.403,4,906.58,427.59,1004.7,784.34,0.8334
204,3.403,5,281.36,392.04,563.47,1052.75,0.9002
204,3.403,10,1108.4,464.73,1207.61,762.87,0.8799
204,3.403,11,1139.85,165.91,1234.17,282.08,0.3404
204,3.403,17,1514.23,449.08,1653.49,752.5,0.3877
204,3.403,24,463.29,216.34,547.64,384.01,0.3384
204,3.403,35,1301.61,441.47,1438.75,767.67,0.8061
210,3.504,1,1193.7,426.94,1320.75,770.65,0.8768
210,3.504,2,656.9,393.86,859.26,1067.64,0.888
210,3.504,4,891.84,427.92,989.84,778.2,0.8381
210,3.504,5,309.59,382.8,591.59,1063.65,0.9087
210,3.504,10,1098.17,467.84,1202.07,762.69,0.8442
210,3.504,17,1514.61,448.24,1653.31,748.42,0.3624
210,3.504,21,785.55,208.02,866.08,370.38,0.4404
210,3.504,24,481.4,225.31,560.88,369.81,0.3109
210,3.504,35,1306.75,449.68,1432.85,767.87,0.7273
216,3.604,1,1180.46,429.82,1315.37,769.95,0.8255
216,3.604,2,689.62,388.22,897.79,1062.07,0.8837
216,3.604,4,870.63,431.41,989.34,773.88,0.8049
216,3.604,5,352.55,385.48,616.74,1052.15,0.8987
216,3.604,10,1083.65,467.54,1189.37,763.28,0.7827
216,3.604,17,1498.95,446.69,1654.13,742.02,0.5711
216,3.604,24,495.42,226.67,574.19,365.17,0.3084
216,3.604,35,1304.03,454.91,1424.09,763.2,0.7416
222,3.704,1,1172.06,430.27,1303.56,765.92,0.7797
222,3.704,2,722.65,376.44,944.02,1044.85,0.7891
222,3.704,4,867.84,436.49,993.92,766.64,0.5723
222,3.704,5,405.29,380.7,641.24,1037.64,0.9136
222,3.704,10,1074.94,462.45,1175.5,761.12,0.8028
222,3.704,11,1162.52,174.73,1247.64,287.49,0.3137
222,3.704,17,1528.4,446.6,1640.81,735.54,0.475
222,3.704,24,506.68,226.42,587.0,364.23,0.3248
222,3.704,35,1294.53,453.51,1414.2,761.66,0.8119
228,3.804,1,1165.66,424.4,1285.0,754.34,0.741
228,3.804,2,748.79,371.07,977.93,1055.55,0.8858
228,3.804,5,439.51,373.19,662.18,1049.09,0.8992
228,3.804,10,1071.31,460.16,1161.77,754.63,0.8429
228,3.804,17,1533.66,443.89,1642.49,728.75,0.4054
228,3.804,35,1285.45,461.12,1404.8,758.16,0.8685
234,3.904,1,1161.52,424.69,1270.03,758.55,0.8177
234,3.904,2,774.58,375.25,997.34,1070.05,0.8724
234,3.904,3,759.78,427.78,849.64,836.36,0.522
234,3.904,5,463.81,375.07,682.24,1067.11,0.8838
234,3.904,10,1056.07,457.29,1141.69,750.88,0.8213
234,3.904,17,1511.7,445.49,1648.37,725.69,0.5587
234,3.904,35,1281.35,455.14,1396.67,757.55,0.8136
240,4.004,1,1155.08,424.46,1258.74,762.62,0.8904
240,4.004,2,798.92,381.49,1019.36,1077.18,0.8643
240,4.004,3,764.78,430.28,863.26,849.47,0.5942
240,4.004,5,484.58,380.13,701.87,1073.07,0.8875
240,4.004,10,1028.83,459.17,1141.4,747.93,0.8289
240,4.004,35,1280.41,451.64,1392.27,752.69,0.7772
246,4.104,1,1141.05,425.04,1251.26,758.12,0.8264
246,4.104,2,821.44,380.63,1039.51,1079.28,0.8564
246,4.104,3,775.51,428.0,882.15,845.45,0.5614
246,4.104,5,501.49,378.7,722.2,1075.01,0.9056
246,4.104,10,1013.39,464.07,1148.63,748.24,0.8059
246,4.104,35,1274.12,448.94,1387.77,749.65,0.7859
246,4.104,48,1553.56,445.65,1619.83,636.45,0.4183
252,4.204,1,1124.8,425.45,1249.82,754.54,0.8274
252,4.204,2,846.51,366.08,1067.14,1069.33,0.8338
252,4.204,3,795.82,424.96,902.26,834.45,0.5858
252,4.204,5,509.41,370.39,748.51,1069.2,0.8923
252,4.204,10,1022.69,463.5,1134.38,723.55,0.4512
252,4.204,35,1266.17,448.4,1380.58,746.57,0.7777
252,4.204,48,1557.55,444.7,1623.18,639.73,0.5161
258,4.304,1,1117.05,425.16,1249.11,756.84,0.8368
258,4.304,2,874.56,360.33,1103.34,1074.23,0.8785
258,4.304,3,801.36,422.58,922.73,837.82,0.7619
258,4.304,5,512.03,363.28,773.85,1068.62,0.9024
258,4.304,35,1261.32,443.83,1376.09,744.87,0.7325
258,4.304,48,1561.07,442.94,1633.02,692.48,0.625
264,4.404,1,1119.88,423.05,1238.61,746.9,0.8091
264,4.404,2,904.51,366.73,1139.53,1075.86,0.8807
264,4.404,4,844.26,423.95,969.79,863.94,0.696
264,4.404,5,517.19,362.64,794.86,1071.32,0.914
264,4.404,35,1247.63,439.24,1365.84,739.3,0.8167
264,4.404,48,1560.65,442.75,1632.36,709.35,0.5965
270,4.505,1,1124.65,415.24,1226.61,743.7,0.5899
270,4.505,2,939.49,366.08,1161.58,1078.42,0.8727
270,4.505,3,811.9,423.73,903.27,799.04,0.6343
270,4.505,4,855.82,415.14,984.55,865.38,0.749
270,4.505,5,524.62,370.25,811.53,1072.35,0.9037
270,4.505,35,1234.25,439.92,1355.88,736.83,0.8615
270,4.505,48,1555.04,442.95,1627.99,712.65,0.4667
276,4.605,1,1125.02,414.33,1222.65,723.15,0.3475
276,4.605,2,966.29,363.44,1198.27,1076.85,0.878
276,4.605,3,811.7,418.54,900.06,780.93,0.6418
276,4.605,4,866.14,405.46,998.83,855.94,0.7978
276,4.605,5,544.1,367.21,824.04,1072.11,0.8989
276,4.605,35,1221.8,437.97,1347.91,737.15,0.8066
276,4.605,48,1548.9,442.38,1619.06,699.53,0.3317
282,4.705,2,984.79,351.36,1224.51,1077.79,0.8879
282,4.705,3,812.7,417.01,901.34,770.88,0.6386
282,4.705,4,872.29,402.14,1006.16,857.1,0.8393
282,4.705,5,575.86,352.55,835.49,1065.76,0.8846
282,4.705,8,1276.22,434.66,1344.3,683.99,0.4102
282,4.705,35,1213.89,439.35,1335.23,733.28,0.7171
282,4.705,48,1542.57,441.27,1611.88,695.46,0.5657
288,4.805,2,1004.91,344.22,1240.63,1077.46,0.8859
288,4.805,3,814.14,417.57,900.92,764.24,0.6005
288,4.805,4,873.93,403.51,1013.22,864.24,0.8468
288,4.805,5,604.06,342.99,845.61,1072.4,0.9004
288,4.805,8,1269.77,428.16,1338.06,677.12,0.3305
288,4.805,35,1213.53,438.99,1315.65,727.39,0.6929
288,4.805,48,1537.67,439.74,1603.76,685.57,0.398
294,4.905,2,1016.44,343.75,1259.5,1074.39,0.8904
294,4.905,3,815.29,415.6,899.85,756.75,0.5038
294,4.905,4,873.61,407.25,1018.68,875.34,0.8788
294,4.905,5,617.44,341.83,854.04,1073.18,0.9022
294,4.905,35,1217.56,442.32,1302.67,716.69,0.5078
294,4.905,48,1528.22,439.03,1595.09,681.91,0.4646
300,5.005,2,1023.23,350.92,1270.02,1071.8,0.8746
300,5.005,3,806.76,410.09,899.86,755.69,0.4835
300,5.005,4,873.97,407.11,1019.88,874.58,0.8661
300,5.005,5,622.32,351.79,862.1,1072.8,0.8932
300,5.005,35,1219.38,441.26,1290.12,691.13,0.3429
300,5.005,48,1521.83,441.33,1588.16,674.06,0.4708
306,5.105,2,1027.99,341.42,1273.33,1073.18,0.8948
306,5.105,3,806.21,406.43,902.46,741.64,0.5908
306,5.105,4,875.5,403.23,1022.16,863.81,0.8389
306,5.105,5,621.98,354.83,870.21,1073.04,0.8999
306,5.105,35,1218.7,437.96,1291.78,685.54,0.3625
306,5.105,48,1516.0,441.16,1583.2,671.08,0.558
312,5.205,2,1036.17,326.73,1285.16,1076.38,0.8856
312,5.205,3,812.52,403.89,909.56,759.25,0.6317
312,5.205,4,882.35,400.29,1028.69,857.41,0.8362
312,5.205,5,619.17,340.85,874.48,1074.56,0.9047
312,5.205,48,1514.09,438.64,1580.12,668.39,0.526
318,5.305,2,1052.82,313.89,1312.53,1078.82,0.8939
318,5.305,3,828.88,403.53,917.8,768.6,0.5741
318,5.305,4,893.11,391.97,1037.56,864.68,0.8181
318,5.305,5,609.59,326.74,879.54,1075.13,0.8945
318,5.305,48,1511.03,436.03,1577.49,661.28,0.4377
324,5.405,2,1071.23,311.38,1343.1,1079.79,0.8917
324,5.405,3,834.1,402.76,932.43,773.25,0.6084
324,5.405,4,903.93,391.71,1049.95,871.81,0.8065
324,5.405,5,602.51,336.39,890.81,1074.62,0.9024
324,5.405,48,1508.77,434.1,1574.71,657.86,0.4596
330,5.506,2,1094.83,314.0,1369.77,1076.66,0.9012
330,5.506,3,839.99,398.21,937.84,770.06,0.3331
330,5.506,4,916.68,394.31,1059.68,878.06,0.8108
330,5.506,5,601.94,334.21,906.85,1074.25,0.9094
330,5.506,48,1502.69,434.22,1571.98,658.26,0.575
336,5.606,1,1068.46,393.3,1176.64,752.02,0.7876
336,5.606,2,1119.63,312.88,1394.86,1074.96,0.9017
336,5.606,4,922.78,390.26,1083.05,873.01,0.8104
336,5.606,5,606.98,334.23,921.15,1072.41,0.9231
336,5.606,48,1499.22,432.78,1572.24,654.04,0.4195
342,5.706,1,1068.85,390.8,1180.08,756.04,0.7608
342,5.706,2,1137.04,295.19,1420.03,1073.28,0.9081
342,5.706,4,929.69,381.41,1087.99,861.03,0.8255
342,5.706,5,624.18,317.37,927.99,1070.57,0.9254
342,5.706,48,1495.38,430.69,1561.53,645.74,0.5626
348,5.806,1,1069.17,390.3,1184.25,762.17,0.746
348,5.806,2,1148.74,282.76,1439.87,1073.39,0.9048
348,5.806,4,926.21,371.92,1095.95,861.06,0.8392
348,5.806,5,649.53,302.03,933.42,1072.04,0.9234
348,5.806,48,1489.15,428.53,1553.19,627.21,0.3969
354,5.906,1,1068.99,389.17,1184.79,767.42,0.7457
354,5.906,2,1152.23,278.92,1454.36,1072.61,0.8947
354,5.906,4,920.99,369.32,1096.88,868.05,0.8212
354,5.906,5,663.22,297.81,936.78,1071.02,0.9209
354,5.906,48,1482.6,426.31,1544.21,620.71,0.3751
360,6.006,1,1070.06,381.76,1188.26,761.64,0.7997
360,6.006,2,1149.98,278.5,1461.67,1073.05,0.9076
360,6.006,4,922.34,370.23,1088.08,884.19,0.8066
360,6.006,5,665.6,296.66,943.05,1071.27,0.9143
360,6.006,48,1476.63,424.8,1536.43,620.0,0.3533
366,6.106,1,1071.33,374.55,1188.46,759.29,0.8342
366,6.106,2,1146.11,278.38,1463.24,1073.86,0.905
366,6.106,4,922.27,371.98,1082.27,886.56,0.8291
366,6.106,5,659.97,301.63,946.35,1072.98,0.9094
366,6.106,48,1472.23,425.72,1529.8,621.02,0.5123
372,6.206,1,1069.34,372.11,1187.3,763.53,0.7869
372,6.206,2,1142.07,275.07,1469.95,1073.31,0.9138
372,6.206,4,921.58,376.19,1075.41,883.97,0.7934
372,6.206,5,648.84,295.51,947.48,1073.67,0.914
372,6.206,48,1469.77,426.29,1524.37,604.94,0.3108
378,6.306,1,1070.49,371.13,1189.92,779.33,0.8096
378,6.306,2,1142.71,274.17,1482.43,1073.19,0.8734
378,6.306,4,919.23,372.26,1088.19,876.72,0.8276
378,6.306,5,629.88,291.63,946.65,1075.69,0.929
378,6.306,48,1466.61,424.77,1519.14,559.57,0.395
384,6.406,1,1076.14,373.22,1194.4,783.73,0.8742
384,6.406,2,1144.64,272.11,1494.49,1072.75,0.8349
384,6.406,4,917.78,368.64,1103.75,879.14,0.881
384,6.406,5,613.56,288.32,950.4,1074.07,0.935
384,6.406,48,1463.39,425.5,1514.32,605.61,0.413
390,6.506,1,1083.49,373.35,1203.83,781.13,0.8362
390,6.506,2,1168.54,274.77,1507.97,1075.87,0.8749
390,6.506,4,925.26,368.7,1107.69,894.13,0.8193
390,6.506,5,606.78,286.46,952.97,1073.13,0.929
396,6.607,1,1087.65,369.75,1216.5,776.1,0.83
396,6.607,2,1187.12,283.98,1536.86,1076.17,0.9008
396,6.607,4,933.24,369.89,1114.3,911.39,0.8224
396,6.607,5,605.5,288.24,960.69,1073.32,0.9255
402,6.707,1,1091.23,369.69,1218.07,780.47,0.8164
402,6.707,2,1212.29,295.65,1572.65,1075.03,0.9153
402,6.707,4,942.22,370.56,1113.12,912.62,0.8424
402,6.707,5,622.79,283.24,971.78,1073.98,0.9223
402,6.707,8,1192.79,406.35,1271.84,633.68,0.453
408,6.807,1,1095.55,376.56,1233.83,786.13,0.8105
408,6.807,2,1222.28,320.43,1604.47,1074.75,0.9014
408,6.807,4,948.65,371.67,1112.03,909.47,0.8205
408,6.807,5,648.16,277.32,985.93,1074.7,0.9132
408,6.807,8,1187.82,408.55,1268.82,665.7,0.3469
414,6.907,1,1098.57,379.85,1238.67,795.54,0.7903
414,6.907,2,1246.53,339.56,1635.35,1073.96,0.9178
414,6.907,4,948.57,368.87,1106.13,900.9,0.8193
414,6.907,5,667.16,273.13,995.72,1074.66,0.9105
420,7.007,1,1100.52,378.3,1243.98,800.49,0.8331
420,7.007,2,1258.04,346.31,1650.22,1072.4,0.92
420,7.007,4,942.34,369.07,1103.71,895.51,0.7866
420,7.007,5,672.64,274.39,1007.45,1074.85,0.9014
426,7.107,1,1096.56,370.53,1246.48,794.62,0.8378
426,7.107,2,1260.35,348.26,1646.54,1071.3,0.9209
426,7.107,4,937.29,370.87,1096.27,891.61,0.7667
426,7.107,5,663.64,276.66,1009.53,1073.89,0.9082
432,7.207,1,1086.61,367.81,1250.74,791.88,0.8201
432,7.207,2,1254.85,346.26,1647.06,1071.02,0.9177
432,7.207,4,925.91,371.92,1087.02,906.32,0.7324
432,7.207,5,647.65,260.8,999.31,1073.31,0.9165
438,7.307,1,1081.35,369.75,1254.59,809.76,0.8665
438,7.307,2,1248.83,349.92,1658.57,1074.2,0.9065
438,7.307,4,919.0,368.79,1076.57,914.94,0.7506
438,7.307,5,623.97,233.12,979.23,1074.15,0.9334
444,7.407,1,1071.15,371.94,1254.42,820.23,0.846
444,7.407,2,1254.26,349.69,1660.1,1074.18,0.893
444,7.407,4,908.55,361.87,1070.65,912.21,0.795
444,7.407,5,591.63,229.78,971.71,1073.25,0.9163
450,7.508,1,1069.81,369.19,1255.0,817.66,0.8369
450,7.508,2,1269.39,348.88,1660.33,1072.57,0.8772
450,7.508,4,899.64,362.05,1065.49,942.55,0.8302
450,7.508,5,563.57,237.14,966.46,1071.3,0.9208
456,7.608,1,1078.45,364.48,1253.57,811.27,0.8046
456,7.608,2,1294.06,348.84,1677.17,1072.44,0.8849
456,7.608,4,893.3,372.78,1063.29,952.95,0.808
456,7.608,5,551.1,239.99,969.6,1072.1,0.9253
462,7.708,1,1088.79,364.32,1252.4,804.49,0.8296
462,7.708,2,1315.73,346.77,1734.58,1073.03,0.9176
462,7.708,4,907.16,363.69,1065.16,955.21,0.7036
462,7.708,5,562.48,235.15,987.68,1071.7,0.9195
462,7.708,74,1280.62,413.06,1329.41,580.86,0.5486
468,7.808,1,1101.88,364.91,1252.07,817.94,0.7633
468,7.808,2,1336.8,349.17,1780.74,1070.66,0.9353
468,7.808,4,917.23,355.44,1061.94,933.13,0.3985
468,7.808,5,590.98,215.44,1009.13,1072.18,0.9054
468,7.808,74,1277.18,410.83,1329.13,577.39,0.6064
468,7.808,75,1082.58,398.16,1145.62,713.79,0.5286
474,7.908,1,1107.34,370.16,1257.09,821.95,0.8062
474,7.908,2,1350.9,349.39,1812.05,1069.8,0.9367
474,7.908,4,907.85,351.07,1057.52,894.99,0.3928
474,7.908,5,620.48,209.38,1022.68,1073.38,0.9099
474,7.908,74,1270.25,412.2,1327.65,577.62,0.4727
474,7.908,77,907.21,353.57,1058.39,682.36,0.5057
480,8.008,1,1110.94,369.62,1258.52,813.52,0.8124
480,8.008,2,1359.43,349.63,1830.89,1069.54,0.9352
480,8.008,4,897.59,356.76,1052.76,944.09,0.5904
480,8.008,5,631.37,217.05,1027.92,1071.24,0.9069
480,8.008,35,1053.47,422.05,1097.14,608.12,0.5368
480,8.008,48,1372.86,427.87,1419.87,583.92,0.4431
480,8.008,74,1258.04,410.9,1321.42,581.31,0.4399
480,8.008,75,1083.11,405.1,1151.8,714.7,0.4508
480,8.008,77,898.62,357.28,1052.68,680.64,0.4721
486,8.108,1,1111.8,360.94,1260.29,816.02,0.8474
486,8.108,2,1358.93,348.03,1837.46,1068.32,0.9411
486,8.108,4,886.67,357.42,1046.92,968.98,0.6674
486,8.108,5,621.79,227.97,1028.46,1069.36,0.9226
486,8.108,35,1039.08,418.57,1087.55,609.04,0.4777
486,8.108,48,1365.69,426.43,1413.27,583.82,0.3991
486,8.108,74,1251.72,406.45,1315.22,581.43,0.5559
486,8.108,75,1072.1,400.73,1151.34,731.57,0.3574
486,8.108,77,886.83,357.8,1046.16,693.15,0.435
492,8.208,1,1105.55,355.82,1261.93,824.62,0.8353
492,8.208,2,1352.39,346.56,1837.58,1069.54,0.9311
492,8.208,5,602.7,214.31,1016.27,1068.89,0.9272
492,8.208,35,1023.17,418.35,1075.57,609.53,0.5441
492,8.208,48,1358.01,429.68,1403.65,586.23,0.4418
492,8.208,74,1250.05,408.2,1311.57,582.44,0.5932
492,8.208,75,1052.64,398.24,1146.7,719.56,0.3358
498,8.308,1,1095.98,359.21,1260.62,841.69,0.8717
498,8.308,2,1346.52,347.42,1845.25,1069.79,0.93
498,8.308,5,569.57,194.71,992.68,1068.86,0.9372
498,8.308,35,1003.97,417.96,1063.41,607.73,0.663
498,8.308,48,1347.96,428.53,1396.04,584.87,0.3304
498,8.308,74,1247.03,407.29,1307.3,581.6,0.6052
498,8.308,75,1045.78,394.92,1134.82,638.02,0.473
498,8.308,77,858.04,355.34,1006.42,695.98,0.406
504,8.408,1,1090.47,365.75,1260.55,853.44,0.8738
504,8.408,2,1341.03,347.8,1865.75,1071.03,0.9258
504,8.408,5,515.88,181.86,972.39,1069.62,0.9246
504,8.408,35,987.04,425.56,1052.1,605.67,0.7031
504,8.408,74,1247.92,409.45,1303.74,580.6,0.511
504,8.408,77,838.26,347.54,985.1,691.04,0.4238
504,8.408,84,916.63,428.85,986.34,667.16,0.458
510,8.508,1,1088.19,363.77,1257.3,853.05,0.8773
510,8.508,2,1348.94,347.52,1882.55,1072.15,0.9196
510,8.508,5,465.39,190.47,959.66,1069.27,0.9241
510,8.508,35,972.48,428.36,1037.76,607.49,0.69
510,8.508,48,1331.03,431.98,1390.27,588.68,0.5318
510,8.508,74,1247.56,411.62,1301.09,578.36,0.6308
510,8.508,75,1040.13,419.69,1126.66,732.97,0.5723
510,8.508,77,819.7,345.08,982.26,695.71,0.7
510,8.508,85,817.83,341.13,985.57,961.24,0.3835
516,8.609,1,1087.04,355.86,1253.16,844.91,0.8657
516,8.609,2,1372.38,347.35,1909.57,1072.69,0.9331
516,8.609,5,425.73,205.92,958.24,1072.75,0.9233
516,8.609,35,955.68,427.57,1019.58,602.73,0.5992
516,8.609,48,1326.61,432.47,1390.11,589.45,0.5103
516,8.609,74,1247.18,412.4,1303.67,577.69,0.7241
516,8.609,75,1043.62,414.18,1127.3,747.75,0.6649
516,8.609,77,801.28,344.83,979.53,700.39,0.5727
516,8.609,85,801.85,338.97,984.82,969.4,0.3487
522,8.709,1,1081.98,352.82,1245.19,846.28,0.8705
522,8.709,2,1390.86,347.05,1920.0,1072.17,0.9412
522,8.709,5,420.49,197.27,962.0,1072.5,0.9242
522,8.709,35,941.41,425.77,1003.86,598.89,0.4558
522,8.709,48,1324.13,432.92,1385.73,588.87,0.5004
522,8.709,74,1248.26,414.15,1304.9,575.31,0.777
522,8.709,75,1039.98,410.41,1124.43,746.61,0.6001
528,8.809,1,1082.92,357.05,1245.28,859.46,0.8586
528,8.809,2,1397.8,346.92,1920.0,1071.26,0.9416
528,8.809,5,451.17,170.07,966.46,1070.59,0.9234
528,8.809,48,1319.77,431.89,1377.3,587.88,0.4857
528,8.809,74,1248.43,416.99,1305.29,574.13,0.7714
528,8.809,75,1039.06,397.58,1124.74,749.54,0.6823
528,8.809,84,923.28,423.5,988.38,649.11,0.4705
534,8.909,1,1086.74,360.14,1246.66,869.24,0.8692
534,8.909,2,1399.46,347.69,1920.0,1070.91,0.9522
534,8.909,5,495.95,151.69,973.46,1070.13,0.9273
534,8.909,48,1315.52,433.5,1371.39,588.87,0.5473
534,8.909,74,1248.94,419.06,1304.63,573.12,0.7761
534,8.909,75,1036.59,394.95,1123.61,750.15,0.7236
540,9.009,1,1086.32,355.17,1254.67,870.91,0.8641
540,9.009,2,1405.28,348.73,1920.0,1072.1,0.9564
540,9.009,5,513.62,154.09,973.96,1072.25,0.9187
540,9.009,48,1308.37,433.3,1363.61,584.41,0.5268
540,9.009,74,1244.65,420.51,1304.46,574.5,0.5602
540,9.009,75,1031.86,400.76,1118.74,742.51,0.7007
540,9.009,85,826.1,336.26,980.58,1062.76,0.399
546,9.109,1,1090.09,350.81,1259.65,863.32,0.8779
546,9.109,2,1401.57,349.28,1920.0,1071.09,0.9481
546,9.109,5,505.42,173.95,966.78,1071.96,0.9378
546,9.109,48,1300.59,433.66,1357.71,581.84,0.5003
546,9.109,74,1242.16,418.92,1298.52,573.82,0.4942
546,9.109,75,1029.94,403.64,1123.73,752.31,0.7437
546,9.109,77,792.47,339.14,965.17,685.84,0.499
546,9.109,85,803.51,338.34,974.02,1071.79,0.6073
552,9.209,1,1083.67,347.04,1261.24,865.46,0.8687
552,9.209,2,1382.4,347.76,1920.0,1072.28,0.9416
552,9.209,5,472.59,174.24,947.66,1072.46,0.9403
552,9.209,48,1296.44,435.63,1354.61,585.29,0.4517
552,9.209,74,1241.76,419.73,1294.59,585.32,0.4266
552,9.209,75,1018.94,400.11,1121.23,760.25,0.7607
552,9.209,77,784.33,347.99,956.2,722.84,0.6904
552,9.209,85,791.58,346.08,961.57,1073.44,0.4196
558,9.309,1,1077.72,348.56,1262.58,876.55,0.8402
558,9.309,2,1356.95,346.86,1920.0,1071.01,0.9337
558,9.309,5,427.3,155.19,912.54,1071.08,0.9432
558,9.309,48,1292.21,434.21,1350.07,584.47,0.4209
558,9.309,74,1236.64,416.39,1291.09,582.73,0.329
558,9.309,75,1006.0,400.66,1117.13,767.14,0.753
558,9.309,77,772.5,346.76,940.62,747.1,0.4323
558,9.309,85,778.11,343.93,942.79,1068.85,0.5883
564,9.409,1,1070.84,350.07,1261.54,894.93,0.855
564,9.409,2,1322.32,347.45,1920.0,1069.27,0.9311
564,9.409,5,340.16,149.31,868.93,1071.99,0.94
564,9.409,48,1286.94,433.65,1341.76,586.33,0.5409
564,9.409,74,1231.4,415.47,1284.57,575.22,0.4147
564,9.409,75,998.76,404.56,1104.94,768.22,0.6859
564,9.409,85,759.82,341.73,928.34,988.22,0.733
570,9.51,1,1069.98,345.39,1260.55,893.72,0.8857
570,9.51,2,1308.5,346.87,1920.0,1071.02,0.9278
570,9.51,5,229.08,144.06,833.29,1072.95,0.939
570,9.51,48,1283.07,434.22,1338.34,582.49,0.5311
570,9.51,74,1229.88,415.38,1284.47,573.29,0.4605
570,9.51,75,995.87,403.59,1096.46,764.73,0.7691
570,9.51,85,740.15,314.0,916.31,1018.88,0.8241
576,9.61,1,1069.56,329.92,1258.94,891.46,0.8677
576,9.61,2,1314.97,346.05,1920.0,1074.89,0.9507
576,9.61,5,149.66,143.63,817.05,1076.45,0.9362
576,9.61,48,1280.05,437.79,1336.63,582.59,0.483
576,9.61,75,990.31,406.69,1105.41,766.89,0.8391
576,9.61,85,708.01,304.82,909.7,1027.83,0.8682
582,9.71,1,1068.9,330.13,1253.6,892.86,0.8623
582,9.71,2,1318.6,347.68,1920.0,1076.37,0.949
582,9.71,5,121.64,147.07,798.27,1075.89,0.9244
582,9.71,48,1275.32,439.61,1329.74,581.57,0.4371
582,9.71,75,984.3,406.73,1103.35,767.59,0.8887
582,9.71,85,687.98,316.39,908.62,1057.24,0.8864
588,9.81,1,1069.45,336.57,1254.02,912.23,0.8672
588,9.81,2,1312.88,346.4,1920.0,1075.69,0.9457
588,9.81,5,141.3,149.38,791.11,1073.82,0.9219
588,9.81,48,1269.07,442.18,1329.03,581.43,0.5001
588,9.81,75,980.38,407.43,1097.93,779.08,0.8318
588,9.81,85,688.65,314.64,908.34,1070.12,0.8663
594,9.91,1,1074.03,341.16,1253.46,926.99,0.8677
594,9.91,2,1309.18,346.51,1920.0,1075.38,0.95
594,9.91,5,198.61,144.64,788.47,1072.47,0.9299
594,9.91,48,1266.69,445.05,1327.1,582.18,0.5126
594,9.91,75,977.74,407.59,1094.98,784.31,0.8332
594,9.91,85,697.13,312.96,908.16,1073.16,0.8665
600,10.01,1,1078.37,341.32,1265.31,930.47,0.8671
600,10.01,2,1311.71,347.83,1920.0,1073.88,0.9588
600,10.01,5,227.09,143.57,791.67,1072.35,0.936
600,10.01,48,1269.2,446.88,1325.59,582.94,0.3534
600,10.01,75,977.83,405.1,1099.72,783.39,0.8562
600,10.01,85,702.49,313.24,910.32,1066.07,0.8831
606,10.11,1,1080.97,334.15,1276.27,924.2,0.8783
606,10.11,2,1315.7,350.5,1920.0,1073.0,0.9601
606,10.11,5,221.64,145.74,787.51,1069.97,0.9396
606,10.11,75,975.91,400.16,1100.49,780.42,0.8509
606,10.11,85,690.53,310.51,910.78,1052.94,0.8928
612,10.21,1,1081.25,332.09,1287.07,926.6,0.8923
612,10.21,2,1302.53,351.55,1920.0,1073.91,0.9464
612,10.21,5,187.31,152.96,772.08,1070.59,0.9309
612,10.21,75,971.58,400.98,1100.8,778.97,0.8277
612,10.21,85,671.79,322.54,904.86,1048.6,0.8849
618,10.31,1,1079.4,333.67,1294.33,962.75,0.8926
618,10.31,2,1282.35,350.82,1920.0,1072.7,0.9505
618,10.31,5,132.68,149.24,744.69,1071.2,0.9257
618,10.31,75,961.51,401.29,1097.82,793.26,0.7555
618,10.31,85,648.82,329.92,895.95,1055.71,0.8662
624,10.41,1,1077.22,335.52,1294.95,980.61,0.8833
624,10.41,2,1263.0,348.38,1920.0,1073.48,0.9454
624,10.41,5,65.74,146.53,705.95,1071.36,0.9455
624,10.41,75,957.23,404.23,1093.94,798.55,0.7754
624,10.41,85,628.5,326.5,879.22,1067.74,0.8785
630,10.511,1,1076.45,330.48,1289.57,974.83,0.8961
630,10.511,2,1254.47,349.12,1920.0,1072.63,0.9513
630,10.511,5,16.18,145.99,673.47,1071.15,0.9427
630,10.511,75,956.78,405.79,1091.47,797.26,0.8055
630,10.511,85,609.07,318.24,861.84,1072.16,0.8834
636,10.611,1,1074.65,323.98,1286.26,962.0,0.8924
636,10.611,2,1266.28,350.96,1919.47,1070.95,0.9468
636,10.611,5,0.0,143.3,647.33,1070.09,0.937
636,10.611,75,955.48,399.7,1090.77,791.27,0.8088
636,10.611,85,583.51,307.57,852.03,1072.92,0.8918
642,10.711,1,1075.93,312.7,1284.3,949.98,0.8901
642,10.711,2,1301.52,355.57,1919.69,1068.53,0.9427
642,10.711,5,0.0,134.16,628.58,1070.63,0.926
642,10.711,75,959.71,397.17,1094.6,785.87,0.8249
642,10.711,84,934.74,404.92,1012.28,651.28,0.36
642,10.711,85,564.5,307.18,845.19,1073.52,0.8738
648,10.811,1,1080.0,317.59,1291.48,976.17,0.88
648,10.811,2,1335.48,353.38,1920.0,1069.43,0.9455
648,10.811,5,0.0,130.44,617.95,1071.15,0.9223
648,10.811,75,969.94,399.94,1108.94,794.59,0.8218
648,10.811,84,935.26,406.17,1014.25,661.54,0.4225
648,10.811,85,551.16,310.94,841.05,1072.62,0.8774
654,10.911,1,1089.14,328.36,1311.85,1003.0,0.8624
654,10.911,2,1369.44,352.63,1920.0,1069.95,0.936
654,10.911,5,0.0,139.46,610.55,1069.84,0.9395
654,10.911,75,977.45,403.94,1113.66,802.69,0.8066
654,10.911,84,934.9,407.86,1014.96,671.75,0.552
654,10.911,85,547.08,318.08,837.92,1070.51,0.8648
660,11.011,1,1105.01,324.5,1318.72,1010.65,0.8786
660,11.011,2,1421.1,353.58,1920.0,1068.46,0.8597
660,11.011,5,0.0,137.27,615.39,1069.54,0.9303
660,11.011,75,987.96,407.45,1127.65,808.2,0.8068
660,11.011,84,935.3,407.06,1020.17,672.68,0.5818
660,11.011,85,553.39,312.27,838.3,1070.31,0.8572
666,11.111,1,1122.56,317.45,1333.46,996.78,0.874
666,11.111,2,1494.6,381.9,1920.0,1068.94,0.9136
666,11.111,5,0.0,140.56,631.87,1069.47,0.9228
666,11.111,75,998.54,397.43,1140.74,805.89,0.8178
666,11.111,84,938.13,406.18,1024.57,671.8,0.7229
666,11.111,85,559.12,302.35,841.25,1071.84,0.8663
672,11.211,1,1131.62,315.51,1360.28,985.34,0.888
672,11.211,2,1601.01,454.49,1919.97,1069.02,0.7999
672,11.211,5,0.0,135.72,623.56,1071.94,0.9303
672,11.211,75,1004.79,394.05,1151.04,807.05,0.8083
672,11.211,84,947.86,405.4,1023.27,664.92,0.6345
672,11.211,85,564.11,295.0,845.84,1073.98,0.8989
678,11.311,1,1141.55,313.5,1387.03,1018.32,0.909
678,11.311,2,1736.04,577.21,1919.97,1070.12,0.7615
678,11.311,5,0.0,158.9,586.81,1072.4,0.9335
678,11.311,75,1002.67,400.01,1158.42,820.0,0.8158
678,11.311,84,956.54,405.76,1022.92,673.87,0.5961
678,11.311,85,561.76,298.97,842.7,1076.57,0.9085
684,11.411,1,1148.44,316.19,1408.0,1038.95,0.8826
684,11.411,5,0.0,70.01,527.86,1070.01,0.9079
684,11.411,75,1000.76,407.41,1163.64,830.3,0.8362
684,11.411,84,959.85,406.37,1020.35,682.4,0.4964
684,11.411,85,550.42,305.26,827.53,1076.04,0.9004
684,11.411,95,982.64,393.08,1071.91,691.43,0.3952
690,11.511,1,1157.79,310.76,1423.16,1063.87,0.9063
690,11.511,5,0.0,284.18,475.72,1069.6,0.8144
690,11.511,75,998.03,407.67,1171.92,833.61,0.8564
690,11.511,77,670.21,337.64,827.64,898.3,0.5374
690,11.511,84,960.98,405.92,1017.84,681.6,0.4977
690,11.511,85,522.69,306.08,810.29,1075.65,0.9062
690,11.511,95,989.2,392.65,1071.21,674.95,0.3527
696,11.612,1,1163.07,307.05,1424.36,1056.49,0.8934
696,11.612,5,0.0,415.28,406.97,1069.12,0.6695
696,11.612,75,1005.58,398.1,1176.0,828.49,0.8407
696,11.612,77,663.64,331.93,826.26,841.85,0.6159
696,11.612,84,956.84,403.55,1017.68,671.54,0.6722
696,11.612,85,484.43,293.75,786.9,1074.95,0.9072
696,11.612,95,994.92,392.25,1069.51,680.22,0.3741
702,11.712,1,1166.71,290.62,1417.3,1037.43,0.9044
702,11.712,5,0.0,514.71,324.64,1070.12,0.5447
702,11.712,75,1009.47,389.53,1177.87,819.1,0.8263
702,11.712,77,651.68,324.6,809.92,899.94,0.6168
702,11.712,84,949.12,405.58,1014.84,664.47,0.6608
702,11.712,85,416.14,275.93,754.72,1075.6,0.8883
702,11.712,95,993.72,392.54,1069.53,682.49,0.3391
708,11.812,1,1166.82,284.01,1412.63,1036.29,0.9123
708,11.812,5,0.0,563.73,234.9,1072.01,0.6339
708,11.812,75,1008.95,387.38,1179.62,823.45,0.8334
708,11.812,77,623.82,323.76,804.57,940.57,0.783
708,11.812,84,940.48,400.92,1018.75,662.13,0.6962
708,11.812,85,338.48,261.96,726.7,1073.52,0.9229
708,11.812,95,995.66,388.51,1070.24,678.66,0.327
714,11.912,1,1171.78,282.58,1435.71,1063.31,0.9001
714,11.912,75,1017.01,385.03,1183.78,828.47,0.8571
714,11.912,77,607.23,322.07,805.86,953.69,0.83
714,11.912,84,935.95,397.79,1022.77,666.26,0.7289
714,11.912,85,266.23,261.38,700.33,1074.07,0.9062
714,11.912,95,999.99,384.2,1075.09,671.33,0.3329
720,12.012,1,1188.48,280.86,1441.19,1074.2,0.8859
720,12.012,75,1031.7,385.19,1191.22,840.34,0.8188
720,12.012,77,593.69,317.83,804.75,954.68,0.8381
720,12.012,84,935.06,398.0,1020.43,667.47,0.7659
720,12.012,85,214.17,268.4,689.3,1074.44,0.9176
720,12.012,95,1001.45,379.55,1089.82,693.15,0.6448
726,12.112,1,1206.09,269.66,1459.28,1078.95,0.8901
726,12.112,75,1043.96,381.9,1204.59,842.63,0.8145
726,12.112,77,586.42,312.7,805.26,944.17,0.8703
726,12.112,84,935.94,396.8,1019.91,665.95,0.7357
726,12.112,85,200.76,256.0,678.85,1071.32,0.9118
726,12.112,95,994.11,376.25,1099.36,682.12,0.6735
732,12.212,1,1221.24,250.29,1491.17,1079.11,0.9282
732,12.212,75,1052.55,378.45,1224.41,837.88,0.8721
732,12.212,77,577.62,309.82,796.91,952.01,0.8508
732,12.212,84,944.96,393.51,1025.53,664.64,0.7314
732,12.212,85,223.97,236.46,649.14,1071.16,0.8981
732,12.212,95,989.93,372.62,1101.41,672.44,0.6559
738,12.312,1,1229.03,240.54,1528.82,1078.7,0.9208
738,12.312,75,1054.57,374.21,1237.04,856.42,0.8372
738,12.312,77,551.42,300.61,786.25,973.16,0.8327
738,12.312,84,953.73,391.24,1033.02,663.18,0.733
738,12.312,85,243.65,221.77,638.71,1073.83,0.9127
738,12.312,95,992.26,373.96,1115.02,693.17,0.5913
744,12.412,1,1240.99,252.33,1571.6,1075.35,0.9081
744,12.412,75,1054.83,372.29,1251.89,865.45,0.8239
744,12.412,77,548.39,300.77,771.9,994.09,0.8304
744,12.412,84,959.63,389.28,1042.34,665.81,0.7961
744,12.412,85,239.83,212.6,629.83,1075.04,0.9151
744,12.412,95,1009.64,367.17,1131.31,722.45,0.6382
744,12.412,104,730.72,393.6,811.02,637.33,0.6718
750,12.513,1,1254.76,303.21,1616.76,1073.75,0.9182
750,12.513,75,1064.18,367.41,1272.91,871.06,0.8337
750,12.513,77,533.54,295.76,761.86,992.61,0.8579
750,12.513,84,965.04,386.43,1051.76,666.9,0.8251
750,12.513,85,222.88,204.52,609.95,1074.1,0.9189
750,12.513,95,1027.84,361.43,1142.99,729.93,0.7191
750,12.513,104,730.84,394.42,809.6,627.09,0.5393
756,12.613,1,1282.76,327.38,1654.24,1073.83,0.9208
756,12.613,75,1084.84,359.46,1296.04,865.67,0.8733
756,12.613,77,510.77,274.96,756.4,992.24,0.871
756,12.613,84,969.31,380.9,1058.49,663.99,0.8565
756,12.613,85,162.91,192.59,582.05,1073.06,0.8963
756,12.613,95,1038.16,356.89,1152.77,731.5,0.7542
756,12.613,104,732.42,390.8,811.9,630.13,0.6062
762,12.713,1,1314.82,339.1,1672.86,1072.71,0.9222
762,12.713,75,1112.58,346.36,1316.34,859.76,0.8453
762,12.713,77,480.26,258.26,737.02,991.57,0.839
762,12.713,84,972.58,373.0,1063.63,656.1,0.8185
762,12.713,85,82.24,162.0,520.02,1073.24,0.9069
762,12.713,95,1050.35,351.51,1164.14,721.36,0.8295
762,12.713,104,734.99,386.49,809.42,624.67,0.5917
768,12.813,1,1352.5,346.94,1698.81,1072.84,0.9454
768,12.813,75,1136.46,338.59,1331.5,869.56,0.8639
768,12.813,77,434.43,246.85,704.35,1015.47,0.881
768,12.813,84,974.81,366.37,1070.31,653.69,0.8272
768,12.813,85,19.03,145.87,460.5,1072.0,0.94
768,12.813,95,1065.69,343.3,1180.82,724.49,0.8076
768,12.813,104,739.95,381.27,809.0,618.18,0.4438
768,12.813,106,637.27,342.12,749.58,719.57,0.5751
774,12.913,1,1410.5,350.96,1768.76,1075.72,0.9303
774,12.913,75,1174.28,334.41,1385.88,888.71,0.8887
774,12.913,77,395.36,242.1,689.76,1055.66,0.885
774,12.913,84,989.45,361.14,1086.63,658.01,0.7944
774,12.913,85,0.0,137.12,422.45,1073.05,0.9485
774,12.913,95,1091.2,336.05,1213.28,731.27,0.8448
774,12.913,104,757.67,380.12,824.19,622.52,0.487
774,12.913,106,635.37,333.3,768.47,714.45,0.6561
780,13.013,1,1555.23,355.92,1905.45,1078.55,0.9345
780,13.013,75,1277.61,337.18,1493.93,934.61,0.8868
780,13.013,77,434.36,230.95,748.92,1074.66,0.8991
780,13.013,84,1067.03,357.32,1173.57,662.29,0.8141
780,13.013,85,10.96,133.69,452.59,1076.26,0.9322
780,13.013,95,1183.93,330.31,1312.08,749.41,0.8151
780,13.013,104,829.27,377.36,903.45,630.76,0.5659
780,13.013,106,721.75,352.39,854.99,720.7,0.3047
786,13.113,75,1424.58,345.03,1660.15,977.95,0.8897
786,13.113,77,532.3,217.2,836.56,1080.0,0.8678
786,13.113,84,1186.6,356.5,1300.93,680.22,0.8565
786,13.113,85,25.59,134.27,501.21,1080.0,0.9406
786,13.113,95,1312.68,341.58,1464.47,774.39,0.8452
786,13.113,104,936.28,384.31,1009.12,624.67,0.3891
786,13.113,106,849.4,368.95,966.59,699.61,0.4954
792,13.213,75,1537.59,346.02,1803.72,1017.38,0.92
792,13.213,77,547.92,200.62,872.45,1080.0,0.8272
792,13.213,84,1256.06,353.68,1380.4,687.74,0.7965
792,13.213,85,9.8,80.51,436.48,1079.43,0.9166
792,13.213,95,1378.98,347.22,1561.36,803.01,0.8608
792,13.213,104,994.99,380.81,1072.22,627.88,0.6218
792,13.213,106,912.72,372.85,1025.7,691.82,0.8028
792,13.213,109,824.98,345.0,949.83,736.69,0.6281
798,13.313,75,1603.64,344.69,1906.76,1062.07,0.898
798,13.313,77,522.3,191.18,838.04,1080.0,0.9014
798,13.313,84,1313.62,349.8,1444.09,698.8,0.8543
798,13.313,85,0.0,211.74,328.75,1077.03,0.9233
798,13.313,95,1432.22,345.22,1640.42,822.87,0.8691
798,13.313,104,1026.86,375.41,1112.65,635.48,0.4993
798,13.313,106,949.92,375.61,1057.89,696.25,0.7298
798,13.313,109,849.58,337.55,974.51,759.53,0.7937
804,13.413,75,1640.74,344.58,1920.0,1072.03,0.8705
804,13.413,77,485.86,195.1,836.15,1080.0,0.8984
804,13.413,84,1367.23,350.19,1502.89,715.87,0.8548
804,13.413,85,3.25,287.75,224.62,1068.32,0.8478
804,13.413,95,1489.86,345.56,1716.68,861.65,0.8892
804,13.413,104,1056.78,370.71,1154.02,631.42,0.7539
804,13.413,106,976.61,372.73,1093.26,709.11,0.8065
804,13.413,109,869.7,327.84,990.83,780.34,0.7672
810,13.514,75,1711.45,385.63,1920.0,1080.0,0.8444
810,13.514,77,450.2,191.08,831.3,1080.0,0.8949
810,13.514,84,1421.9,355.02,1575.15,743.1,0.8705
810,13.514,95,1575.04,347.99,1810.78,895.22,0.9064
810,13.514,104,1086.48,371.97,1179.0,647.97,0.701
810,13.514,106,1002.51,375.92,1119.51,721.2,0.8605
810,13.514,109,875.56,333.33,1008.03,805.96,0.8468
816,13.614,77,392.25,165.69,792.37,1080.0,0.8765
816,13.614,84,1477.15,354.41,1646.22,761.07,0.8759
816,13.614,95,1671.76,347.14,1903.07,921.42,0.902
816,13.614,104,1141.38,379.93,1224.0,657.19,0.6544
816,13.614,106,1020.21,376.37,1144.42,726.91,0.8713
816,13.614,109,897.33,333.18,1031.41,832.73,0.7803
822,13.714,77,304.37,149.96,665.13,1080.0,0.9151
822,13.714,84,1526.69,350.92,1712.09,771.23,0.8351
822,13.714,95,1773.23,345.95,1920.0,943.32,0.845
822,13.714,104,1184.06,382.01,1267.76,662.02,0.6385
822,13.714,106,1032.83,370.85,1169.41,737.39,0.8756
822,13.714,109,905.18,328.35,1051.91,846.32,0.802
822,13.714,114,1134.16,374.28,1217.35,683.06,0.5566
828,13.814,77,166.29,140.6,582.27,1074.56,0.9094
828,13.814,84,1568.6,348.07,1756.59,782.47,0.8852
828,13.814,104,1217.3,384.78,1298.73,658.55,0.8053
828,13.814,106,1044.1,367.48,1186.68,751.72,0.7979
828,13.814,109,909.27,316.87,1058.08,859.91,0.8137
828,13.814,114,1159.27,370.25,1243.08,677.29,0.6128
828,13.814,116,1793.02,407.09,1851.97,540.23,0.5651
834,13.914,77,47.9,139.81,531.83,1073.62,0.9406
834,13.914,84,1611.64,347.02,1790.47,802.29,0.8781
834,13.914,104,1239.04,378.79,1322.44,663.0,0.7209
834,13.914,106,1043.88,366.77,1192.68,763.57,0.8214
834,13.914,109,907.62,305.72,1053.34,858.53,0.8422
834,13.914,114,1168.75,359.24,1260.16,690.24,0.7381
834,13.914,116,1829.68,407.25,1878.88,541.23,0.4647
840,14.014,77,0.0,77.05,445.53,1067.47,0.8052
840,14.014,84,1650.88,344.23,1830.23,826.35,0.8853
840,14.014,104,1249.12,379.42,1333.87,666.26,0.7996
840,14.014,106,1032.61,362.13,1193.86,779.14,0.8598
840,14.014,109,879.41,295.42,1045.15,872.02,0.8542
840,14.014,114,1171.06,354.17,1268.56,700.17,0.7833
840,14.014,116,1856.01,407.69,1903.97,542.45,0.384
846,14.114,84,1680.27,347.74,1887.09,859.85,0.8766
846,14.114,104,1245.73,372.58,1341.27,673.31,0.8237
846,14.114,106,1021.17,352.88,1189.55,791.34,0.8976
846,14.114,109,818.39,292.51,1039.64,887.47,0.8584
846,14.114,114,1169.71,359.77,1262.39,716.48,0.7737
846,14.114,116,1866.62,407.05,1917.52,542.19,0.3063
852,14.214,84,1708.39,349.34,1913.23,884.96,0.9121
852,14.214,104,1244.16,371.11,1342.86,680.48,0.8323
852,14.214,106,1025.33,344.94,1182.49,799.23,0.8732
852,14.214,109,777.04,290.56,1031.63,920.14,0.8619
852,14.214,114,1166.14,360.89,1267.75,726.09,0.786
858,14.314,84,1739.5,350.25,1920.0,905.53,0.9108
858,14.314,104,1239.44,369.97,1340.69,692.25,0.796
858,14.314,106,1007.92,341.88,1175.13,816.97,0.8645
858,14.314,109,755.11,288.22,1009.94,942.33,0.8929
858,14.314,114,1155.6,355.79,1259.32,734.08,0.8187
864,14.414,84,1756.29,350.92,1920.0,928.94,0.92
864,14.414,104,1230.32,378.26,1329.26,706.41,0.8365
864,14.414,106,970.19,347.49,1156.26,835.65,0.8425
864,14.414,109,688.46,282.71,946.2,965.1,0.9163
864,14.414,114,1138.49,354.97,1248.33,737.79,0.8396
870,14.514,84,1761.14,352.75,1920.0,972.48,0.9084
870,14.514,104,1207.36,381.79,1310.5,715.79,0.8109
870,14.514,106,947.08,354.15,1126.98,862.77,0.8573
870,14.514,109,583.22,282.0,870.35,1006.01,0.9031
870,14.514,114,1112.58,362.56,1225.38,753.78,0.8212
876,14.615,84,1747.47,348.43,1914.79,996.78,0.8881
876,14.615,104,1168.69,384.59,1275.7,729.06,0.8534
876,14.615,106,907.01,356.01,1072.83,882.24,0.8578
876,14.615,109,464.02,286.77,813.94,1054.35,0.9239
876,14.615,114,1066.13,371.02,1187.88,768.44,0.8866
882,14.715,84,1729.37,344.48,1908.57,1034.17,0.8999
882,14.715,104,1123.12,388.28,1239.02,741.51,0.8624
882,14.715,106,836.51,358.21,1019.23,897.17,0.8925
882,14.715,109,349.85,296.07,758.32,1076.02,0.9393
882,14.715,114,1021.57,377.63,1148.59,786.04,0.8535
888,14.815,84,1729.23,344.55,1907.74,1066.13,0.8989
888,14.815,104,1076.58,400.45,1204.31,757.17,0.8156
888,14.815,106,750.81,364.58,967.12,942.45,0.9069
888,14.815,109,246.62,299.64,690.01,1080.0,0.9285
888,14.815,114,975.34,383.84,1106.25,803.72,0.8397
894,14.915,84,1733.9,334.7,1908.26,1080.0,0.888
894,14.915,104,1033.07,413.38,1159.51,780.29,0.8741
894,14.915,106,655.2,370.01,908.81,981.57,0.9079
894,14.915,109,159.73,288.99,567.18,1080.0,0.9209
894,14.915,114,915.4,386.1,1051.23,823.36,0.8297
900,15.015,84,1728.99,329.09,1910.05,1080.0,0.8909
900,15.015,104,976.63,412.32,1105.4,794.37,0.8797
900,15.015,106,555.89,374.93,843.63,1035.47,0.915
900,15.015,109,44.29,266.06,394.55,1080.0,0.9288
900,15.015,114,847.45,389.44,1002.03,848.38,0.8618
906,15.115,84,1708.41,343.28,1910.85,1080.0,0.9229
906,15.115,104,919.06,410.85,1042.41,804.04,0.8233
906,15.115,106,460.96,368.86,761.11,1068.78,0.936
906,15.115,109,0.0,262.89,233.53,1080.0,0.9241
906,15.115,114,763.79,391.1,944.52,874.44,0.8806
912,15.215,84,1678.6,353.22,1903.26,1080.0,0.8945
912,15.215,104,864.79,410.33,984.06,810.32,0.8385
912,15.215,106,398.27,359.52,670.21,1076.98,0.9149
912,15.215,114,693.06,393.38,889.52,897.19,0.8507
918,15.315,84,1694.38,380.79,1905.39,1080.0,0.8717
918,15.315,104,799.15,419.34,935.39,830.18,0.8313
918,15.315,106,315.46,356.13,576.13,1080.0,0.9067
918,15.315,114,630.61,395.37,845.46,929.69,0.8568
924,15.415,95,1812.43,430.59,1919.72,952.64,0.7831
924,15.415,104,746.0,428.38,894.0,866.34,0.8492
924,15.415,106,197.88,359.55,497.15,1080.0,0.9299
924,15.415,114,578.58,395.03,784.81,958.59,0.8848
930,15.515,95,1806.93,489.22,1915.67,906.06,0.8578
930,15.515,104,703.07,434.97,859.68,892.11,0.8523
930,15.515,106,85.78,362.59,424.37,1080.0,0.9289
930,15.515,114,519.69,397.4,721.87,998.9,0.8599
936,15.616,104,653.25,428.86,808.35,907.14,0.8683
936,15.616,106,10.73,355.11,270.74,1080.0,0.9064
936,15.616,114,416.06,398.09,665.79,1036.76,0.882
942,15.716,104,589.74,422.95,735.54,923.94,0.89
942,15.716,114,353.02,390.75,620.93,1067.97,0.8958
948,15.816,104,510.42,421.93,681.77,950.77,0.8686
948,15.816,114,286.99,377.98,581.39,1079.78,0.8843
954,15.916,104,420.5,422.43,635.28,1004.12,0.8887
954,15.916,114,184.74,355.09,466.29,1080.0,0.8709
960,16.016,104,334.42,420.95,588.63,1051.93,0.9024
960,16.016,114,48.87,337.82,351.04,1080.0,0.931
4962,82.783,138,1361.48,530.37,1601.98,1022.19,0.7822
4962,82.783,140,1545.99,557.66,1647.32,801.53,0.598
4962,82.783,144,691.4,578.75,727.01,678.61,0.4298
4968,82.883,138,1313.61,539.34,1517.19,1012.83,0.8311
4968,82.883,140,1483.07,567.03,1569.31,799.64,0.6732
4968,82.883,144,618.06,578.35,652.13,682.82,0.6354
4968,82.883,147,1286.26,569.74,1351.83,772.42,0.4631
4968,82.883,150,692.65,594.61,723.99,672.7,0.4219
4974,82.983,138,1270.35,544.38,1443.26,994.5,0.7644
4974,82.983,140,1441.66,575.3,1501.32,796.51,0.4909
4974,82.983,144,545.5,579.32,582.7,689.48,0.6928
4974,82.983,147,1225.17,590.22,1283.08,777.13,0.5101
4974,82.983,150,625.9,592.05,656.0,684.05,0.3959
4974,82.983,152,740.22,610.49,781.4,685.59,0.5409
4980,83.083,138,1222.42,541.22,1373.67,971.29,0.7991
4980,83.083,140,1356.58,563.72,1437.06,796.56,0.5738
4980,83.083,144,474.43,579.41,512.69,693.07,0.7097
4980,83.083,147,1166.84,582.81,1227.21,780.05,0.7719
4980,83.083,150,556.38,592.04,595.93,690.64,0.4409
4980,83.083,152,675.25,613.04,720.25,687.12,0.5515
4986,83.183,138,1176.5,543.31,1316.61,963.87,0.8138
4986,83.183,140,1304.73,562.43,1380.92,792.21,0.5642
4986,83.183,144,408.46,580.45,449.38,692.99,0.3633
4986,83.183,147,1114.64,572.9,1177.98,783.78,0.756
4986,83.183,150,495.46,593.61,535.72,692.55,0.3819
4986,83.183,152,620.27,612.94,663.7,687.94,0.5499
4992,83.283,138,1138.77,550.54,1276.61,961.44,0.722
4992,83.283,140,1268.94,560.37,1335.49,789.95,0.5716
4992,83.283,144,345.91,579.84,387.72,696.38,0.5613
4992,83.283,147,1072.28,571.9,1133.24,782.06,0.7407
4992,83.283,150,430.78,588.98,476.45,694.11,0.342
4992,83.283,152,569.18,614.01,612.77,688.93,0.5969
4998,83.383,116,1087.61,560.47,1145.91,790.69,0.4767
4998,83.383,138,1111.76,549.13,1239.22,957.78,0.7613
4998,83.383,140,1227.49,571.4,1296.19,782.91,0.6429
4998,83.383,144,289.56,578.96,335.22,698.64,0.5316
4998,83.383,147,1034.81,568.86,1097.86,777.08,0.648
4998,83.383,150,379.03,586.28,423.85,695.77,0.4634
4998,83.383,152,522.03,615.04,566.32,689.23,0.6073
5004,83.483,138,1081.6,545.41,1214.67,940.87,0.7662
5004,83.483,140,1190.46,558.64,1267.67,786.91,0.5482
5004,83.483,144,234.33,577.76,283.35,701.79,0.3744
5004,83.483,147,1001.42,563.97,1071.36,776.67,0.6566
5004,83.483,150,331.32,586.54,373.07,696.44,0.3851
5004,83.483,152,476.51,615.57,521.87,692.17,0.5989
5010,83.584,116,1033.29,561.11,1096.4,792.42,0.4621
5010,83.584,138,1055.12,542.73,1191.01,926.94,0.7386
5010,83.584,140,1161.3,555.06,1239.97,789.22,0.6024
5010,83.584,144,182.92,580.37,237.23,706.7,0.4288
5010,83.584,147,974.11,562.28,1041.09,780.62,0.74
5010,83.584,150,283.47,583.83,329.16,700.53,0.3202
5010,83.584,152,436.52,615.4,482.81,694.58,0.5176
5016,83.684,116,1015.36,569.14,1076.67,802.18,0.4708
5016,83.684,138,1042.49,542.81,1172.45,928.98,0.7863
5016,83.684,140,1144.32,563.36,1223.43,794.82,0.6529
5016,83.684,144,140.11,579.04,196.9,711.62,0.5534
5016,83.684,147,961.52,563.25,1021.84,784.57,0.6695
5016,83.684,150,248.15,590.18,294.04,703.74,0.3934
5016,83.684,152,402.02,616.89,451.51,697.15,0.558
5022,83.784,116,998.05,566.73,1060.06,805.97,0.6819
5022,83.784,138,1028.42,543.89,1171.19,934.67,0.8261
5022,83.784,140,1138.0,559.48,1216.26,798.22,0.649
5022,83.784,144,107.56,576.84,166.09,714.99,0.623
5022,83.784,147,950.44,563.34,1006.09,786.29,0.6407
5022,83.784,152,377.4,620.11,427.82,698.99,0.5355
5028,83.884,116,988.2,570.42,1051.84,798.42,0.7107
5028,83.884,138,1028.96,546.33,1169.07,936.1,0.8289
5028,83.884,140,1136.85,569.56,1211.07,798.91,0.6639
5028,83.884,144,82.22,574.87,142.79,715.62,0.668
5028,83.884,147,943.13,561.98,997.02,787.31,0.6572
5028,83.884,150,205.2,599.25,244.78,707.43,0.304
5028,83.884,152,356.53,620.83,410.16,700.38,0.5033
5034,83.984,116,978.99,566.88,1046.74,809.51,0.6574
5034,83.984,138,1038.6,547.65,1172.19,927.16,0.8174
5034,83.984,140,1140.44,571.97,1209.71,800.12,0.5695
5034,83.984,144,56.86,574.34,119.28,717.82,0.6622
5034,83.984,147,939.29,561.62,991.5,789.66,0.5952
5034,83.984,150,185.18,596.1,227.91,708.56,0.4569
5034,83.984,152,339.89,619.01,391.74,701.66,0.5955
5040,84.084,116,971.47,564.77,1039.23,812.75,0.6127
5040,84.084,138,1044.41,545.88,1175.48,915.96,0.8238
5040,84.084,140,1139.4,567.53,1206.44,801.67,0.5855
5040,84.084,144,27.67,576.76,92.09,722.44,0.5915
5040,84.084,147,930.24,561.89,983.08,797.18,0.6311
5040,84.084,150,154.41,596.67,200.26,712.7,0.3036
5040,84.084,152,317.9,622.06,371.97,706.15,0.5373
5046,84.184,116,962.13,566.81,1027.61,817.5,0.6695
5046,84.184,138,1037.58,546.45,1175.74,915.68,0.8182
5046,84.184,140,1133.11,562.85,1196.25,802.19,0.42
5046,84.184,144,0.0,577.97,61.91,723.94,0.6429
5046,84.184,147,919.9,564.61,972.54,802.16,0.7184
5046,84.184,150,117.67,591.67,169.2,713.7,0.4293
5046,84.184,152,294.02,622.66,348.69,708.31,0.6033
5046,84.184,161,1008.47,570.59,1068.7,780.68,0.5798
5052,84.284,116,949.84,570.01,1014.31,823.37,0.681
5052,84.284,138,1043.22,549.27,1171.66,917.97,0.7954
5052,84.284,140,1132.82,567.9,1190.8,796.46,0.4785
5052,84.284,144,0.0,580.33,36.63,724.4,0.6133
5052,84.284,147,914.42,565.83,967.95,812.12,0.6395
5052,84.284,150,92.42,589.93,144.93,716.43,0.6437
5052,84.284,152,269.44,625.58,329.1,710.83,0.5336
5052,84.284,161,1001.67,569.64,1068.27,791.29,0.5922
5058,84.384,116,936.73,571.32,1006.33,826.28,0.6868
5058,84.384,138,1043.86,553.18,1166.16,919.37,0.8129
5058,84.384,140,1122.47,564.75,1185.16,809.92,0.4681
5058,84.384,147,909.04,566.3,959.84,813.53,0.5131
5058,84.384,150,67.41,589.03,120.58,718.22,0.5378
5058,84.384,152,249.21,628.06,310.36,711.49,0.635
5058,84.384,161,996.83,572.19,1059.23,792.19,0.6627
5064,84.484,116,914.08,569.2,1004.13,828.2,0.7118
5064,84.484,138,1026.12,554.16,1158.61,912.59,0.7773
5064,84.484,140,1115.18,560.58,1183.32,810.74,0.5592
5064,84.484,147,904.05,565.27,960.44,812.89,0.3464
5064,84.484,150,37.45,587.56,97.44,723.12,0.4654
5064,84.484,152,231.99,629.19,293.32,713.56,0.5269
5064,84.484,161,993.58,573.15,1056.98,793.79,0.5868
5070,84.585,116,904.99,569.48,1001.01,831.32,0.6909
5070,84.585,138,1020.98,550.14,1150.04,903.33,0.7551
5070,84.585,140,1114.96,562.41,1179.79,817.2,0.658
5070,84.585,147,898.27,566.75,944.53,814.51,0.3051
5070,84.585,150,5.96,588.73,71.8,725.36,0.465
5070,84.585,161,989.62,573.32,1053.76,798.73,0.6357
5076,84.685,116,899.05,568.72,998.14,838.88,0.7323
5076,84.685,138,1013.98,548.98,1148.26,901.48,0.737
5076,84.685,140,1115.03,569.48,1178.36,823.45,0.461
5076,84.685,150,0.0,593.22,49.57,730.07,0.4931
5076,84.685,152,190.92,634.45,256.18,720.64,0.6164
5076,84.685,161,987.25,574.02,1051.43,803.58,0.6131
5082,84.785,116,896.81,566.38,999.03,844.93,0.7037
5082,84.785,138,1006.29,553.02,1148.19,905.95,0.5796
5082,84.785,140,1112.24,571.37,1178.39,830.05,0.3863
5082,84.785,150,0.0,599.82,29.64,735.41,0.5645
5082,84.785,152,171.65,637.5,237.26,724.48,0.4047
5082,84.785,161,981.86,575.62,1051.05,809.18,0.5696
5088,84.885,116,899.73,563.23,999.31,848.36,0.7797
5088,84.885,138,1028.79,562.58,1147.0,911.05,0.6082
5088,84.885,140,1110.44,569.28,1180.03,830.83,0.5124
5088,84.885,161,982.22,576.33,1053.69,812.56,0.6831
5094,84.985,116,904.93,562.64,1006.72,851.8,0.7898
5094,84.985,138,1042.22,564.87,1154.71,909.59,0.7245
5094,84.985,140,1111.71,570.26,1185.63,832.05,0.5317
5094,84.985,152,149.69,639.07,215.09,728.65,0.5314
5094,84.985,161,989.67,580.01,1060.31,815.62,0.7076
5100,85.085,116,911.23,560.52,1010.49,853.58,0.7993
5100,85.085,138,1055.74,562.89,1173.06,897.5,0.7203
5100,85.085,140,1123.12,570.76,1193.85,834.59,0.4392
5100,85.085,152,141.81,639.41,207.9,730.55,0.5405
5100,85.085,161,994.82,579.01,1065.84,816.23,0.6964
5106,85.185,116,916.6,561.89,1016.03,855.7,0.7424
5106,85.185,138,1057.12,561.9,1173.05,890.77,0.7519
5106,85.185,140,1130.58,571.39,1201.46,840.28,0.4163
5106,85.185,161,999.05,576.7,1071.31,818.79,0.6133
5112,85.285,116,919.66,563.45,1015.22,861.79,0.7701
5112,85.285,138,1053.46,563.33,1166.95,892.7,0.7476
5112,85.285,140,1129.6,570.83,1197.99,848.09,0.5887
5112,85.285,152,113.66,639.61,186.32,732.99,0.5247
5112,85.285,161,997.33,579.55,1075.77,823.72,0.7569
5118,85.385,116,923.23,561.93,1017.07,868.83,0.8016
5118,85.385,138,1052.2,564.84,1161.71,895.47,0.7795
5118,85.385,140,1127.94,566.75,1198.33,850.86,0.6472
5118,85.385,161,999.38,582.73,1079.17,828.11,0.7918
5124,85.485,116,927.04,560.94,1020.43,870.71,0.7781
5124,85.485,138,1052.25,567.56,1164.45,897.79,0.6453
5124,85.485,140,1120.81,568.69,1196.52,854.3,0.5838
5124,85.485,152,79.17,641.17,163.94,737.3,0.4155
5124,85.485,161,1007.59,582.03,1079.72,831.24,0.5845
5130,85.585,116,927.2,559.88,1023.1,870.7,0.7854
5130,85.585,138,1035.13,563.82,1149.27,891.81,0.6552
5130,85.585,140,1117.56,568.14,1196.86,861.13,0.6963
5130,85.585,161,1014.87,574.98,1077.08,830.87,0.5196
5136,85.686,116,926.59,560.19,1027.42,875.87,0.8004
5136,85.686,138,1025.25,565.56,1141.17,890.43,0.6877
5136,85.686,140,1117.4,565.58,1198.33,869.31,0.7271
5136,85.686,161,1001.01,573.67,1064.01,846.68,0.488
5142,85.786,116,922.97,561.01,1028.65,881.81,0.7762
5142,85.786,138,1033.71,565.97,1140.55,894.91,0.6517
5142,85.786,140,1115.3,569.77,1201.24,877.97,0.7068
5142,85.786,152,34.49,643.03,113.82,742.89,0.3301
5142,85.786,161,993.08,572.94,1075.64,864.72,0.3171
5148,85.886,116,925.99,561.27,1033.38,889.96,0.7381
5148,85.886,138,1039.97,567.75,1145.94,897.88,0.7364
5148,85.886,140,1120.7,572.46,1206.37,885.04,0.7208
5148,85.886,152,7.11,643.56,98.09,744.77,0.3535
5148,85.886,161,987.29,574.91,1068.99,860.5,0.3548
5154,85.986,116,928.24,561.91,1044.62,896.83,0.7784
5154,85.986,138,1025.73,566.15,1151.46,900.71,0.685
5154,85.986,140,1123.22,575.32,1214.43,890.52,0.6963
5154,85.986,152,1.66,645.81,83.37,748.42,0.4249
5154,85.986,161,987.67,573.58,1064.57,865.01,0.4259
5160,86.086,116,932.16,562.14,1054.98,900.7,0.8312
5160,86.086,138,1038.02,566.01,1157.74,899.83,0.6441
5160,86.086,140,1125.71,576.63,1220.28,893.8,0.6631
5166,86.186,116,935.18,561.01,1059.33,904.15,0.7921
5166,86.186,138,1053.32,569.37,1165.07,907.63,0.597
5166,86.186,140,1131.61,578.2,1228.82,897.77,0.7115
5172,86.286,116,934.46,561.4,1059.5,906.8,0.7782
5172,86.286,138,1063.92,575.7,1194.68,913.89,0.4319
5172,86.286,140,1138.54,586.7,1235.92,902.27,0.6044
5172,86.286,152,0.0,653.0,45.94,757.52,0.4444
5178,86.386,116,938.89,565.45,1063.37,910.11,0.8143
5178,86.386,138,1072.43,582.1,1189.07,915.25,0.5073
5178,86.386,140,1148.78,598.39,1238.36,901.92,0.6095
5178,86.386,152,0.0,657.63,22.52,758.27,0.5096
5184,86.486,116,943.7,567.63,1074.29,913.94,0.812
5184,86.486,138,1072.44,583.62,1181.74,918.38,0.6276
5184,86.486,140,1152.55,612.79,1238.52,904.31,0.6947
5190,86.587,116,940.23,570.7,1076.95,913.61,0.7781
5190,86.587,138,1069.3,583.86,1175.14,919.11,0.6611
5190,86.587,140,1146.84,617.92,1236.08,911.87,0.7153
5196,86.687,116,937.94,568.59,1069.63,912.77,0.767
5196,86.687,138,1060.73,585.02,1172.35,919.5,0.5533
5196,86.687,140,1144.4,615.74,1234.61,915.24,0.7088
5196,86.687,161,971.79,567.09,1075.69,906.93,0.5068
5202,86.787,116,938.63,568.4,1066.01,914.27,0.7771
5202,86.787,138,1039.39,581.63,1167.41,918.53,0.572
5202,86.787,140,1136.66,619.82,1235.78,919.09,0.7151
5202,86.787,161,973.97,567.31,1072.71,906.75,0.3031
5208,86.887,116,944.23,567.38,1066.85,920.04,0.859
5208,86.887,138,1037.09,581.01,1184.95,917.81,0.6719
5208,86.887,140,1133.14,623.33,1236.35,924.1,0.6901
5214,86.987,116,947.69,570.56,1068.66,928.45,0.8044
5214,86.987,138,1036.28,585.12,1167.31,922.7,0.7259
5214,86.987,140,1132.71,620.17,1236.97,929.56,0.6589
5220,87.087,116,949.97,570.0,1069.32,929.75,0.8179
5220,87.087,138,1039.02,586.54,1166.9,924.55,0.6956
5220,87.087,140,1133.56,619.03,1238.41,929.55,0.6302
5226,87.187,116,953.61,573.34,1070.05,930.41,0.8406
5226,87.187,138,1040.46,587.42,1163.59,929.35,0.7868
5226,87.187,140,1135.02,620.23,1241.84,930.78,0.6974
5232,87.287,116,956.79,572.61,1075.46,932.85,0.8094
5232,87.287,138,1041.27,589.14,1160.02,935.66,0.6765
5232,87.287,140,1134.11,620.12,1244.19,934.4,0.7142
5238,87.387,116,959.04,570.04,1079.18,933.94,0.8033
5238,87.387,138,1043.04,589.44,1161.74,945.53,0.731
5238,87.387,140,1139.9,621.95,1246.68,934.42,0.6568
5244,87.487,116,957.48,570.3,1087.29,936.14,0.7571
5244,87.487,138,1043.41,588.6,1166.98,949.73,0.6209
5244,87.487,140,1144.7,622.92,1247.31,937.16,0.7235
5250,87.588,116,952.06,575.0,1077.85,937.87,0.7942
5250,87.588,138,1040.6,595.03,1164.61,950.34,0.7393
5250,87.588,140,1142.11,621.72,1245.27,943.22,0.7164
5256,87.688,116,946.91,578.05,1071.77,941.7,0.7961
5256,87.688,138,1039.09,595.4,1160.9,952.35,0.7058
5256,87.688,140,1140.34,624.34,1241.3,943.95,0.6313
5262,87.788,116,944.09,579.71,1066.29,942.24,0.7899
5262,87.788,138,1039.17,598.2,1159.77,951.16,0.7168
5262,87.788,140,1128.12,623.34,1229.56,945.99,0.5064
5268,87.888,116,939.07,579.96,1061.61,943.76,0.8298
5268,87.888,138,1034.91,599.24,1158.69,953.93,0.7215
5268,87.888,140,1128.6,626.95,1227.93,946.31,0.5426
5274,87.988,116,933.62,581.05,1054.58,939.64,0.8417
5274,87.988,138,1031.9,600.76,1153.19,950.52,0.5975
5274,87.988,140,1115.79,622.29,1223.05,943.45,0.4802
5280,88.088,116,927.73,583.68,1046.16,941.62,0.7313
5280,88.088,138,1031.86,602.34,1148.5,946.04,0.5025
5280,88.088,140,1108.13,617.62,1214.57,945.02,0.5108
5286,88.188,116,921.2,588.6,1033.37,941.48,0.6754
5286,88.188,138,1022.45,604.11,1135.09,943.73,0.5498
5286,88.188,140,1099.44,612.82,1204.86,945.73,0.587
5292,88.288,116,918.67,591.96,1037.23,944.49,0.7409
5292,88.288,138,1020.04,605.45,1132.98,949.24,0.55
5292,88.288,140,1097.14,609.84,1201.78,948.07,0.6896
5298,88.388,116,917.73,591.03,1044.37,942.86,0.6323
5298,88.388,138,1019.28,604.04,1131.33,944.03,0.5237
5298,88.388,140,1096.29,610.6,1198.5,945.35,0.6493
5304,88.488,116,920.5,593.27,1046.17,939.65,0.5553
5304,88.488,138,1024.56,604.99,1132.83,936.38,0.5966
5304,88.488,140,1099.11,612.53,1200.14,943.77,0.7175
5310,88.588,116,922.78,595.85,1048.83,936.03,0.7303
5310,88.588,138,1029.5,611.45,1136.3,930.46,0.6797
5310,88.588,140,1102.29,623.21,1200.92,936.75,0.6711
5316,88.689,116,927.69,597.78,1056.76,931.15,0.6685
5316,88.689,138,1030.12,613.89,1146.93,927.45,0.4917
5316,88.689,140,1113.68,624.83,1203.45,928.09,0.4549
5322,88.789,116,936.66,598.41,1065.12,926.65,0.681
5322,88.789,138,1039.51,616.32,1149.35,924.41,0.5824
5322,88.789,140,1115.05,626.57,1206.92,925.92,0.533
5328,88.889,116,938.66,598.35,1072.69,925.55,0.6124
5328,88.889,138,1046.81,620.06,1156.03,928.36,0.5985
5328,88.889,140,1114.67,622.67,1211.94,932.19,0.7057
5334,88.989,116,945.18,600.11,1090.51,921.53,0.4492
5334,88.989,138,1045.8,616.27,1154.46,929.7,0.5855
5334,88.989,140,1116.82,622.79,1216.15,933.05,0.6705
5340,89.089,116,958.27,593.55,1086.33,917.72,0.5449
5340,89.089,138,1055.0,614.46,1157.1,919.35,0.6971
5340,89.089,140,1117.22,627.29,1221.36,930.85,0.6988
5346,89.189,116,967.9,592.09,1083.53,911.17,0.5606
5346,89.189,138,1058.75,611.71,1160.51,911.19,0.6785
5346,89.189,140,1126.97,631.17,1225.68,925.93,0.7149
5352,89.289,116,961.5,589.52,1084.72,912.26,0.6132
5352,89.289,138,1059.73,613.95,1161.96,907.3,0.6823
5352,89.289,140,1129.52,633.37,1229.22,923.46,0.7433
5358,89.389,116,961.12,588.1,1088.0,908.59,0.6361
5358,89.389,138,1064.88,608.79,1162.17,902.52,0.5933
5358,89.389,140,1141.01,635.46,1232.99,919.58,0.7212
5364,89.489,116,962.17,588.04,1094.72,904.53,0.5158
5364,89.489,138,1066.77,607.83,1163.52,907.01,0.5666
5364,89.489,140,1145.07,637.97,1235.23,918.51,0.6878
5370,89.59,116,969.01,588.47,1098.53,903.63,0.5362
5370,89.59,138,1068.83,603.45,1164.89,902.66,0.5482
5370,89.59,140,1147.42,645.28,1235.5,915.64,0.6036
5376,89.69,116,972.53,585.75,1106.51,900.83,0.5647
5376,89.69,138,1070.28,606.64,1171.74,892.96,0.5364
5376,89.69,140,1139.9,646.68,1232.67,909.29,0.5246
5382,89.79,116,971.25,585.56,1114.92,898.89,0.5551
5382,89.79,138,1070.32,604.11,1172.49,893.24,0.5677
5382,89.79,140,1130.99,643.32,1230.48,907.43,0.6117
5388,89.89,116,961.46,587.45,1113.16,898.64,0.6093
5388,89.89,138,1070.67,605.59,1171.92,891.85,0.536
5388,89.89,140,1128.23,646.03,1228.81,904.31,0.5515
5394,89.99,116,958.79,590.02,1104.43,897.78,0.6416
5394,89.99,138,1068.74,617.38,1205.07,894.71,0.4654
5400,90.09,116,960.14,588.74,1101.89,892.09,0.5884
5400,90.09,138,1068.88,608.16,1182.64,888.73,0.5269
5646,94.194,196,1396.92,388.93,1456.39,630.13,0.8058
5646,94.194,198,806.36,383.4,884.81,631.1,0.7753
5646,94.194,199,866.84,251.5,919.42,395.06,0.8077
5646,94.194,201,20.15,265.14,72.72,416.64,0.6446
5646,94.194,204,1136.01,224.61,1181.91,361.47,0.5404
5646,94.194,206,1216.16,205.2,1276.05,362.67,0.3369
5652,94.294,196,1397.46,389.12,1457.04,629.8,0.813
5652,94.294,198,788.5,383.6,880.61,632.17,0.7825
5652,94.294,199,866.82,251.22,919.54,395.32,0.8216
5652,94.294,201,21.33,265.16,76.0,416.77,0.6451
5652,94.294,204,1139.23,224.12,1183.05,359.3,0.4787
5652,94.294,206,1222.58,207.03,1273.93,363.09,0.333
5658,94.394,196,1397.88,389.28,1457.63,629.32,0.8146
5658,94.394,198,778.19,383.62,866.98,627.06,0.7817
5658,94.394,199,866.78,251.5,919.43,395.71,0.8082
5658,94.394,201,27.12,267.31,74.34,415.78,0.6119
5658,94.394,204,1140.44,226.52,1186.87,359.71,0.6134
5658,94.394,206,1222.43,207.39,1273.19,362.89,0.3396
5664,94.494,196,1397.76,389.25,1458.13,629.34,0.8141
5664,94.494,198,773.63,385.12,863.65,626.36,0.7902
5664,94.494,199,866.67,251.73,919.41,395.78,0.8077
5664,94.494,201,31.05,269.46,80.29,416.26,0.66
5664,94.494,204,1139.9,226.89,1189.76,361.93,0.6366
5664,94.494,206,1221.62,207.38,1272.39,362.11,0.4364
5670,94.594,196,1397.4,389.42,1458.63,629.34,0.8083
5670,94.594,198,768.23,383.76,859.93,624.03,0.8103
5670,94.594,199,866.89,251.76,919.46,395.91,0.8051
5670,94.594,201,32.69,270.95,84.68,417.0,0.7096
5670,94.594,204,1140.81,227.23,1190.72,362.43,0.562
5670,94.594,206,1224.24,218.38,1278.27,363.06,0.3953
5676,94.695,196,1397.08,389.57,1458.73,629.62,0.8066
5676,94.695,198,761.95,383.15,850.66,621.58,0.7947
5676,94.695,199,867.08,251.68,919.52,395.66,0.8056
5676,94.695,201,32.58,269.88,86.72,415.32,0.6448
5676,94.695,204,1140.91,225.37,1192.25,362.38,0.5693
5676,94.695,206,1225.76,208.84,1276.38,362.66,0.3644
5682,94.795,196,1397.4,389.56,1459.16,629.79,0.8088
5682,94.795,198,753.7,379.51,835.72,620.23,0.788
5682,94.795,199,867.01,251.56,919.47,395.14,0.8075
5682,94.795,201,32.07,270.57,90.46,415.9,0.6921
5682,94.795,204,1140.61,224.84,1193.59,362.36,0.6047
5682,94.795,206,1225.82,206.64,1276.33,361.97,0.3038
5688,94.895,196,1397.41,389.74,1459.5,629.75,0.8102
5688,94.895,198,748.75,377.69,827.77,618.52,0.7588
5688,94.895,199,866.91,251.5,919.52,395.05,0.8018
5688,94.895,201,33.15,271.38,92.36,416.46,0.7228
5688,94.895,204,1140.59,224.22,1193.66,362.32,0.6402
5688,94.895,206,1223.42,204.45,1275.7,361.38,0.3414
5694,94.995,196,1497.69,335.05,1545.95,505.83,0.7442
5694,94.995,198,943.58,291.05,1012.28,494.92,0.7784
5694,94.995,199,1051.36,188.27,1094.53,307.65,0.7485
5694,94.995,201,350.86,201.47,398.57,326.47,0.6287
5694,94.995,204,1283.16,158.63,1325.39,279.62,0.4225
5700,95.095,196,1498.31,347.22,1545.46,505.26,0.7409
5700,95.095,198,941.21,289.3,1011.31,495.64,0.7845
5700,95.095,199,1052.29,189.05,1095.17,308.0,0.7551
5700,95.095,201,354.09,201.84,402.75,327.83,0.5542
5700,95.095,204,1283.97,157.65,1325.96,279.48,0.4576
5700,95.095,206,1349.85,149.97,1394.03,281.09,0.3267
5700,95.095,208,104.71,595.67,489.77,1077.44,0.8659
5700,95.095,209,1698.56,351.3,1744.12,408.83,0.535
5706,95.195,196,1498.51,351.07,1545.1,505.31,0.7418
5706,95.195,198,940.5,288.67,1014.49,495.27,0.789
5706,95.195,199,1052.61,189.3,1095.34,308.12,0.7585
5706,95.195,201,354.06,202.54,403.77,327.15,0.5093
5706,95.195,204,1284.21,155.76,1326.56,279.74,0.4989
5706,95.195,206,1349.6,150.74,1394.63,281.72,0.3835
5706,95.195,208,104.94,595.64,489.71,1077.45,0.8683
5706,95.195,209,1698.57,351.22,1742.95,408.69,0.5317
5712,95.295,196,1498.55,351.98,1545.02,505.45,0.7398
5712,95.295,198,940.59,288.24,1020.45,493.92,0.7742
5712,95.295,199,1052.68,189.36,1095.32,308.12,0.7594
5712,95.295,201,356.43,201.69,403.46,326.42,0.4741
5712,95.295,204,1284.51,155.95,1326.96,279.7,0.5107
5712,95.295,206,1349.25,151.57,1394.97,281.77,0.4492
5712,95.295,208,104.92,595.69,489.72,1077.49,0.8669
5712,95.295,209,1698.72,351.21,1742.44,408.58,0.5273
5718,95.395,196,1498.7,351.87,1545.04,505.47,0.7342
5718,95.395,198,941.54,288.57,1022.36,492.88,0.7733
5718,95.395,199,1052.72,189.3,1095.2,308.1,0.7534
5718,95.395,201,359.07,201.99,402.11,326.88,0.4221
5718,95.395,204,1284.76,155.83,1327.17,279.68,0.499
5718,95.395,206,1348.22,152.5,1395.25,283.2,0.4737
5718,95.395,208,105.15,595.74,489.8,1077.49,0.8646
5718,95.395,209,1698.79,351.13,1741.66,408.65,0.5372
5724,95.495,196,1498.78,351.33,1545.07,505.6,0.7232
5724,95.495,198,942.88,288.9,1022.48,492.71,0.7759
5724,95.495,199,1052.78,189.25,1095.22,308.09,0.7563
5724,95.495,201,360.38,201.34,401.53,326.24,0.3473
5724,95.495,204,1284.8,154.76,1327.05,279.94,0.5
5724,95.495,206,1347.72,151.95,1395.66,283.51,0.4395
5724,95.495,208,104.72,595.82,489.86,1077.65,0.865
5724,95.495,209,1698.67,351.2,1742.75,408.86,0.5302
5730,95.596,196,1498.76,350.51,1546.47,506.31,0.7339
5730,95.596,198,944.07,288.72,1022.66,493.43,0.7876
5730,95.596,199,1052.9,189.1,1095.15,308.08,0.7596
5730,95.596,201,362.32,200.08,404.33,325.6,0.4602
5730,95.596,204,1284.67,154.9,1326.77,279.72,0.5138
5730,95.596,206,1346.79,151.81,1395.0,283.1,0.4999
5730,95.596,208,104.55,595.78,489.87,1077.66,0.8651
5730,95.596,209,1698.67,351.2,1742.86,408.89,0.521
5736,95.696,196,1498.6,349.99,1547.47,506.6,0.7173
5736,95.696,198,945.43,289.15,1028.59,494.11,0.7885
5736,95.696,199,1052.89,189.06,1095.25,308.18,0.7595
5736,95.696,201,363.55,199.48,406.33,325.1,0.4888
5736,95.696,204,1284.34,154.29,1325.74,279.91,0.5465
5736,95.696,206,1345.42,151.5,1394.46,282.61,0.4888
5736,95.696,208,104.39,595.8,489.83,1077.66,0.8631
5736,95.696,209,1698.74,351.21,1743.26,408.88,0.5016
5742,95.796,196,1498.34,349.4,1549.83,507.11,0.7055
5742,95.796,198,947.76,290.25,1033.24,495.02,0.7841
5742,95.796,199,1052.94,189.06,1095.37,308.11,0.7612
5742,95.796,201,363.86,199.43,405.76,324.24,0.5054
5742,95.796,204,1284.35,154.52,1325.46,279.78,0.5277
5742,95.796,206,1345.59,151.64,1393.96,281.91,0.4748
5742,95.796,208,104.33,595.82,489.84,1077.65,0.8635
5742,95.796,209,1697.95,350.97,1741.38,408.95,0.4508
5748,95.896,196,1498.73,350.23,1551.94,507.6,0.7402
5748,95.896,198,951.85,290.43,1037.28,495.76,0.7871
5748,95.896,199,1053.01,188.11,1095.53,307.87,0.7715
5748,95.896,201,364.87,199.97,405.58,322.13,0.4565
5748,95.896,204,1283.97,154.85,1325.41,280.24,0.5753
5748,95.896,206,1346.46,152.11,1393.96,281.85,0.4681
5748,95.896,208,104.22,595.81,489.84,1077.67,0.8636
5748,95.896,209,1697.73,350.73,1739.43,409.02,0.4758
5754,95.996,196,1500.92,350.52,1554.86,509.19,0.7382
5754,95.996,198,959.68,291.57,1039.91,498.78,0.7817
5754,95.996,199,1052.9,188.79,1095.25,308.01,0.7717
5754,95.996,201,365.07,200.2,404.15,320.27,0.4613
5754,95.996,204,1283.62,155.65,1325.46,280.31,0.5723
5754,95.996,206,1347.16,151.74,1393.6,281.5,0.4221
5754,95.996,208,104.24,595.79,489.84,1077.68,0.8647
5754,95.996,209,1697.94,350.7,1739.58,408.88,0.4546
5760,96.096,196,1501.83,350.47,1556.02,510.11,0.748
5760,96.096,198,966.37,292.01,1033.34,497.78,0.7478
5760,96.096,199,1052.76,189.11,1095.26,308.09,0.7697
5760,96.096,201,365.98,200.42,404.64,319.68,0.4526
5760,96.096,204,1283.88,155.74,1325.56,280.37,0.5433
5760,96.096,206,1349.18,151.13,1393.56,281.27,0.4017
5760,96.096,208,104.28,595.81,489.88,1077.69,0.863
5760,96.096,209,1698.45,350.79,1740.77,407.62,0.3905
5766,96.196,196,1501.48,350.5,1555.76,510.69,0.7543
5766,96.196,198,970.37,292.59,1036.34,497.14,0.7201
5766,96.196,199,1052.81,189.12,1095.31,307.84,0.7759
5766,96.196,201,366.76,205.84,404.12,319.18,0.4632
5766,96.196,204,1284.0,154.78,1325.67,280.29,0.4951
5766,96.196,206,1350.36,151.7,1393.45,281.55,0.3564
5766,96.196,208,104.39,595.8,489.88,1077.69,0.8627
5766,96.196,209,1696.15,350.91,1739.34,408.56,0.558
5772,96.296,196,1500.28,350.51,1554.67,511.81,0.7157
5772,96.296,198,975.04,292.97,1042.47,500.18,0.7526
5772,96.296,199,1052.73,189.27,1095.21,307.51,0.7858
5772,96.296,201,365.99,204.21,403.36,321.53,0.4225
5772,96.296,204,1284.22,155.12,1325.88,280.07,0.4575
5772,96.296,206,1350.53,151.37,1393.55,282.08,0.3914
5772,96.296,208,104.46,595.81,489.89,1077.7,0.8623
5772,96.296,209,1688.22,351.15,1742.29,406.99,0.5522
5778,96.396,196,1498.29,350.97,1553.52,512.31,0.7017
5778,96.396,198,981.84,292.34,1047.86,501.69,0.7684
5778,96.396,199,1052.57,189.47,1095.12,307.19,0.7665
5778,96.396,201,364.78,202.85,404.18,322.55,0.384
5778,96.396,204,1284.22,155.47,1325.52,279.95,0.4912
5778,96.396,206,1351.1,151.04,1393.59,282.23,0.4163
5778,96.396,208,104.45,595.83,489.89,1077.69,0.8636
5778,96.396,209,1680.78,351.35,1742.97,405.65,0.5648
5784,96.496,196,1497.86,350.97,1549.6,511.05,0.7141
5784,96.496,198,997.13,291.41,1056.87,500.76,0.7441
5784,96.496,199,1052.6,188.73,1095.24,307.18,0.7537
5784,96.496,201,363.5,202.25,402.81,323.3,0.4511
5784,96.496,204,1283.92,153.63,1325.49,279.76,0.4912
5784,96.496,206,1349.34,151.19,1394.12,282.49,0.4362
5784,96.496,208,104.49,595.79,489.9,1077.67,0.8633
5784,96.496,209,1676.13,351.29,1742.68,405.78,0.6182
5790,96.597,196,1496.72,351.39,1548.44,513.0,0.6763
5790,96.597,198,1006.18,292.69,1062.85,501.13,0.7326
5790,96.597,199,1052.53,189.62,1094.26,306.25,0.7363
5790,96.597,201,361.06,203.87,402.8,323.54,0.5133
5790,96.597,204,1283.83,152.37,1326.01,279.61,0.4917
5790,96.597,206,1348.79,151.31,1394.26,283.05,0.4237
5790,96.597,208,104.61,595.76,489.91,1077.64,0.8639
5790,96.597,209,1674.74,351.38,1739.63,403.8,0.632
5796,96.697,196,1495.78,351.92,1542.97,512.66,0.6929
5796,96.697,198,1011.43,295.55,1075.45,502.45,0.6953
5796,96.697,199,1052.25,189.97,1093.47,305.68,0.7111
5796,96.697,201,359.09,205.18,402.73,323.79,0.5159
5796,96.697,204,1283.8,154.23,1325.56,279.85,0.4327
5796,96.697,206,1350.29,156.27,1394.3,282.61,0.3292
5796,96.697,208,104.66,595.72,489.93,1077.64,0.8631
5796,96.697,209,1674.58,351.46,1736.05,402.96,0.6982
5802,96.797,196,1493.56,352.54,1540.3,511.51,0.6893
5802,96.797,198,1012.39,296.06,1105.56,507.41,0.7355
5802,96.797,199,1051.88,190.01,1093.21,305.58,0.6938
5802,96.797,201,355.73,202.64,402.08,322.95,0.5136
5802,96.797,204,1283.93,154.44,1325.62,280.2,0.5038
5802,96.797,206,1349.54,152.37,1394.45,282.45,0.4474
5802,96.797,208,104.67,595.7,489.96,1077.68,0.8634
5802,96.797,209,1674.53,351.21,1733.51,402.51,0.6248
5808,96.897,196,1492.81,353.5,1539.18,512.05,0.741
5808,96.897,198,1013.36,297.45,1116.52,511.36,0.7863
5808,96.897,199,1052.11,190.21,1093.16,305.66,0.6591
5808,96.897,201,353.91,203.36,400.8,322.63,0.4351
5808,96.897,204,1283.98,157.04,1325.15,280.1,0.4438
5808,96.897,206,1350.55,153.24,1394.77,282.15,0.3712
5808,96.897,208,104.62,595.68,489.97,1077.7,0.8635
5808,96.897,209,1675.06,352.04,1728.16,402.93,0.5405
5814,96.997,196,1493.64,353.15,1537.6,513.67,0.7681
5814,96.997,198,1017.46,299.26,1121.61,512.47,0.7747
5814,96.997,199,1052.17,190.41,1093.3,307.76,0.6732
5814,96.997,201,349.63,200.21,399.36,322.6,0.4696
5814,96.997,204,1283.78,161.23,1325.2,280.01,0.5059
5814,96.997,206,1350.98,154.59,1394.57,280.38,0.3185
5814,96.997,208,104.52,595.66,489.98,1077.69,0.8632
5814,96.997,209,1674.47,351.68,1726.13,402.63,0.5244
5820,97.097,196,1494.61,352.96,1536.96,515.45,0.743
5820,97.097,198,1030.99,301.78,1117.03,509.42,0.6829
5820,97.097,199,1052.37,190.41,1093.23,308.3,0.6687
5820,97.097,201,346.37,199.28,397.96,323.07,0.5157
5820,97.097,204,1283.81,160.33,1325.62,280.45,0.602
5820,97.097,206,1350.98,152.13,1394.3,281.14,0.4156
5820,97.097,208,104.48,595.64,490.0,1077.66,0.8645
5820,97.097,209,1673.51,350.98,1717.67,402.11,0.361
5826,97.197,196,1495.14,352.82,1536.77,515.67,0.7372
5826,97.197,198,1051.9,304.56,1123.27,511.33,0.7651
5826,97.197,199,1051.96,190.84,1093.33,307.51,0.7112
5826,97.197,201,344.93,197.53,397.0,323.57,0.4211
5826,97.197,204,1283.65,163.55,1325.58,280.62,0.6095
5826,97.197,208,104.45,595.61,490.03,1077.69,0.8641
5826,97.197,209,1664.53,350.29,1714.3,400.69,0.4519
5832,97.297,196,1494.94,352.61,1536.72,515.96,0.7512
5832,97.297,198,1062.35,304.44,1133.63,512.67,0.7089
5832,97.297,199,1052.0,190.89,1093.25,308.69,0.7411
5832,97.297,201,343.28,193.53,396.46,323.53,0.4522
5832,97.297,204,1283.12,164.04,1325.52,280.51,0.5619
5832,97.297,208,104.41,595.6,489.97,1077.66,0.8651
5832,97.297,209,1662.04,350.5,1708.5,398.53,0.5694
5838,97.397,196,1494.82,352.67,1536.64,515.68,0.7514
5838,97.397,198,1072.67,300.0,1149.29,515.78,0.8205
5838,97.397,199,1052.38,189.69,1094.23,308.45,0.7471
5838,97.397,201,342.16,191.17,396.7,323.87,0.4047
5838,97.397,204,1282.66,163.51,1324.69,280.03,0.5619
5838,97.397,208,104.56,595.6,489.92,1077.65,0.8653
5838,97.397,209,1660.54,352.42,1707.47,398.57,0.5672
5844,97.497,196,1490.44,353.06,1536.1,513.33,0.6822
5844,97.497,198,1085.7,302.21,1169.3,518.94,0.7922
5844,97.497,199,1052.42,189.44,1094.9,309.2,0.7517
5844,97.497,201,341.14,191.0,396.26,324.12,0.4301
5844,97.497,204,1282.49,162.44,1323.51,278.95,0.509
5844,97.497,208,104.74,595.61,489.91,1077.65,0.8645
5844,97.497,209,1660.2,355.15,1706.65,399.22,0.5683
5850,97.597,196,1486.08,354.56,1534.63,512.25,0.6805
5850,97.597,198,1094.27,306.32,1175.11,518.55,0.7781
5850,97.597,199,1052.59,189.11,1094.98,309.07,0.7451
5850,97.597,201,340.64,190.87,396.02,324.05,0.4346
5850,97.597,204,1282.58,161.99,1323.39,278.51,0.4697
5850,97.597,208,104.82,595.6,489.89,1077.66,0.8652
5850,97.597,209,1660.22,357.81,1704.43,399.26,0.598
5856,97.698,196,1476.88,352.44,1533.53,512.45,0.706
5856,97.698,198,1079.1,306.43,1180.84,522.13,0.8019
5856,97.698,199,1052.33,189.58,1095.41,308.88,0.7305
5856,97.698,201,341.08,191.9,394.3,323.63,0.3334
5856,97.698,204,1282.95,159.96,1322.38,278.43,0.4977
5856,97.698,208,104.67,595.64,489.89,1077.69,0.8629
5856,97.698,209,1660.03,360.29,1702.36,399.37,0.5445
5862,97.798,196,1466.82,353.31,1531.89,513.95,0.7451
5862,97.798,198,1072.22,303.72,1185.23,522.38,0.8093
5862,97.798,199,1052.51,189.04,1095.06,308.7,0.7497
5862,97.798,201,341.52,192.34,394.44,323.29,0.401
5862,97.798,204,1282.87,160.48,1323.43,278.64,0.4944
5862,97.798,208,104.7,595.61,489.9,1077.68,0.8644
5862,97.798,209,1659.65,357.57,1701.41,399.05,0.5711
5868,97.898,196,1455.66,351.82,1530.98,516.37,0.7727
5868,97.898,198,1077.15,298.76,1192.42,522.19,0.8194
5868,97.898,199,1051.97,190.51,1095.03,308.55,0.7297
5868,97.898,201,341.24,192.4,394.46,323.16,0.3675
5868,97.898,204,1280.84,159.07,1325.06,277.47,0.4149
5868,97.898,208,104.64,595.62,489.94,1077.66,0.8647
5868,97.898,209,1660.84,359.64,1700.18,398.19,0.5497
5874,97.998,196,1440.42,350.97,1530.41,521.86,0.795
5874,97.998,198,1095.61,298.0,1184.79,517.84,0.7077
5874,97.998,199,1053.98,189.38,1097.4,308.28,0.7214
5874,97.998,201,342.17,192.79,395.95,323.13,0.4429
5874,97.998,208,104.72,595.57,489.9,1077.71,0.8674
5874,97.998,209,1661.39,359.34,1700.97,396.9,0.4848
5880,98.098,196,1447.15,351.16,1541.38,524.24,0.8059
5880,98.098,198,1121.7,297.53,1198.52,515.19,0.7744
5880,98.098,199,1069.23,189.48,1114.51,307.87,0.7918
5880,98.098,201,354.49,189.0,414.27,321.42,0.5118
5880,98.098,208,104.99,595.48,489.97,1077.66,0.8661
5886,98.198,208,104.72,595.62,490.14,1077.58,0.863
5892,98.298,204,1289.52,187.59,1330.67,302.33,0.654
5892,98.298,208,105.06,595.75,489.86,1077.42,0.8619
5898,98.398,208,104.86,595.6,489.59,1077.31,0.8613
5904,98.498,208,103.71,595.79,489.69,1077.44,0.8616
5910,98.599,208,104.22,595.8,489.74,1077.38,0.8633
5916,98.699,208,104.57,595.43,489.25,1076.79,0.8646
5922,98.799,208,104.0,594.6,488.97,1076.75,0.8415
5928,98.899,208,104.78,595.59,489.34,1076.85,0.8527
5934,98.999,208,105.06,595.87,489.62,1077.11,0.8593
5940,99.099,208,104.74,595.96,489.66,1077.28,0.86
5946,99.199,196,1446.87,349.14,1510.83,443.49,0.8189
5946,99.199,208,104.21,596.07,489.79,1077.35,0.858
5952,99.299,208,103.61,596.15,489.89,1077.33,0.8535
5958,99.399,208,103.76,596.06,489.93,1077.32,0.8557
5964,99.499,208,104.04,596.11,490.04,1077.47,0.8572
5970,99.6,208,103.7,595.92,490.02,1077.47,0.8587
5976,99.7,208,104.07,595.93,490.06,1077.45,0.8614
5982,99.8,208,104.16,595.86,490.02,1077.44,0.8608
5988,99.9,208,103.96,595.89,490.02,1077.48,0.8595
6000,100.1,259,733.13,435.11,848.55,727.03,0.7913
6000,100.1,260,731.98,271.67,806.33,479.83,0.8164
6000,100.1,261,1603.03,349.22,1690.97,544.09,0.8204
6000,100.1,262,333.75,169.41,388.46,331.06,0.761
6006,100.2,259,774.3,431.13,866.65,726.94,0.8072
6006,100.2,260,733.64,271.53,810.28,481.22,0.8092
6006,100.2,261,1608.37,351.52,1701.78,543.7,0.8477
6006,100.2,262,335.54,170.1,390.79,330.85,0.7517
6012,100.3,259,784.52,434.15,898.14,728.7,0.8146
6012,100.3,260,741.12,270.9,814.82,483.67,0.8311
6012,100.3,261,1619.35,355.33,1714.62,542.56,0.827
6012,100.3,262,338.75,169.75,394.43,331.43,0.7539
6018,100.4,259,788.17,436.74,947.71,736.17,0.8467
6018,100.4,260,750.52,271.11,817.04,484.61,0.8189
6018,100.4,261,1627.71,355.88,1727.34,541.95,0.8383
6018,100.4,262,343.35,170.48,396.93,331.5,0.7712
6024,100.5,259,793.29,438.06,960.29,743.99,0.8674
6024,100.5,260,756.97,272.22,818.96,484.57,0.8087
6024,100.5,261,1649.5,352.74,1739.8,543.3,0.8281
6024,100.5,262,346.68,171.29,402.75,331.81,0.7455
6030,100.6,259,810.67,438.37,968.33,749.62,0.9026
6030,100.6,260,761.52,274.62,826.48,484.62,0.7999
6030,100.6,261,1675.83,354.82,1750.67,545.67,0.8358
6030,100.6,262,349.13,172.53,406.63,333.71,0.7934
6036,100.701,259,841.91,438.47,978.54,751.19,0.848
6036,100.701,260,764.08,276.25,835.17,486.14,0.7892
6036,100.701,261,1687.44,356.1,1760.14,547.09,0.8199
6036,100.701,262,353.14,173.82,410.41,334.9,0.8059
6042,100.801,259,882.33,438.87,1014.36,754.51,0.8471
6042,100.801,260,767.33,277.23,840.57,488.35,0.813
6042,100.801,261,1693.63,358.28,1772.02,548.23,0.8114
6042,100.801,262,358.63,174.04,413.08,336.15,0.797
6048,100.901,259,906.41,439.13,1046.51,753.16,0.8816
6048,100.901,260,772.91,277.97,843.32,488.78,0.7941
6048,100.901,261,1707.24,359.39,1781.84,552.21,0.8037
6048,100.901,262,363.48,173.5,418.47,337.35,0.7888
6054,101.001,259,912.82,440.31,1073.01,751.4,0.9114
6054,101.001,260,779.64,278.53,846.73,489.41,0.7508
6054,101.001,261,1720.33,359.0,1792.58,554.31,0.8281
6054,101.001,262,369.28,172.98,425.62,335.94,0.7942
6060,101.101,259,926.59,438.55,1094.17,745.59,0.8943
6060,101.101,260,792.29,278.59,852.42,491.91,0.7441
6060,101.101,261,1729.4,359.34,1802.12,556.33,0.8291
6060,101.101,262,375.89,172.58,432.65,338.16,0.741
6066,101.201,259,962.47,436.9,1112.82,744.24,0.8951
6066,101.201,260,803.19,278.77,859.84,494.36,0.7748
6066,101.201,261,1735.33,358.64,1808.43,559.31,0.8201
6066,101.201,262,381.67,172.19,438.65,338.32,0.7822
6072,101.301,259,984.39,430.2,1129.93,736.76,0.8529
6072,101.301,260,809.45,280.73,869.66,489.62,0.7492
6072,101.301,261,1736.92,362.46,1811.49,560.96,0.8114
6072,101.301,262,386.2,172.7,445.4,337.69,0.7728
6078,101.401,259,1005.41,429.55,1147.71,729.54,0.8499
6078,101.401,260,810.49,280.75,888.8,489.47,0.7948
6078,101.401,261,1738.05,364.92,1817.23,561.84,0.7953
6078,101.401,262,390.69,174.78,448.89,339.81,0.788
6084,101.501,259,1025.34,427.85,1163.0,726.02,0.8771
6084,101.501,260,810.96,279.21,896.27,488.32,0.8151
6084,101.501,261,1737.79,364.21,1826.27,560.81,0.8189
6084,101.501,262,393.53,175.94,451.04,340.83,0.7674
6090,101.602,259,1030.93,417.52,1170.1,722.73,0.8848
6090,101.602,260,811.99,280.87,898.83,488.13,0.8088
6090,101.602,261,1751.61,362.63,1837.57,562.19,0.8267
6090,101.602,262,397.18,175.26,452.25,341.95,0.7522
6096,101.702,259,1030.62,411.58,1170.75,699.93,0.8533
6096,101.702,260,816.09,278.71,899.71,489.14,0.7902
6096,101.702,261,1760.7,360.77,1847.88,559.25,0.7842
6096,101.702,262,402.08,176.33,452.55,342.43,0.7503
6102,101.802,259,1047.11,414.24,1173.52,683.9,0.8509
6102,101.802,260,822.99,276.14,902.71,487.15,0.8052
6102,101.802,261,1770.42,361.74,1857.52,560.72,0.8144
6102,101.802,262,401.95,175.07,451.72,344.09,0.7175
6108,101.902,259,1070.58,412.61,1201.28,678.14,0.8757
6108,101.902,260,841.24,274.59,911.01,486.17,0.7877
6108,101.902,261,1771.09,366.81,1869.52,563.99,0.8391
6108,101.902,262,402.82,175.77,456.13,344.19,0.7287
6114,102.002,259,1087.81,401.57,1218.43,674.88,0.8327
6114,102.002,260,850.78,274.44,919.91,485.72,0.8094
6114,102.002,261,1773.75,371.17,1882.19,564.06,0.8257
6114,102.002,262,402.92,173.81,466.48,344.48,0.691
6120,102.102,259,1098.21,390.17,1216.41,673.99,0.8092
6120,102.102,260,854.05,275.09,937.82,481.75,0.8377
6120,102.102,261,1798.71,369.45,1898.31,564.96,0.7842
6120,102.102,262,404.09,175.23,472.48,344.5,0.676
6126,102.202,259,1104.41,385.87,1207.95,675.14,0.8269
6126,102.202,260,855.43,276.52,945.16,481.07,0.8153
6126,102.202,261,1835.86,363.47,1915.65,566.81,0.7582
6126,102.202,262,403.93,178.58,473.2,344.96,0.7253
6132,102.302,259,1093.38,392.26,1186.36,671.5,0.812
6132,102.302,260,847.65,277.21,936.25,480.05,0.816
6132,102.302,261,1858.44,360.0,1917.8,568.38,0.7694
6132,102.302,262,393.86,178.63,457.06,347.18,0.7443
6138,102.402,259,1057.83,405.03,1146.44,670.83,0.8216
6138,102.402,260,823.79,279.07,908.07,482.41,0.7773
6138,102.402,261,1840.31,365.73,1913.31,567.4,0.8237
6138,102.402,262,358.34,181.41,418.77,350.95,0.7259
6144,102.502,259,1004.67,411.58,1104.52,676.24,0.8453
6144,102.502,260,794.49,284.16,879.72,481.21,0.7793
6144,102.502,261,1795.6,368.67,1884.29,561.21,0.7858
6144,102.502,262,311.97,185.05,369.37,354.13,0.7597
6150,102.603,259,918.99,411.9,1057.11,680.54,0.8423
6150,102.603,260,754.28,288.48,846.55,480.0,0.7728
6150,102.603,261,1758.17,363.85,1848.31,553.54,0.6137
6150,102.603,262,266.15,188.91,320.08,356.16,0.7849
6156,102.703,259,857.72,417.83,1012.11,684.63,0.8424
6156,102.703,260,713.67,286.39,795.68,478.97,0.7562
6156,102.703,261,1739.28,377.01,1831.47,598.41,0.7782
6156,102.703,262,220.46,192.23,272.91,361.44,0.7216
6162,102.803,259,802.4,418.48,960.93,690.29,0.8855
6162,102.803,260,669.35,285.15,744.49,477.19,0.8149
6162,102.803,261,1687.76,370.16,1785.36,608.94,0.8304
6162,102.803,262,169.06,196.71,222.23,367.05,0.8474
6168,102.903,259,761.16,416.5,902.49,705.18,0.7766
6168,102.903,260,625.61,285.46,688.09,475.48,0.7937
6168,102.903,261,1628.92,365.9,1720.61,598.06,0.797
6168,102.903,262,113.12,202.59,170.77,373.32,0.7365
6174,103.003,259,741.64,423.3,851.7,715.9,0.8677
6174,103.003,260,586.83,278.75,643.26,474.86,0.8458
6174,103.003,261,1573.06,361.13,1662.07,586.12,0.83
6174,103.003,262,63.59,209.29,118.45,378.81,0.7352
6174,103.003,265,1634.78,355.58,1709.97,529.65,0.7775
6180,103.103,259,718.91,429.66,816.12,725.26,0.8763
6180,103.103,260,556.97,270.93,609.86,470.97,0.811
6180,103.103,261,1530.12,354.38,1614.83,578.72,0.7756
6180,103.103,262,29.28,211.83,79.5,382.1,0.7419
6180,103.103,265,1602.17,359.25,1683.44,527.7,0.8067
6180,103.103,267,1231.94,157.52,1297.02,339.92,0.71
6186,103.203,259,694.5,433.37,790.32,740.07,0.8765
6186,103.203,260,536.67,269.47,592.56,466.6,0.8226
6186,103.203,261,1499.38,347.55,1584.24,559.77,0.8255
6186,103.203,262,9.17,212.93,58.93,384.29,0.742
6186,103.203,265,1596.92,354.96,1669.0,520.59,0.7794
6186,103.203,267,1202.95,168.03,1261.79,338.05,0.6485
6192,103.303,259,681.94,443.76,778.48,749.49,0.8764
6192,103.303,260,527.28,269.5,586.94,460.94,0.7998
6192,103.303,261,1480.14,346.22,1564.7,550.73,0.7969
6192,103.303,262,1.01,214.44,50.17,386.44,0.7762
6192,103.303,265,1601.04,350.51,1661.31,516.89,0.7563
6192,103.303,267,1183.14,174.65,1237.72,333.66,0.747
6198,103.403,259,678.24,451.15,769.66,755.34,0.8777
6198,103.403,260,521.23,262.58,584.26,458.26,0.7859
6198,103.403,261,1470.86,346.86,1546.8,542.34,0.8079
6198,103.403,262,0.0,218.1,49.13,387.52,0.7759
6198,103.403,265,1604.97,347.68,1660.45,514.42,0.6899
6198,103.403,267,1166.0,180.55,1227.75,327.18,0.6659
6204,103.503,259,675.93,454.44,762.91,770.35,0.8323
6204,103.503,260,520.47,260.0,583.27,454.86,0.7974
6204,103.503,261,1464.52,348.86,1537.56,536.2,0.8092
6204,103.503,262,0.57,218.42,49.09,387.17,0.7598
6204,103.503,265,1606.58,348.48,1667.47,508.78,0.679
6204,103.503,267,1150.24,177.51,1222.34,314.68,0.6111
6210,103.603,259,669.49,464.98,763.3,781.0,0.8681
6210,103.603,260,524.35,260.13,584.94,448.24,0.8002
6210,103.603,261,1456.96,348.61,1531.62,527.88,0.7624
6210,103.603,262,5.12,216.58,54.41,385.36,0.7418
6210,103.603,265,1608.36,347.68,1672.81,505.02,0.6932
6216,103.704,259,657.33,473.62,761.18,798.18,0.8732
6216,103.704,260,530.05,256.39,584.93,443.54,0.7865
6216,103.704,261,1449.01,347.48,1525.62,520.61,0.7949
6216,103.704,262,9.0,215.06,59.37,383.03,0.7836
6216,103.704,265,1607.0,347.31,1666.9,502.64,0.7434
6216,103.704,267,1130.14,174.12,1201.63,323.7,0.4684
6222,103.804,259,649.6,480.34,756.37,818.06,0.8472
6222,103.804,260,533.15,251.69,585.82,438.57,0.7988
6222,103.804,261,1447.26,349.53,1523.25,513.85,0.7576
6222,103.804,262,12.26,210.82,64.62,381.26,0.7633
6222,103.804,265,1603.94,346.96,1661.74,493.21,0.7826
6222,103.804,267,1125.87,184.89,1193.48,330.6,0.5645
6228,103.904,259,646.64,492.82,752.61,824.68,0.8401
6228,103.904,260,533.45,251.64,588.05,431.72,0.7737
6228,103.904,261,1441.74,349.34,1522.56,509.28,0.8008
6228,103.904,262,15.51,209.72,75.63,380.7,0.7646
6228,103.904,265,1595.68,345.78,1657.66,491.8,0.8213
6228,103.904,267,1124.01,196.33,1188.81,333.06,0.5637
6228,103.904,272,1189.94,158.3,1224.71,268.51,0.4993
6234,104.004,259,648.2,497.78,747.1,836.72,0.819
6234,104.004,260,531.55,249.01,588.89,428.62,0.8231
6234,104.004,261,1439.6,349.71,1522.17,502.28,0.7865
6234,104.004,262,17.88,209.33,79.52,379.84,0.7662
6234,104.004,265,1589.58,345.33,1652.93,489.78,0.8333
6234,104.004,267,1124.3,204.39,1186.89,334.46,0.5178
6234,104.004,272,1189.2,157.69,1225.31,269.61,0.4675
6240,104.104,259,647.14,503.34,745.64,863.67,0.8255
6240,104.104,260,529.77,246.16,590.02,426.42,0.8307
6240,104.104,261,1441.76,348.6,1514.83,493.68,0.7354
6240,104.104,262,21.04,209.24,79.86,378.77,0.7827
6240,104.104,265,1585.65,346.71,1643.36,489.32,0.711
6240,104.104,267,1128.2,208.66,1179.82,333.21,0.6033
6240,104.104,272,1188.69,158.77,1226.71,269.97,0.4545
6246,104.204,259,638.25,521.66,750.53,882.56,0.8671
6246,104.204,260,527.48,245.34,589.0,423.06,0.8412
6246,104.204,261,1441.09,348.96,1499.89,488.88,0.6852
6246,104.204,262,24.64,208.42,81.11,377.93,0.7838
6246,104.204,265,1585.68,347.71,1645.31,491.41,0.7099
6246,104.204,267,1128.51,201.67,1175.04,330.42,0.5491
6246,104.204,272,1188.03,162.66,1225.45,272.2,0.4516
6246,104.204,273,1883.7,648.37,1919.29,941.67,0.6073
6252,104.304,259,633.44,534.47,752.32,903.68,0.8782
6252,104.304,260,527.6,243.48,587.37,419.89,0.7999
6252,104.304,261,1435.45,349.09,1493.36,481.01,0.6544
6252,104.304,262,28.01,208.77,83.47,377.21,0.7847
6252,104.304,265,1585.72,347.35,1653.04,494.14,0.7061
6252,104.304,267,1129.56,200.78,1174.35,325.13,0.6108
6252,104.304,272,1187.33,165.05,1224.13,272.69,0.4461
6252,104.304,273,1874.53,626.45,1919.22,914.13,0.7448
6258,104.404,259,628.85,543.05,754.02,931.76,0.8784
6258,104.404,260,527.6,243.29,582.36,417.03,0.8093
6258,104.404,261,1427.5,348.16,1490.18,475.9,0.6428
6258,104.404,262,30.01,208.0,84.52,375.38,0.7985
6258,104.404,265,1585.96,346.46,1657.19,496.11,0.8081
6258,104.404,267,1128.91,200.99,1173.89,330.52,0.6717
6258,104.404,272,1187.23,169.18,1223.01,272.74,0.4554
6258,104.404,273,1870.79,596.78,1919.32,899.07,0.7369
6264,104.504,259,626.71,563.87,757.69,949.28,0.8767
6264,104.504,260,525.45,242.69,581.07,415.45,0.8022
6264,104.504,261,1426.87,350.88,1477.84,471.98,0.5084
6264,104.504,262,31.29,207.81,85.31,373.82,0.7974
6264,104.504,265,1592.61,346.83,1659.08,498.51,0.7884
6264,104.504,267,1127.77,203.83,1172.88,337.12,0.7229
6264,104.504,272,1186.22,167.71,1222.23,272.21,0.4767
6264,104.504,273,1868.39,568.64,1919.56,878.91,0.7203
6270,104.605,259,634.15,574.12,754.21,962.25,0.8604
6270,104.605,260,513.86,249.41,578.51,411.07,0.8078
6270,104.605,261,1418.7,350.57,1467.67,466.51,0.5661
6270,104.605,262,31.36,208.2,85.72,374.94,0.7943
6270,104.605,265,1599.97,348.42,1663.19,505.66,0.7845
6270,104.605,267,1124.61,207.53,1174.11,340.7,0.6938
6270,104.605,272,1185.39,166.2,1223.92,272.48,0.4587
6270,104.605,273,1862.6,536.75,1919.79,861.93,0.6981
6276,104.705,259,640.31,580.79,754.3,990.71,0.8369
6276,104.705,260,498.55,258.57,573.44,409.2,0.8094
6276,104.705,261,1408.72,348.86,1460.6,462.7,0.7284
6276,104.705,262,30.56,206.05,85.11,375.21,0.7766
6276,104.705,265,1605.78,350.13,1670.6,511.08,0.7607
6276,104.705,267,1122.48,208.97,1174.92,343.42,0.6866
6276,104.705,272,1185.69,165.28,1225.04,272.23,0.4583
6276,104.705,273,1844.06,515.11,1919.9,838.0,0.7826
6282,104.805,259,637.31,600.15,763.03,1015.65,0.884
6282,104.805,260,484.86,256.43,568.83,408.42,0.7898
6282,104.805,261,1396.23,349.95,1458.48,459.83,0.7037
6282,104.805,262,28.66,206.0,78.28,375.08,0.763
6282,104.805,265,1606.83,350.52,1679.17,514.59,0.7864
6282,104.805,267,1122.33,211.75,1175.54,346.57,0.6704
6282,104.805,273,1839.95,487.63,1919.92,830.78,0.6543
6288,104.905,259,632.85,614.52,776.18,1042.13,0.8819
6288,104.905,260,478.07,252.69,559.63,408.12,0.7768
6288,104.905,261,1381.05,347.93,1451.56,455.05,0.6987
6288,104.905,262,25.75,205.27,76.68,373.94,0.7392
6288,104.905,265,1608.39,352.53,1689.36,516.26,0.7468
6288,104.905,267,1124.6,214.74,1178.25,347.97,0.5846
6288,104.905,273,1834.97,516.41,1919.62,844.57,0.5905
6294,105.005,259,629.84,624.86,780.33,1068.48,0.8844
6294,105.005,260,468.16,253.0,537.71,411.17,0.7644
6294,105.005,261,1373.04,282.48,1444.73,450.61,0.6985
6294,105.005,262,24.54,206.0,74.98,373.25,0.7178
6294,105.005,265,1607.56,350.18,1703.03,520.61,0.7818
6294,105.005,267,1128.13,216.58,1179.77,347.6,0.6443
6294,105.005,273,1831.44,489.01,1919.45,848.62,0.7967
6300,105.105,259,635.04,647.3,788.42,1080.0,0.9084
6300,105.105,260,451.61,242.85,516.56,414.35,0.8257
6300,105.105,261,1363.24,266.65,1422.74,448.96,0.7873
6300,105.105,262,21.68,206.55,70.53,372.71,0.7039
6300,105.105,265,1615.73,352.34,1755.97,530.54,0.5667
6300,105.105,267,1132.32,217.43,1180.35,350.48,0.6255
6300,105.105,273,1823.79,493.59,1919.44,828.26,0.8097
6306,105.205,259,638.42,666.1,799.28,1080.0,0.8995
6306,105.205,260,436.72,240.79,497.2,415.99,0.7824
6306,105.205,261,1352.58,261.74,1408.26,445.6,0.7396
6306,105.205,262,20.02,206.45,68.38,372.3,0.763
6306,105.205,265,1635.72,359.21,1761.06,535.09,0.6892
6306,105.205,267,1132.98,218.49,1179.3,352.41,0.6396
6306,105.205,273,1805.98,497.32,1912.49,774.56,0.6894
6312,105.305,259,636.72,672.48,805.59,1080.0,0.9025
6312,105.305,260,423.56,243.45,482.73,416.54,0.8249
6312,105.305,261,1333.5,267.67,1397.79,442.62,0.7851
6312,105.305,262,16.35,205.36,67.34,368.61,0.7855
6312,105.305,265,1664.71,355.7,1770.52,536.57,0.8071
6312,105.305,267,1128.85,220.96,1181.74,355.44,0.6867
6312,105.305,273,1794.53,502.36,1903.01,754.22,0.7246
6318,105.405,259,630.4,690.08,806.68,1080.0,0.9018
6318,105.405,260,399.03,241.57,465.08,416.62,0.7359
6318,105.405,261,1314.31,279.92,1385.07,440.83,0.8348
6318,105.405,262,12.19,206.63,64.75,367.1,0.7898
6318,105.405,265,1684.69,356.49,1783.52,548.05,0.7227
6318,105.405,267,1120.27,223.16,1184.24,356.65,0.7217
6318,105.405,272,1186.57,173.75,1225.68,271.94,0.35
6318,105.405,273,1778.88,509.79,1888.65,748.2,0.7766
6324,105.505,259,620.1,710.91,814.57,1080.0,0.8865
6324,105.505,260,376.75,239.19,456.65,420.93,0.7472
6324,105.505,261,1300.02,283.3,1375.78,440.89,0.7851
6324,105.505,262,5.96,207.23,62.52,369.45,0.6947
6324,105.505,265,1722.16,365.07,1800.0,547.18,0.5737
6324,105.505,267,1112.33,230.4,1181.15,356.96,0.6807
6324,105.505,272,1186.88,175.1,1226.01,272.27,0.4413
6324,105.505,273,1755.48,517.58,1872.99,745.4,0.811
6330,105.606,259,612.51,720.06,799.64,1080.0,0.9038
6330,105.606,260,368.21,243.07,434.38,423.38,0.732
6330,105.606,261,1290.22,269.99,1362.97,442.99,0.7584
6330,105.606,262,1.61,206.82,61.62,370.54,0.7185
6330,105.606,265,1750.85,375.86,1822.27,531.84,0.7693
6330,105.606,267,1114.88,227.03,1180.06,356.52,0.6947
6330,105.606,272,1186.68,177.34,1225.77,272.57,0.4944
6330,105.606,273,1733.01,515.92,1859.64,735.52,0.8087
6336,105.706,259,602.29,741.36,779.82,1080.0,0.9028
6336,105.706,260,355.98,243.4,416.59,425.49,0.6383
6336,105.706,261,1283.87,267.89,1345.61,443.88,0.7877
6336,105.706,262,0.13,207.99,60.34,370.91,0.7391
6336,105.706,265,1772.77,374.36,1840.46,561.32,0.7285
6336,105.706,267,1122.75,220.16,1184.59,356.74,0.7542
6336,105.706,272,1186.08,175.55,1225.46,272.58,0.4544
6336,105.706,273,1719.05,504.43,1854.9,730.3,0.8323
6342,105.806,259,593.08,771.97,766.59,1080.0,0.8996
6342,105.806,260,337.47,247.19,401.89,428.16,0.7044
6342,105.806,261,1264.36,260.92,1330.79,442.43,0.7012
6342,105.806,262,0.0,208.18,58.15,371.41,0.7448
6342,105.806,265,1787.71,379.61,1855.66,576.56,0.6502
6342,105.806,267,1130.82,220.49,1184.39,360.11,0.7332
6342,105.806,272,1187.16,176.97,1225.16,272.88,0.3199
6342,105.806,273,1705.62,485.04,1835.79,726.23,0.8495
6348,105.906,259,581.36,777.81,750.6,1080.0,0.8983
6348,105.906,260,302.3,255.66,394.21,431.8,0.7518
6348,105.906,261,1254.15,261.6,1316.23,445.91,0.7409
6348,105.906,262,0.0,208.05,53.39,373.34,0.7753
6348,105.906,265,1803.89,388.26,1875.31,586.99,0.7591
6348,105.906,267,1131.95,217.38,1190.84,362.31,0.752
6348,105.906,272,1188.47,178.28,1226.26,273.04,0.3513
6348,105.906,273,1687.63,465.62,1791.29,720.77,0.7829
6354,106.006,259,565.54,786.33,730.62,1080.0,0.8972
6354,106.006,260,277.14,257.92,374.54,433.0,0.7768
6354,106.006,261,1238.97,271.68,1304.71,448.52,0.7879
6354,106.006,262,0.0,208.35,46.46,374.83,0.7034
6354,106.006,265,1821.15,389.25,1894.48,594.57,0.7122
6354,106.006,267,1134.82,220.56,1192.74,364.34,0.6798
6354,106.006,272,1190.44,176.52,1227.39,272.79,0.3735
6354,106.006,273,1662.27,456.02,1749.21,718.01,0.7846
6360,106.106,259,563.53,816.88,740.81,1080.0,0.884
6360,106.106,260,286.44,258.09,385.62,431.96,0.8176
6360,106.106,261,1250.71,273.41,1318.0,451.54,0.766
6360,106.106,262,8.94,209.03,60.22,375.9,0.7991
6360,106.106,265,1858.68,390.55,1920.0,605.72,0.8072
6360,106.106,267,1163.39,217.45,1219.78,364.21,0.6913
6360,106.106,273,1634.34,460.68,1741.22,720.88,0.8379
6366,106.206,259,598.72,852.07,776.66,1079.47,0.8434
6366,106.206,260,338.67,252.44,424.5,428.27,0.7611
6366,106.206,261,1296.94,272.6,1352.26,458.74,0.7346
6366,106.206,262,63.36,205.28,112.66,372.78,0.7578
6366,106.206,267,1228.61,201.13,1288.36,367.87,0.5612
6366,106.206,273,1635.65,474.01,1776.07,728.9,0.8758
6372,106.306,259,626.19,860.08,816.35,1079.19,0.876
6372,106.306,260,413.98,239.58,489.87,419.49,0.6955
6372,106.306,261,1356.45,268.24,1410.99,466.56,0.6664
6372,106.306,262,143.81,199.54,194.12,365.57,0.7753
6372,106.306,273,1681.17,482.52,1841.38,733.97,0.8829
6378,106.406,259,644.97,848.44,857.17,1079.41,0.8799
6378,106.406,260,496.32,234.63,567.73,412.59,0.802
6378,106.406,261,1425.27,319.66,1474.94,471.09,0.7484
6378,106.406,262,229.77,195.13,283.04,358.28,0.7664
6378,106.406,273,1753.45,481.42,1902.87,742.74,0.8455
6384,106.506,259,660.05,837.81,870.51,1078.77,0.8815
6384,106.506,260,574.34,230.17,642.17,404.72,0.7577
6384,106.506,261,1484.59,341.7,1544.07,478.52,0.7286
6384,106.506,262,310.76,189.51,368.69,351.92,0.7652
6384,106.506,273,1830.17,473.94,1920.0,748.98,0.8246
6390,106.606,259,670.83,849.21,877.02,1079.98,0.8607
6390,106.606,260,640.9,227.7,714.48,400.21,0.7685
6390,106.606,261,1535.5,348.67,1611.65,482.25,0.7707
6390,106.606,262,376.73,183.84,442.02,347.37,0.7797
6396,106.707,259,667.37,883.14,866.83,1080.0,0.8582
6396,106.707,260,697.52,224.98,770.95,400.83,0.7849
6396,106.707,261,1580.21,350.49,1649.23,489.32,0.7106
6396,106.707,262,430.1,178.76,499.83,344.93,0.787
6402,106.807,259,635.81,894.12,822.9,1080.0,0.8606
6402,106.807,260,741.64,222.35,818.23,400.49,0.812
6402,106.807,261,1608.49,350.52,1671.06,498.03,0.6748
6402,106.807,262,473.44,177.19,543.65,342.17,0.8013
6408,106.907,259,566.76,874.15,754.05,1080.0,0.8718
6408,106.907,260,769.14,219.86,832.2,399.06,0.6999
6408,106.907,261,1617.25,350.83,1680.84,504.14,0.7493
6408,106.907,262,500.66,176.91,569.13,342.03,0.782
6414,107.007,259,493.22,839.48,678.99,1079.96,0.8799
6414,107.007,260,777.0,221.26,828.71,401.34,0.7046
6414,107.007,261,1604.91,350.54,1678.97,503.99,0.7667
6414,107.007,262,508.23,176.96,574.04,339.87,0.7886
6420,107.107,259,412.54,818.27,601.76,1078.95,0.8789
6420,107.107,260,775.58,222.71,825.44,403.27,0.7153
6420,107.107,261,1585.79,352.14,1660.18,505.85,0.7404
6420,107.107,262,507.56,176.67,570.67,340.27,0.7854
6426,107.207,259,338.72,820.34,531.65,1080.0,0.8929
6426,107.207,260,774.88,222.98,826.54,403.97,0.7202
6426,107.207,261,1562.31,351.36,1636.96,509.96,0.8067
6426,107.207,262,503.95,177.44,566.52,342.38,0.77
6432,107.307,259,269.53,831.05,475.34,1079.48,0.8785
6432,107.307,260,775.6,224.2,830.05,404.09,0.7371
6432,107.307,261,1539.54,348.77,1618.34,507.08,0.8024
6432,107.307,262,498.04,175.44,563.68,343.08,0.7769
6432,107.307,284,1847.55,494.39,1919.66,803.8,0.7911
6438,107.407,259,196.84,820.95,423.7,1079.84,0.8959
6438,107.407,260,775.64,226.88,836.3,404.55,0.7651
6438,107.407,261,1518.49,349.69,1597.2,504.45,0.7505
6438,107.407,262,494.38,176.85,558.65,345.03,0.7929
6438,107.407,284,1809.43,509.51,1919.31,807.65,0.8425
6444,107.507,259,127.6,784.29,357.1,1078.75,0.881
6444,107.507,260,775.76,227.18,837.87,404.23,0.7921
6444,107.507,261,1498.18,348.24,1563.1,512.06,0.7563
6444,107.507,262,491.1,176.57,555.36,345.52,0.7889
6444,107.507,284,1776.86,529.05,1905.42,811.61,0.8463
6450,107.608,259,59.91,755.78,284.34,1079.77,0.9019
6450,107.608,260,778.14,226.56,839.56,406.57,0.7449
6450,107.608,261,1465.7,349.34,1533.6,514.93,0.7063
6450,107.608,262,489.37,177.35,550.91,346.19,0.79
6450,107.608,284,1759.9,535.48,1891.25,809.16,0.8466
6456,107.708,259,4.62,746.03,222.6,1080.0,0.8956
6456,107.708,260,782.31,226.65,840.16,406.66,0.7324
6456,107.708,261,1422.93,349.03,1511.53,513.32,0.8011
6456,107.708,262,490.69,177.87,548.91,347.11,0.7988
6456,107.708,284,1753.51,528.86,1881.98,809.45,0.8302
6462,107.808,259,0.0,751.24,175.24,1079.1,0.8518
6462,107.808,260,785.84,226.23,840.19,406.74,0.7157
6462,107.808,261,1405.29,351.89,1486.76,516.09,0.7657
6462,107.808,262,491.65,178.79,547.75,348.6,0.7947
6462,107.808,284,1753.82,519.83,1877.54,809.41,0.8437
6468,107.908,259,0.0,746.03,126.98,1079.06,0.5572
6468,107.908,260,787.91,226.5,840.64,406.74,0.7551
6468,107.908,261,1377.43,352.21,1464.89,517.23,0.7667
6468,107.908,262,491.52,179.9,547.95,350.11,0.7904
6468,107.908,284,1753.66,515.28,1876.16,810.85,0.8393
6474,108.008,260,790.21,228.41,846.38,415.24,0.784
6474,108.008,261,1364.31,350.0,1448.73,519.34,0.7903
6474,108.008,262,490.04,180.37,548.2,351.01,0.8089
6474,108.008,284,1752.62,516.03,1876.54,812.6,0.8548
6480,108.108,260,792.19,230.84,851.96,416.93,0.778
6480,108.108,261,1361.62,348.54,1441.48,520.49,0.7726
6480,108.108,262,486.99,180.6,548.27,351.4,0.8044
6480,108.108,284,1753.91,519.29,1883.22,813.13,0.848
6486,108.208,260,796.84,232.84,855.86,414.53,0.7706
6486,108.208,261,1360.18,342.56,1436.73,520.5,0.7865
6486,108.208,262,484.08,180.02,548.4,352.32,0.8016
6486,108.208,284,1757.93,518.21,1890.73,809.11,0.8477
6492,108.308,260,801.81,235.84,859.46,419.18,0.8343
6492,108.308,261,1356.8,340.27,1433.05,519.73,0.8044
6492,108.308,262,483.11,181.13,548.44,354.27,0.8023
6492,108.308,284,1771.03,508.6,1899.03,800.21,0.8246
6498,108.408,260,802.96,237.5,864.8,424.01,0.8161
6498,108.408,261,1353.52,336.74,1429.77,520.93,0.7934
6498,108.408,262,482.16,181.96,546.33,354.4,0.7983
6498,108.408,284,1795.26,495.67,1910.2,788.9,0.8471
6504,108.508,260,798.77,241.38,867.96,426.15,0.8261
6504,108.508,261,1348.27,328.08,1423.17,520.36,0.7949
6504,108.508,262,480.18,182.55,543.71,356.34,0.8076
6504,108.508,284,1814.59,489.01,1916.57,782.17,0.8724
6510,108.609,260,797.08,246.09,869.55,428.85,0.8241
6510,108.609,261,1343.01,317.11,1416.32,524.55,0.8124
6510,108.609,262,479.12,182.91,541.81,356.11,0.7882
6510,108.609,284,1822.19,494.28,1918.95,781.24,0.843
6516,108.709,260,795.76,249.91,869.07,432.0,0.7991
6516,108.709,261,1343.72,306.13,1408.67,524.87,0.7836
6516,108.709,262,477.57,183.38,538.38,356.48,0.7987
6516,108.709,284,1823.58,506.55,1919.95,779.27,0.8321
6522,108.809,260,790.79,253.8,866.81,432.23,0.7865
6522,108.809,261,1341.05,303.41,1401.25,527.69,0.7546
6522,108.809,262,476.02,183.31,534.67,357.81,0.804
6522,108.809,284,1825.82,502.12,1919.85,781.84,0.5836
6528,108.909,260,784.16,250.99,865.71,438.11,0.7888
6528,108.909,261,1327.01,307.69,1399.77,531.56,0.7813
6528,108.909,262,475.53,183.2,532.51,359.18,0.8084
6528,108.909,284,1838.7,502.59,1920.0,786.72,0.47
6534,109.009,260,779.42,251.22,864.83,442.99,0.787
6534,109.009,261,1315.15,313.18,1397.41,533.83,0.8208
6534,109.009,262,476.3,182.75,533.06,360.46,0.8104
6534,109.009,284,1843.82,517.16,1919.89,796.09,0.7927
6540,109.109,260,772.5,256.59,866.1,446.7,0.8078
6540,109.109,261,1305.85,314.79,1391.7,539.32,0.8262
6540,109.109,262,481.88,184.69,538.42,360.31,0.8114
6540,109.109,284,1839.75,538.88,1920.0,796.55,0.6815
6546,109.209,260,755.36,262.61,871.45,451.22,0.8316
6546,109.209,261,1312.89,312.36,1386.91,537.29,0.7846
6546,109.209,262,496.52,184.53,553.9,360.87,0.8229
6546,109.209,284,1852.98,551.2,1920.0,791.24,0.6906
6552,109.309,260,763.46,262.81,873.18,455.65,0.77
6552,109.309,261,1313.51,312.31,1384.95,538.75,0.8168
6552,109.309,262,512.89,185.76,571.35,361.21,0.8092
6552,109.309,284,1863.22,555.64,1920.0,787.29,0.6402
6558,109.409,260,795.95,259.47,892.36,457.01,0.7822
6558,109.409,261,1309.52,319.19,1406.82,543.35,0.8351
6558,109.409,262,546.04,185.02,608.73,360.96,0.8056
6564,109.509,260,851.73,256.67,937.33,463.2,0.7555
6564,109.509,261,1345.84,336.96,1455.71,543.6,0.8232
6564,109.509,262,602.38,182.42,666.4,358.23,0.8187
6570,109.609,260,923.09,261.29,1001.43,463.13,0.7787
6570,109.609,261,1409.34,345.14,1510.41,549.4,0.8097
6570,109.609,262,678.9,179.92,743.11,357.26,0.8151
6576,109.71,260,1003.21,266.86,1078.67,470.09,0.7841
6576,109.71,261,1484.9,347.89,1577.7,561.4,0.8287
6576,109.71,262,763.29,177.82,828.87,355.26,0.8269
6582,109.81,260,1078.53,266.83,1154.69,473.71,0.8108
6582,109.81,261,1547.19,350.29,1649.56,570.66,0.8494
6582,109.81,262,845.82,180.12,910.58,353.83,0.8029
6588,109.91,260,1120.4,267.84,1224.97,476.99,0.8227
6588,109.91,261,1605.48,356.26,1718.38,581.19,0.8814
6588,109.91,262,924.08,178.38,987.58,352.41,0.8217
6588,109.91,295,72.88,484.53,175.46,870.78,0.8517
6594,110.01,260,1177.33,269.89,1297.91,480.25,0.8602
6594,110.01,261,1669.32,362.38,1775.01,580.04,0.8692
6594,110.01,262,992.32,179.82,1055.09,354.09,0.7958
6594,110.01,295,150.7,480.1,256.75,851.8,0.8577
6600,110.11,260,1227.95,276.46,1356.45,485.49,0.8419
6600,110.11,261,1717.92,371.32,1816.18,595.4,0.8432
6600,110.11,262,1046.34,178.42,1109.39,355.93,0.793
6600,110.11,295,214.26,474.31,332.59,824.56,0.8915
6606,110.21,260,1261.2,282.66,1391.93,492.45,0.815
6606,110.21,261,1741.86,373.66,1852.06,606.2,0.8477
6606,110.21,262,1089.27,179.21,1151.63,357.35,0.8102
6606,110.21,295,267.2,470.91,399.35,813.3,0.8887
6612,110.31,260,1291.62,283.66,1394.06,495.7,0.8225
6612,110.31,261,1763.79,375.16,1884.73,615.63,0.8591
6612,110.31,262,1124.4,179.16,1188.59,358.87,0.8105
6612,110.31,295,309.63,472.84,456.92,812.86,0.89
6618,110.41,260,1305.65,279.86,1393.5,499.25,0.8476
6618,110.41,261,1784.3,388.04,1908.91,624.3,0.8571
6618,110.41,262,1152.28,180.2,1218.87,358.53,0.763
6618,110.41,295,341.23,473.59,489.0,824.83,0.9023
6624,110.51,260,1288.55,280.8,1391.43,499.48,0.871
6624,110.51,261,1799.28,398.59,1918.54,625.84,0.8416
6624,110.51,262,1167.67,182.54,1235.23,358.12,0.8162
6624,110.51,295,358.2,479.65,508.52,830.89,0.8804
6630,110.611,260,1268.38,285.11,1379.37,501.43,0.8573
6630,110.611,261,1796.88,401.46,1916.88,652.05,0.8379
6630,110.611,262,1167.91,183.5,1234.14,358.42,0.8026
6630,110.611,295,361.26,488.13,529.4,841.71,0.8784
6636,110.711,260,1256.73,286.57,1367.32,500.03,0.8421
6636,110.711,261,1790.12,412.56,1915.26,669.85,0.8632
6636,110.711,262,1165.04,184.42,1229.94,358.49,0.7977
6636,110.711,295,373.1,497.28,552.14,845.47,0.8407
6642,110.811,260,1245.8,283.93,1341.92,500.83,0.8379
6642,110.811,261,1785.55,425.06,1914.88,665.39,0.8253
6642,110.811,262,1160.43,184.39,1226.7,360.29,0.7816
6642,110.811,295,413.6,498.29,577.99,842.71,0.8918
6648,110.911,260,1233.7,281.82,1324.1,507.22,0.8174
6648,110.911,261,1790.37,430.21,1915.03,684.78,0.8398
6648,110.911,262,1155.58,184.42,1223.77,362.14,0.7983
6648,110.911,295,436.88,492.6,613.62,845.42,0.9132
6654,111.011,260,1205.9,282.76,1317.39,505.72,0.8308
6654,111.011,261,1813.95,440.29,1915.67,706.98,0.782
6654,111.011,262,1147.28,184.41,1220.88,363.35,0.7952
6654,111.011,295,456.95,493.96,654.37,849.69,0.9023
6660,111.111,260,1180.05,283.06,1307.3,505.85,0.8475
6660,111.111,261,1830.32,470.38,1915.84,724.6,0.7623
6660,111.111,262,1139.79,184.99,1216.54,365.01,0.8058
6660,111.111,295,511.26,498.36,688.89,850.98,0.8769
6666,111.211,260,1149.68,282.37,1270.29,508.18,0.8646
6666,111.211,261,1830.01,484.23,1912.53,744.83,0.7559
6666,111.211,262,1121.29,185.17,1195.2,366.32,0.8563
6666,111.211,295,518.12,501.02,714.65,859.27,0.9208
6672,111.311,260,1102.03,281.08,1208.7,509.87,0.869
6672,111.311,261,1803.17,472.4,1906.08,757.15,0.8323
6672,111.311,262,1082.36,187.12,1153.15,365.8,0.738
6672,111.311,295,516.31,512.74,746.58,871.26,0.8992
6678,111.411,260,1031.25,276.22,1139.74,509.64,0.8348
6678,111.411,261,1778.42,470.91,1896.9,762.07,0.8551
6678,111.411,262,1028.01,185.69,1098.16,365.0,0.7265
6678,111.411,295,544.99,532.75,731.93,878.6,0.8603
6684,111.511,260,946.89,277.39,1064.03,509.33,0.8485
6684,111.511,261,1759.98,469.33,1885.21,768.41,0.8483
6684,111.511,262,967.65,184.41,1035.67,337.65,0.6563
6684,111.511,295,530.23,546.72,757.29,882.63,0.8972
6690,111.612,260,870.76,281.33,986.79,511.44,0.8376
6690,111.612,261,1729.06,478.0,1855.46,781.69,0.8889
6690,111.612,262,904.08,184.65,972.96,313.69,0.6014
6690,111.612,295,495.49,545.51,729.98,892.92,0.8954
6696,111.712,260,787.91,285.24,899.14,512.67,0.8505
6696,111.712,261,1676.31,488.39,1808.76,801.19,0.8855
6696,111.712,262,830.46,185.7,893.72,304.0,0.4644
6696,111.712,295,450.86,532.5,648.82,898.63,0.9239
6702,111.812,260,678.28,286.12,783.13,515.97,0.8163
6702,111.812,261,1580.82,493.56,1734.25,811.09,0.8831
6702,111.812,262,726.27,187.24,785.51,294.72,0.5123
6702,111.812,295,356.33,532.38,517.93,914.55,0.877
6708,111.912,260,523.17,287.51,623.97,519.58,0.8489
6708,111.912,261,1460.44,489.4,1611.97,804.22,0.85
6708,111.912,262,574.98,189.32,628.91,293.53,0.4459
6708,111.912,295,193.08,554.87,372.51,933.46,0.8898
6714,112.012,260,328.57,292.45,431.5,528.3,0.8626
6714,112.012,261,1310.57,482.17,1451.69,803.04,0.8865
6714,112.012,262,382.83,194.67,433.3,309.41,0.4479
6714,112.012,284,1661.81,570.36,1827.72,815.66,0.7913
6714,112.012,295,5.78,588.72,229.74,966.02,0.896
6714,112.012,298,1626.19,759.62,1786.97,1079.38,0.8848
6720,112.112,260,121.32,306.52,235.93,545.39,0.8739
6720,112.112,261,1134.45,483.64,1277.02,814.41,0.8931
6720,112.112,262,178.7,206.25,228.78,321.49,0.553
6720,112.112,284,1474.09,562.92,1639.75,812.38,0.841
6720,112.112,298,1448.85,761.83,1625.76,1077.51,0.8783
6726,112.212,261,958.47,502.87,1141.38,820.24,0.8872
6726,112.212,284,1303.31,556.05,1456.91,872.55,0.8133
6726,112.212,298,1273.8,762.5,1500.12,1076.18,0.8163
6732,112.312,261,783.55,513.33,990.75,823.83,0.885
6732,112.312,284,1134.5,542.0,1281.39,892.44,0.8541
6732,112.312,298,1109.25,756.02,1393.0,1079.29,0.9078
6738,112.412,261,642.18,512.68,850.91,827.81,0.8637
6738,112.412,284,977.97,525.22,1125.27,899.39,0.8852
6738,112.412,298,1024.99,747.75,1308.68,1079.43,0.8809
6744,112.512,261,579.17,517.55,752.42,838.6,0.8232
6744,112.512,284,844.38,534.55,1010.43,904.88,0.8829
6744,112.512,298,960.27,731.21,1250.11,1076.87,0.8929
6750,112.612,261,536.99,514.67,711.66,838.92,0.8822
6750,112.612,284,761.41,546.5,937.53,910.86,0.9073
6750,112.612,298,941.95,718.06,1230.53,1076.9,0.9075
6756,112.713,261,514.16,509.52,691.46,832.49,0.8629
6756,112.713,284,703.66,543.07,873.9,912.36,0.8743
6756,112.713,298,991.37,715.13,1224.92,1075.63,0.8822
6762,112.813,261,503.61,515.19,648.28,836.21,0.8156
6762,112.813,284,647.59,539.09,790.91,909.93,0.8275
6762,112.813,298,988.68,704.63,1220.27,1075.28,0.9061
6768,112.913,261,419.65,512.46,572.1,842.35,0.862
6768,112.913,284,559.34,540.61,673.53,902.09,0.8137
6768,112.913,298,919.66,695.35,1198.06,1073.41,0.8958
6774,113.013,261,422.87,541.29,573.88,888.44,0.8385
6774,113.013,298,906.79,704.92,1168.79,1080.0,0.8895
6780,113.113,298,882.86,704.42,1099.02,1072.45,0.8778
6792,113.313,335,1283.67,497.23,1496.8,792.25,0.7536
6798,113.413,298,580.37,704.91,761.17,1071.86,0.8698
6798,113.413,335,1113.76,495.09,1352.03,779.64,0.6137
6798,113.413,337,538.98,449.99,670.78,686.15,0.8572
6804,113.513,298,505.53,712.54,725.58,1073.33,0.9012
6804,113.513,335,1009.41,489.73,1221.85,780.98,0.781
6804,113.513,337,457.29,461.28,572.08,685.78,0.773
6810,113.614,298,468.88,702.88,722.1,1073.86,0.8942
6810,113.614,335,956.65,487.99,1132.17,773.23,0.7716
6810,113.614,337,443.43,455.69,538.38,676.89,0.7507
6816,113.714,298,524.09,694.62,754.09,1074.63,0.9099
6816,113.714,335,966.81,480.02,1124.01,773.56,0.8635
6816,113.714,337,465.05,446.8,565.39,669.47,0.7352
6822,113.814,298,613.85,686.91,837.28,1074.51,0.8965
6822,113.814,335,978.2,465.61,1143.57,774.3,0.8624
6822,113.814,337,493.61,442.4,601.9,663.33,0.8243
6828,113.914,298,690.85,677.22,919.12,1068.06,0.745
6828,113.914,335,1019.6,458.26,1175.23,770.97,0.8822
6828,113.914,337,527.12,444.83,627.89,655.57,0.7765
6828,113.914,349,1143.49,316.72,1247.92,514.56,0.7529
6834,114.014,298,775.3,678.41,995.84,1035.08,0.8002
6834,114.014,335,1053.08,458.12,1212.34,771.79,0.8899
6834,114.014,337,545.87,438.57,648.65,648.7,0.784
6834,114.014,349,1197.04,314.73,1270.43,515.26,0.7867
6840,114.114,298,770.04,682.41,1064.99,1027.46,0.3436
6840,114.114,335,1084.56,469.71,1247.11,776.04,0.8657
6840,114.114,337,556.01,424.02,656.12,635.66,0.8042
6840,114.114,349,1238.7,313.37,1307.5,514.11,0.811
6846,114.214,298,876.39,676.33,1156.3,1013.23,0.865
6846,114.214,335,1120.24,479.69,1294.83,781.32,0.9091
6846,114.214,337,562.63,408.49,662.49,622.85,0.8046
6846,114.214,349,1273.75,316.73,1361.05,521.16,0.762
6852,114.314,298,970.24,675.95,1211.05,1012.99,0.889
6852,114.314,335,1150.4,480.1,1330.76,782.32,0.8745
6852,114.314,337,569.77,401.34,663.09,612.65,0.8198
6852,114.314,349,1309.43,319.91,1410.29,522.24,0.824
6858,114.414,335,1203.94,472.08,1331.03,776.5,0.8765
6858,114.414,337,569.24,403.06,664.67,607.21,0.8347
6858,114.414,349,1335.01,320.34,1434.99,523.44,0.7811
6864,114.514,298,1125.48,685.05,1301.12,1007.52,0.8757
6864,114.514,335,1226.19,464.74,1333.17,770.71,0.8461
6864,114.514,337,554.05,402.5,653.1,605.79,0.8428
6864,114.514,349,1346.73,321.74,1435.21,524.68,0.7958
6870,114.615,298,1105.13,690.6,1335.38,1035.44,0.8857
6870,114.615,335,1181.54,467.29,1306.22,759.08,0.814
6870,114.615,337,473.93,401.79,577.06,599.02,0.8246
6870,114.615,349,1299.78,320.56,1390.94,528.62,0.8118
6876,114.715,298,1062.48,706.31,1277.42,1047.47,0.8319
6876,114.715,335,1098.56,465.58,1237.82,757.65,0.854
6876,114.715,337,351.52,395.49,449.6,597.85,0.8344
6876,114.715,349,1206.72,319.96,1303.69,525.64,0.8467
6882,114.815,298,999.94,707.59,1182.54,1068.47,0.8917
6882,114.815,335,995.07,460.98,1120.01,755.58,0.831
6882,114.815,337,207.26,401.05,295.32,602.49,0.7777
6882,114.815,349,1089.25,314.94,1179.06,514.45,0.7715
6882,114.815,356,1675.45,489.98,1831.87,766.69,0.7764
6888,114.915,298,914.99,704.25,1083.53,1076.65,0.8895
6888,114.915,335,888.02,454.01,997.67,747.58,0.8478
6888,114.915,337,55.57,418.69,149.32,611.93,0.7969
6888,114.915,349,968.56,312.33,1048.22,500.15,0.7839
6888,114.915,356,1502.48,471.99,1702.39,760.62,0.8833
6894,115.015,298,835.12,713.61,1010.2,1078.67,0.8858
6894,115.015,335,785.2,447.58,887.65,739.4,0.8743
6894,115.015,349,855.01,308.17,928.68,496.18,0.8437
6894,115.015,356,1360.52,457.69,1570.66,751.29,0.8191
6900,115.115,298,787.83,740.79,970.23,1078.04,0.882
6900,115.115,335,703.17,445.91,801.47,738.88,0.8527
6900,115.115,349,762.88,305.71,832.73,494.88,0.8183
6900,115.115,356,1249.45,461.84,1454.53,748.61,0.8941
6900,115.115,357,1674.75,351.14,1731.0,407.24,0.5086
6906,115.215,298,756.41,746.77,927.29,1078.09,0.8735
6906,115.215,335,644.22,448.18,749.03,740.85,0.857
6906,115.215,349,697.71,306.74,764.78,493.61,0.7609
6906,115.215,356,1174.78,458.95,1361.91,747.5,0.9097
6906,115.215,357,1602.54,348.82,1653.6,403.9,0.6043
6912,115.315,298,731.6,735.64,899.97,1077.54,0.8733
6912,115.315,335,611.63,451.59,712.11,741.63,0.8023
6912,115.315,349,657.45,308.85,724.25,505.66,0.7801
6912,115.315,356,1134.09,452.85,1301.34,746.07,0.8887
6912,115.315,357,1558.97,349.29,1603.53,399.9,0.6544
6912,115.315,360,1632.91,734.36,1820.64,1078.71,0.8744
6918,115.415,298,718.13,736.0,881.82,1075.53,0.888
6918,115.415,335,595.29,448.69,687.19,735.41,0.8495
6918,115.415,349,635.86,308.83,704.57,497.81,0.8553
6918,115.415,356,1119.96,449.73,1268.58,742.78,0.8586
6918,115.415,357,1534.16,349.74,1577.61,398.87,0.5744
6918,115.415,360,1565.55,746.43,1722.72,1076.45,0.884
6924,115.515,298,720.91,754.4,876.95,1075.52,0.8834
6924,115.515,335,588.24,444.18,675.71,727.36,0.821
6924,115.515,349,622.92,306.27,698.49,492.63,0.8474
6924,115.515,356,1103.89,446.82,1249.93,742.91,0.873
6924,115.515,357,1521.27,350.24,1562.26,398.69,0.627
6924,115.515,360,1509.9,746.08,1632.73,1077.22,0.875
6930,115.615,298,731.58,782.66,876.68,1077.03,0.8622
6930,115.615,335,584.53,441.42,684.84,722.05,0.8288
6930,115.615,349,619.89,304.57,698.69,491.98,0.8271
6930,115.615,356,1098.68,446.48,1243.13,743.85,0.8676
6930,115.615,357,1511.69,350.66,1553.97,400.48,0.6888
6930,115.615,360,1443.82,733.59,1581.37,1079.29,0.8908
6936,115.716,298,728.88,778.32,886.3,1077.67,0.8922
6936,115.716,335,581.25,442.7,688.18,720.45,0.817
6936,115.716,349,616.12,304.93,705.38,490.03,0.8207
6936,115.716,356,1092.62,445.24,1238.14,744.64,0.8745
6936,115.716,360,1380.23,729.47,1524.66,1080.0,0.8455
6942,115.816,298,733.45,768.45,911.79,1078.24,0.8863
6942,115.816,335,580.67,444.12,688.51,720.43,0.8015
6942,115.816,349,617.99,304.32,699.89,486.87,0.8492
6942,115.816,356,1090.68,444.33,1236.54,744.47,0.886
6942,115.816,357,1496.76,349.49,1543.66,398.59,0.5755
6942,115.816,360,1320.37,733.91,1467.05,1079.75,0.8798
6948,115.916,298,745.38,768.73,939.13,1078.18,0.9003
6948,115.916,335,584.25,444.65,689.45,723.92,0.7931
6948,115.916,349,619.0,302.38,693.16,483.51,0.8524
6948,115.916,356,1085.73,445.11,1250.17,745.73,0.8929
6948,115.916,357,1490.5,349.32,1542.56,396.95,0.5584
6948,115.916,360,1272.63,729.55,1407.63,1080.0,0.886
6954,116.016,298,761.78,768.97,954.5,1078.3,0.8789
6954,116.016,335,578.8,446.99,686.46,729.58,0.8169
6954,116.016,349,615.65,302.01,683.51,484.23,0.835
6954,116.016,356,1079.72,445.15,1259.1,744.25,0.8914
6954,116.016,357,1485.57,348.82,1540.3,395.39,0.5502
6954,116.016,360,1224.95,723.34,1364.54,1080.0,0.8887
6960,116.116,298,776.08,763.13,953.87,1077.34,0.9005
6960,116.116,335,565.17,450.52,684.86,733.66,0.7436
6960,116.116,349,610.51,301.06,674.47,486.29,0.7941
6960,116.116,356,1067.13,443.97,1263.34,742.6,0.8972
6960,116.116,357,1480.31,349.07,1537.41,392.14,0.5437
6960,116.116,360,1176.1,725.1,1331.82,1080.0,0.8966
6966,116.216,298,789.18,759.05,958.26,1077.02,0.897
6966,116.216,335,554.09,451.25,683.02,734.75,0.7968
6966,116.216,349,604.29,298.95,671.36,487.53,0.7997
6966,116.216,356,1054.84,442.11,1259.91,741.1,0.8609
6966,116.216,357,1480.18,349.07,1535.08,390.82,0.5296
6966,116.216,360,1141.78,728.85,1285.71,1078.25,0.8761
6972,116.316,298,802.96,752.47,969.02,1077.69,0.8929
6972,116.316,335,542.82,450.42,671.45,733.24,0.8539
6972,116.316,349,599.48,300.24,666.95,486.8,0.8023
6972,116.316,356,1089.83,441.44,1243.65,734.08,0.8315
6972,116.316,357,1481.17,348.81,1534.64,390.31,0.5767
6972,116.316,360,1108.57,721.0,1248.78,1079.42,0.8652
6978,116.416,298,811.07,745.7,973.71,1076.27,0.8781
6978,116.416,335,529.11,447.43,665.9,734.11,0.8519
6978,116.416,349,593.39,301.07,667.19,486.58,0.811
6978,116.416,356,1109.25,441.11,1228.45,733.91,0.8352
6978,116.416,357,1479.24,347.8,1533.94,389.19,0.5185
6978,116.416,360,1071.95,712.85,1234.49,1079.82,0.8856
6984,116.516,298,813.76,739.38,967.96,1075.63,0.8747
6984,116.516,335,526.7,444.61,669.8,735.66,0.8717
6984,116.516,349,589.54,302.74,668.92,492.15,0.7808
6984,116.516,356,1094.42,439.17,1223.24,736.49,0.8368
6984,116.516,357,1479.18,347.9,1536.04,389.79,0.5065
6984,116.516,360,1033.98,706.97,1218.95,1079.9,0.899
6990,116.617,298,809.0,735.71,961.06,1077.81,0.8891
6990,116.617,335,533.15,442.75,676.01,735.1,0.8451
6990,116.617,349,583.26,304.24,659.03,490.33,0.7485
6990,116.617,356,1074.98,438.5,1212.7,738.42,0.8602
6990,116.617,357,1478.11,348.51,1532.0,388.96,0.477
6990,116.617,360,1001.11,704.01,1196.04,1079.82,0.8959
6996,116.717,298,795.44,731.0,952.18,1078.88,0.8993
6996,116.717,335,551.2,440.5,679.5,736.05,0.8471
6996,116.717,349,577.97,306.25,649.32,458.29,0.7831
6996,116.717,356,1058.74,438.35,1187.41,739.08,0.856
6996,116.717,357,1476.75,348.66,1527.24,388.52,0.4684
6996,116.717,360,975.28,697.77,1171.16,1080.0,0.895
6996,116.717,367,0.24,728.29,81.78,926.0,0.6617
7002,116.817,298,769.42,717.31,933.31,1078.66,0.9008
7002,116.817,335,559.61,438.66,676.36,734.37,0.8602
7002,116.817,349,567.92,306.44,637.13,463.04,0.7808
7002,116.817,356,1036.42,437.74,1168.09,735.12,0.8385
7002,116.817,357,1474.01,348.25,1513.95,388.36,0.51
7002,116.817,360,961.12,687.67,1140.31,1080.0,0.9119
7002,116.817,367,0.0,738.84,88.66,924.68,0.67
7008,116.917,298,751.31,706.24,915.84,1077.92,0.8852
7008,116.917,335,571.05,434.92,672.31,728.79,0.8636
7008,116.917,349,552.74,308.44,622.24,479.47,0.8215
7008,116.917,356,1018.06,440.0,1152.82,731.88,0.8563
7008,116.917,360,949.72,678.43,1106.54,1079.98,0.8737
7008,116.917,367,0.0,698.38,84.77,913.75,0.4836
7014,117.017,298,736.71,697.03,914.21,1077.24,0.885
7014,117.017,335,579.76,432.67,673.2,723.18,0.8774
7014,117.017,349,543.02,309.27,611.21,501.32,0.773
7014,117.017,356,1010.91,442.8,1144.61,730.15,0.8393
7014,117.017,357,1456.96,347.96,1490.61,386.2,0.4911
7014,117.017,360,932.13,671.76,1077.63,1078.74,0.8841
7014,117.017,367,0.0,683.85,93.36,918.9,0.6237
7020,117.117,298,725.41,689.99,908.57,1078.83,0.8815
7020,117.117,335,582.74,431.04,676.24,721.36,0.865
7020,117.117,349,531.32,311.65,602.69,509.41,0.8026
7020,117.117,356,1013.19,445.1,1128.39,733.38,0.8427
7020,117.117,357,1451.94,350.17,1479.08,385.56,0.5143
7020,117.117,360,916.7,666.75,1056.87,1077.76,0.8731
7020,117.117,367,0.0,674.13,86.3,920.34,0.8097
7026,117.217,298,709.58,686.36,889.2,1076.16,0.8991
7026,117.217,335,582.63,430.43,675.11,715.29,0.8504
7026,117.217,349,516.47,313.07,590.99,515.73,0.7931
7026,117.217,356,991.64,445.66,1101.38,740.1,0.8494
7026,117.217,357,1439.85,348.13,1470.48,385.68,0.3394
7026,117.217,360,896.02,661.81,1035.08,1078.24,0.8623
7026,117.217,367,0.0,674.77,58.92,916.33,0.5327
7032,117.317,298,691.5,679.07,863.87,1076.18,0.902
7032,117.317,335,576.94,428.34,671.35,710.87,0.8417
7032,117.317,349,498.63,314.13,573.43,518.25,0.751
7032,117.317,356,972.0,444.05,1079.48,739.83,0.835
7032,117.317,360,866.43,651.75,1007.22,1058.58,0.8864
7032,117.317,367,0.0,697.19,51.6,920.85,0.4997
7038,117.417,298,675.6,668.59,829.13,1075.25,0.8755
7038,117.417,335,567.82,424.91,669.17,709.29,0.845
7038,117.417,349,481.21,312.78,554.16,521.73,0.8115
7038,117.417,356,949.45,442.89,1063.38,741.0,0.8211
7038,117.417,360,831.96,642.23,1002.63,1046.16,0.9087
7038,117.417,367,0.0,701.7,54.52,925.44,0.7242
7044,117.517,298,662.25,660.04,801.46,1073.07,0.8661
7044,117.517,335,566.81,418.46,670.13,701.15,0.8571
7044,117.517,349,470.15,313.39,534.94,513.91,0.7624
7044,117.517,356,936.53,443.4,1053.78,742.23,0.8466
7044,117.517,360,805.55,635.62,999.8,1042.47,0.8772
7044,117.517,367,0.55,689.66,67.53,929.06,0.807
7050,117.618,298,655.24,650.72,785.51,1063.5,0.8382
7050,117.618,335,571.77,415.97,673.41,694.76,0.8411
7050,117.618,349,457.81,312.96,517.66,519.61,0.7632
7050,117.618,356,932.04,443.09,1049.13,745.87,0.8594
7050,117.618,360,782.59,632.5,992.25,1040.42,0.8906
7050,117.618,367,0.78,689.48,71.06,932.58,0.8178
7050,117.618,372,41.79,937.16,204.4,1079.62,0.8257
7056,117.718,298,646.05,642.01,775.17,1065.39,0.8639
7056,117.718,335,577.83,415.23,681.31,694.43,0.8021
7056,117.718,349,448.53,314.7,509.09,523.09,0.7614
7056,117.718,356,938.76,440.5,1048.08,747.02,0.859
7056,117.718,360,769.03,623.44,976.1,1029.26,0.9107
7056,117.718,367,1.74,693.69,69.52,933.65,0.788
7056,117.718,372,35.13,917.21,205.38,1079.32,0.866
7062,117.818,298,637.12,637.38,762.78,1053.68,0.8418
7062,117.818,335,590.12,413.74,687.07,692.15,0.805
7062,117.818,349,435.82,316.78,503.91,529.07,0.754
7062,117.818,356,936.3,439.27,1049.76,745.72,0.8864
7062,117.818,360,769.35,611.32,949.07,1010.99,0.8853
7062,117.818,367,2.25,698.95,68.01,937.96,0.7501
7062,117.818,372,45.01,903.63,214.86,1079.4,0.8691
7068,117.918,298,610.32,633.83,760.67,1026.07,0.8667
7068,117.918,335,595.56,410.97,686.39,687.54,0.823
7068,117.918,349,421.01,321.3,496.37,532.46,0.7724
7068,117.918,356,931.32,438.5,1053.84,746.74,0.8849
7068,117.918,360,767.5,601.31,922.25,989.04,0.8741
7068,117.918,367,0.66,698.77,59.53,932.95,0.6335
7068,117.918,372,42.06,873.14,212.23,1078.49,0.8595
7074,118.018,298,601.49,634.86,754.14,1006.4,0.8673
7074,118.018,335,602.7,405.82,686.8,676.05,0.8114
7074,118.018,349,407.38,325.0,483.9,534.12,0.7661
7074,118.018,356,929.43,437.62,1063.18,746.3,0.873
7074,118.018,360,765.93,593.83,908.98,979.47,0.8756
7074,118.018,367,0.15,692.47,52.66,935.84,0.6042
7074,118.018,372,35.49,846.09,202.31,1078.87,0.8731
7074,118.018,373,1359.66,222.13,1404.28,373.12,0.7052
7080,118.118,298,587.45,635.34,747.2,992.69,0.882
7080,118.118,335,607.8,402.28,688.72,657.46,0.808
7080,118.118,349,394.56,327.02,467.58,534.91,0.7912
7080,118.118,356,928.38,435.47,1068.15,743.1,0.8584
7080,118.118,360,761.02,591.35,895.69,975.75,0.8578
7080,118.118,367,0.68,682.82,48.21,939.05,0.5929
7080,118.118,372,28.02,831.04,193.08,1078.94,0.8781
7080,118.118,373,1352.51,222.58,1402.58,374.63,0.7514
7086,118.218,298,529.09,623.7,736.52,980.49,0.8686
7086,118.218,335,607.34,400.06,693.66,661.65,0.8127
7086,118.218,349,382.39,330.66,456.6,533.25,0.8084
7086,118.218,356,929.49,432.07,1069.28,739.31,0.8708
7086,118.218,360,752.11,583.7,885.15,963.66,0.848
7086,118.218,367,1.06,670.0,46.38,891.97,0.5688
7086,118.218,372,25.71,811.65,185.57,1078.17,0.8552
7086,118.218,373,1347.05,223.32,1401.69,369.11,0.7256
7092,118.318,298,486.96,613.71,702.09,965.65,0.8862
7092,118.318,335,613.03,398.55,702.28,660.96,0.8061
7092,118.318,349,374.7,332.97,454.07,537.73,0.7912
7092,118.318,356,939.23,426.93,1061.28,728.15,0.8593
7092,118.318,360,741.43,571.11,883.21,940.63,0.8745
7092,118.318,367,2.26,658.19,49.37,925.6,0.5342
7092,118.318,372,19.1,786.23,189.36,1078.95,0.8291
7092,118.318,373,1345.35,222.43,1403.2,371.59,0.7216
7098,118.418,298,443.14,615.61,671.34,963.89,0.832
7098,118.418,335,619.08,394.71,706.95,659.17,0.7926
7098,118.418,349,367.74,333.9,454.47,542.34,0.786
7098,118.418,356,962.43,424.31,1069.33,720.25,0.842
7098,118.418,360,730.74,561.82,884.02,925.42,0.8662
7098,118.418,367,2.6,647.83,56.21,920.69,0.653
7098,118.418,372,30.68,768.03,197.41,1078.7,0.8602
7098,118.418,373,1346.5,220.06,1403.79,372.51,0.7256
7104,118.518,298,392.15,621.64,631.59,966.59,0.8536
7104,118.518,335,628.46,391.19,712.13,653.21,0.8029
7104,118.518,349,362.31,333.71,450.28,547.02,0.8359
7104,118.518,356,985.68,418.89,1086.84,715.53,0.7894
7104,118.518,360,724.29,557.45,885.69,920.01,0.8617
7104,118.518,367,3.09,640.07,65.55,915.36,0.7057
7104,118.518,372,43.94,763.03,207.07,1078.89,0.849
7104,118.518,373,1348.53,218.92,1403.56,370.89,0.7375
7110,118.618,298,349.4,625.28,613.52,969.9,0.876
7110,118.618,335,645.99,386.9,723.08,647.9,0.8177
7110,118.618,349,357.29,334.19,439.91,546.97,0.8219
7110,118.618,356,993.55,418.86,1105.01,714.82,0.7703
7110,118.618,360,720.79,552.56,885.65,918.52,0.8516
7110,118.618,367,3.11,633.38,76.93,927.93,0.7331
7110,118.618,372,50.59,752.35,209.98,1079.05,0.8505
7110,118.618,373,1351.39,217.31,1403.44,368.57,0.7262
7116,118.719,298,345.28,621.19,583.82,970.21,0.8838
7116,118.719,335,659.36,384.57,739.38,640.41,0.7695
7116,118.719,349,351.42,336.56,421.77,546.38,0.7604
7116,118.719,356,1000.24,417.06,1109.36,712.06,0.823
7116,118.719,360,725.74,546.81,883.13,911.93,0.8453
7116,118.719,367,3.0,631.46,91.11,929.53,0.8018
7116,118.719,372,50.18,736.53,207.32,1079.62,0.8077
7116,118.719,373,1352.77,217.36,1402.6,366.25,0.6785
7122,118.819,298,345.53,610.88,538.11,970.13,0.9081
7122,118.819,335,668.74,382.9,757.74,642.43,0.8048
7122,118.819,349,345.04,336.29,410.04,544.87,0.7811
7122,118.819,356,1009.14,414.06,1110.69,704.7,0.8205
7122,118.819,360,737.62,537.13,883.39,892.28,0.8709
7122,118.819,367,6.32,635.52,110.85,937.16,0.7751
7122,118.819,372,46.4,725.17,203.84,1079.66,0.8148
7122,118.819,373,1353.93,220.87,1402.46,363.11,0.6662
7128,118.919,298,326.4,600.41,491.48,970.16,0.8715
7128,118.919,335,673.91,382.61,765.68,641.49,0.8221
7128,118.919,349,338.88,334.09,404.94,548.13,0.7963
7128,118.919,356,1026.0,406.64,1113.05,695.38,0.865
7128,118.919,360,749.97,530.82,886.12,871.66,0.8777
7128,118.919,367,9.97,641.9,128.07,942.21,0.7819
7128,118.919,372,46.92,722.89,216.54,1079.61,0.7889
7128,118.919,373,1354.46,217.93,1402.49,362.2,0.7341
7134,119.019,298,296.63,596.02,474.51,970.22,0.8869
7134,119.019,335,680.96,380.55,769.06,637.99,0.8236
7134,119.019,349,331.23,336.47,401.67,547.82,0.7807
7134,119.019,356,1033.68,403.79,1137.74,690.96,0.8655
7134,119.019,360,761.05,525.97,890.85,864.21,0.8655
7134,119.019,367,13.75,647.4,146.41,945.28,0.6767
7134,119.019,372,48.46,715.34,215.4,1079.57,0.846
7134,119.019,373,1354.84,216.67,1402.86,362.63,0.7525
7140,119.119,298,273.51,593.08,465.62,968.67,0.8811
7140,119.119,335,688.76,375.8,771.17,633.65,0.8288
7140,119.119,349,322.64,338.86,397.35,547.83,0.7807
7140,119.119,356,1026.86,401.99,1157.35,689.57,0.8221
7140,119.119,360,767.28,524.27,897.62,861.75,0.8598
7140,119.119,367,16.59,651.53,157.99,944.95,0.616
7140,119.119,372,46.47,700.59,212.89,1079.42,0.838
7140,119.119,373,1354.75,215.66,1402.6,361.2,0.7406
7146,119.219,298,270.42,587.8,455.2,962.72,0.8974
7146,119.219,335,692.15,370.58,775.21,628.57,0.8173
7146,119.219,349,312.34,339.52,395.83,548.38,0.814
7146,119.219,356,1024.75,401.16,1169.86,689.56,0.8202
7146,119.219,360,770.91,515.93,905.96,853.45,0.8606
7146,119.219,367,20.19,659.25,163.79,945.41,0.5811
7146,119.219,372,47.23,686.94,213.93,1079.53,0.8248
7146,119.219,373,1354.66,213.9,1402.47,359.25,0.756
7152,119.319,298,288.62,577.42,446.92,942.85,0.8769
7152,119.319,335,692.7,367.99,782.38,624.64,0.8019
7152,119.319,349,302.47,341.04,390.55,548.98,0.821
7152,119.319,356,1029.14,399.99,1173.5,684.6,0.8157
7152,119.319,360,771.99,505.27,908.81,831.98,0.837
7152,119.319,367,19.7,669.06,168.46,942.11,0.531
7152,119.319,372,52.66,681.45,214.93,1079.49,0.7924
7152,119.319,373,1354.56,212.89,1402.62,355.82,0.7594
7158,119.419,298,322.08,568.28,444.38,923.62,0.8681
7158,119.419,335,694.36,366.23,785.79,623.44,0.8262
7158,119.419,349,293.39,340.46,386.82,549.81,0.8346
7158,119.419,356,1032.91,394.39,1165.19,678.07,0.8253
7158,119.419,360,772.74,497.18,908.19,817.87,0.8376
7158,119.419,367,15.52,681.06,150.08,942.03,0.6075
7158,119.419,372,55.74,682.82,215.21,1076.66,0.7969
7158,119.419,373,1355.7,211.94,1402.72,353.55,0.7774
7164,119.519,298,338.74,562.4,445.53,915.65,0.8607
7164,119.519,335,697.29,364.46,784.09,620.01,0.8179
7164,119.519,349,287.1,340.49,379.76,547.59,0.7952
7164,119.519,356,1036.7,387.91,1148.86,663.92,0.8315
7164,119.519,360,776.4,490.71,911.02,813.43,0.8519
7164,119.519,367,8.47,683.29,149.2,946.35,0.6977
7164,119.519,372,73.49,682.53,216.46,1075.4,0.7695
7164,119.519,373,1356.54,210.96,1403.24,353.63,0.7924
7170,119.62,298,346.48,559.05,447.08,913.19,0.8729
7170,119.62,335,701.91,361.84,782.03,616.33,0.8001
7170,119.62,349,283.15,339.94,373.9,546.07,0.8307
7170,119.62,356,1046.08,385.12,1146.67,657.83,0.7959
7170,119.62,360,787.33,487.94,918.52,811.18,0.8356
7170,119.62,367,3.96,696.13,144.22,950.27,0.5912
7170,119.62,372,87.88,672.41,220.56,1056.04,0.7956
7170,119.62,373,1357.41,211.12,1403.63,353.56,0.7538
7176,119.72,298,352.37,554.28,453.55,908.46,0.8829
7176,119.72,335,707.26,358.65,786.66,611.16,0.8095
7176,119.72,349,278.65,339.06,364.44,546.9,0.8483
7176,119.72,356,1063.85,382.18,1148.35,655.76,0.8178
7176,119.72,360,800.31,483.44,919.13,801.47,0.8642
7176,119.72,367,2.23,732.43,125.2,951.53,0.5565
7176,119.72,372,96.6,666.81,232.87,1037.62,0.8457
7176,119.72,373,1360.14,212.6,1402.92,352.96,0.7771
7182,119.82,298,361.82,546.86,469.55,894.17,0.8621
7182,119.82,335,711.77,357.33,794.97,602.95,0.802
7182,119.82,349,274.77,338.05,353.75,547.2,0.8245
7182,119.82,356,1073.4,380.65,1153.06,653.87,0.821
7182,119.82,360,812.58,476.17,926.15,784.26,0.8627
7182,119.82,367,1.3,751.18,123.06,945.83,0.4639
7182,119.82,372,98.28,662.5,251.03,1036.07,0.8471
7182,119.82,373,1366.71,212.87,1402.72,349.2,0.7115
7188,119.92,298,370.07,538.28,487.08,875.8,0.8754
7188,119.92,335,718.36,357.18,803.67,602.92,0.7668
7188,119.92,349,272.21,336.77,345.11,546.2,0.7931
7188,119.92,356,1080.77,380.09,1154.41,647.33,0.8363
7188,119.92,360,826.23,467.52,938.9,770.64,0.8371
7188,119.92,367,1.03,757.84,125.49,950.08,0.7398
7188,119.92,372,108.3,660.85,268.15,1035.3,0.8952
7188,119.92,373,1370.13,215.35,1400.3,347.61,0.6009
7194,120.02,298,379.1,532.91,508.23,867.06,0.8664
7194,120.02,335,725.22,356.54,811.7,602.58,0.7523
7194,120.02,349,267.38,334.5,338.59,545.18,0.7873
7194,120.02,356,1086.15,375.1,1156.13,641.46,0.8241
7194,120.02,360,838.96,464.51,952.34,766.88,0.8727
7194,120.02,367,0.57,759.67,146.74,951.98,0.5598
7194,120.02,372,125.63,660.23,286.05,1032.99,0.8882
7194,120.02,373,1372.82,215.95,1399.25,335.17,0.574
7200,120.12,298,390.34,528.87,539.44,863.95,0.8972
7200,120.12,335,731.97,355.27,815.95,601.02,0.8232
7200,120.12,349,263.07,333.05,335.03,542.64,0.7989
7200,120.12,356,1089.57,369.47,1160.34,633.87,0.8171
7200,120.12,360,848.43,460.4,964.48,761.4,0.8832
7200,120.12,367,0.62,755.5,153.69,954.38,0.7115
7200,120.12,372,150.18,659.74,301.78,1025.71,0.896
7200,120.12,373,1374.04,217.02,1398.64,328.13,0.5299
7206,120.22,298,407.07,528.61,553.27,858.25,0.8687
7206,120.22,335,739.88,352.97,821.81,597.93,0.8022
7206,120.22,349,259.82,334.4,332.87,541.02,0.8081
7206,120.22,356,1084.57,367.75,1185.02,630.27,0.8656
7206,120.22,360,853.95,455.07,977.27,753.86,0.8388
7206,120.22,367,0.55,754.65,155.45,956.64,0.834
7206,120.22,372,181.01,658.64,311.12,1021.19,0.8224
7206,120.22,373,1375.2,217.54,1398.83,315.89,0.4206
7212,120.32,298,421.91,523.82,556.67,846.31,0.8626
7212,120.32,335,748.45,350.51,826.56,595.02,0.8152
7212,120.32,349,255.84,336.31,331.14,541.86,0.7914
7212,120.32,356,1077.25,366.12,1198.52,628.56,0.7935
7212,120.32,360,862.98,447.05,982.28,734.59,0.8599
7212,120.32,367,0.51,755.47,154.48,953.89,0.8176
7212,120.32,372,201.76,656.01,335.36,1018.95,0.8553
7212,120.32,373,1375.39,218.82,1398.84,308.3,0.3552
7218,120.42,298,432.48,517.77,560.43,833.52,0.8549
7218,120.42,335,754.36,348.31,833.53,591.27,0.8165
7218,120.42,349,249.83,336.78,329.3,542.15,0.8018
7218,120.42,356,1072.38,363.81,1205.43,627.82,0.8235
7218,120.42,360,874.24,441.06,989.14,727.2,0.8468
7218,120.42,367,0.48,756.42,178.79,952.13,0.8036
7218,120.42,372,224.66,653.95,377.56,1020.54,0.8602
7218,120.42,373,1376.07,213.65,1398.7,303.25,0.4441
7218,120.42,376,0.4,467.78,105.97,726.24,0.8066
7224,120.52,298,435.85,513.59,558.89,825.68,0.8445
7224,120.52,335,757.92,346.08,839.49,588.26,0.8333
7224,120.52,349,245.32,336.56,327.45,541.14,0.7938
7224,120.52,356,1066.7,361.75,1206.97,622.87,0.827
7224,120.52,360,883.01,439.54,1005.47,724.9,0.8348
7224,120.52,367,0.65,754.71,163.45,950.0,0.811
7224,120.52,372,240.14,653.54,423.39,1024.92,0.8765
7224,120.52,373,1375.57,216.74,1398.78,301.62,0.4926
7224,120.52,376,12.12,464.66,107.76,730.9,0.774
7230,120.621,298,431.73,512.48,556.31,821.69,0.8259
7230,120.621,335,762.69,344.61,845.44,582.71,0.8128
7230,120.621,349,240.31,335.69,322.11,540.91,0.8128
7230,120.621,356,1064.69,358.47,1193.63,617.44,0.8567
7230,120.621,360,895.25,435.75,1008.79,722.71,0.8453
7230,120.621,367,0.67,754.11,156.65,951.52,0.8596
7230,120.621,372,254.28,654.29,435.21,1026.73,0.9136
7230,120.621,373,1375.23,220.78,1399.19,302.4,0.3898
7230,120.621,376,31.6,460.52,125.36,733.11,0.7881
7236,120.721,298,424.71,510.1,555.63,818.55,0.8366
7236,120.721,335,768.19,342.61,850.13,580.04,0.8251
7236,120.721,349,236.64,332.68,316.51,537.59,0.801
7236,120.721,356,1066.07,354.26,1175.48,608.39,0.8391
7236,120.721,360,905.45,428.17,1011.85,709.98,0.8511
7236,120.721,367,0.72,752.81,152.33,952.46,0.8418
7236,120.721,372,275.74,653.64,441.49,1027.2,0.8919
7236,120.721,376,44.06,460.39,169.36,727.91,0.8764
7242,120.821,298,421.44,509.64,554.82,817.38,0.8414
7242,120.821,335,777.37,338.78,855.49,576.62,0.8345
7242,120.821,349,232.58,331.67,310.78,527.37,0.774
7242,120.821,356,1076.8,353.7,1170.39,603.85,0.8034
7242,120.821,360,914.2,420.04,1020.59,693.55,0.851
7242,120.821,367,0.58,752.87,147.59,953.44,0.8552
7242,120.821,372,291.72,646.82,441.15,1026.58,0.8479
7242,120.821,376,51.9,464.14,205.28,728.4,0.8182
7248,120.921,298,423.45,506.51,560.74,815.66,0.8411
7248,120.921,335,786.6,335.63,865.62,570.08,0.8032
7248,120.921,349,234.43,329.88,307.87,526.26,0.7555
7248,120.921,356,1087.33,350.45,1169.29,601.54,0.8073
7248,120.921,360,923.21,414.98,1029.58,687.91,0.8427
7248,120.921,367,1.16,752.4,147.76,952.55,0.8168
7248,120.921,372,306.44,639.27,444.59,1025.39,0.8484
7248,120.921,376,75.67,463.86,230.17,727.43,0.849
7254,121.021,298,441.37,502.69,578.54,816.77,0.8052
7254,121.021,335,804.03,335.92,888.17,568.15,0.7898
7254,121.021,349,242.63,328.25,312.48,529.72,0.7745
7254,121.021,356,1092.17,350.88,1178.89,603.12,0.7725
7254,121.021,360,938.73,413.73,1043.45,687.8,0.7982
7254,121.021,367,3.73,753.89,167.52,951.73,0.7993
7254,121.021,372,327.1,636.97,463.66,1027.38,0.8131
7254,121.021,376,120.52,462.66,250.4,731.98,0.8071
7260,121.121,298,458.67,499.02,582.68,816.66,0.7913
7260,121.121,335,818.61,334.89,904.61,567.36,0.7815
7260,121.121,349,250.29,327.44,319.67,530.42,0.7571
7260,121.121,356,1113.79,350.13,1189.68,602.94,0.7583
7260,121.121,360,949.32,407.58,1056.1,681.42,0.8456
7260,121.121,367,3.98,753.74,215.82,950.3,0.7732
7260,121.121,372,342.28,632.99,480.05,1023.41,0.8428
7260,121.121,376,156.68,458.85,271.97,732.94,0.8553
7266,121.221,298,484.4,495.41,595.16,812.74,0.7914
7266,121.221,335,840.46,332.65,924.4,563.51,0.8055
7266,121.221,349,269.44,323.46,337.52,521.6,0.7923
7266,121.221,356,1139.73,345.65,1208.94,595.94,0.7956
7266,121.221,360,970.55,400.3,1076.37,665.01,0.8408
7266,121.221,367,14.5,750.92,262.2,948.54,0.8775
7266,121.221,372,371.01,622.83,523.62,1010.32,0.8508
7266,121.221,376,199.53,456.44,321.67,731.67,0.8275
7272,121.321,298,543.2,487.53,643.6,799.16,0.8148
7272,121.321,335,893.33,329.81,978.55,559.43,0.7882
7272,121.321,349,320.48,316.73,388.99,511.3,0.786
7272,121.321,356,1189.93,343.52,1260.07,590.0,0.7968
7272,121.321,360,1020.8,393.49,1123.33,653.97,0.8591
7272,121.321,367,60.81,741.03,322.08,941.66,0.8684
7272,121.321,372,427.47,608.55,573.34,980.98,0.8757
7272,121.321,376,269.69,454.79,398.97,729.45,0.8083
7278,121.421,298,614.97,477.56,709.04,784.19,0.8228
7278,121.421,335,965.14,325.99,1046.45,554.55,0.8124
7278,121.421,349,383.62,312.06,452.98,500.48,0.7306
7278,121.421,356,1247.86,341.17,1347.23,588.28,0.8306
7278,121.421,360,1084.47,389.25,1183.15,650.58,0.8448
7278,121.421,367,121.77,731.57,336.25,930.65,0.8313
7278,121.421,372,496.82,595.43,643.15,965.32,0.8441
7278,121.421,376,349.41,447.75,483.61,721.1,0.7928
7284,121.521,298,680.64,472.06,774.93,773.36,0.8496
7284,121.521,335,1036.42,325.58,1114.65,551.41,0.745
7284,121.521,349,445.94,307.87,516.23,480.19,0.6292
7284,121.521,356,1305.69,343.4,1422.62,590.28,0.7834
7284,121.521,360,1146.25,390.27,1240.56,650.5,0.8028
7284,121.521,367,180.64,713.92,360.43,925.56,0.8564
7284,121.521,372,567.48,589.79,715.24,956.62,0.8377
7284,121.521,376,435.14,439.17,553.94,718.78,0.7903
7284,121.521,377,66.25,756.15,198.59,1075.69,0.7882
7290,121.621,298,725.39,468.19,817.12,767.35,0.831
7290,121.621,335,1080.08,324.58,1160.17,546.67,0.7414
7290,121.621,349,486.8,305.29,559.62,474.37,0.6051
7290,121.621,356,1332.92,344.95,1468.8,589.09,0.7618
7290,121.621,360,1187.35,387.17,1280.39,645.51,0.8146
7290,121.621,367,183.31,689.44,376.27,914.22,0.6593
7290,121.621,372,619.41,582.85,757.71,949.06,0.817
7290,121.621,376,488.86,435.87,612.71,713.54,0.8446
7290,121.621,377,115.28,751.9,297.72,1075.52,0.8969
7290,121.621,378,37.32,362.98,118.23,534.38,0.6886
7296,121.722,298,753.79,465.11,841.87,766.31,0.8619
7296,121.722,335,1108.45,321.99,1185.06,546.48,0.803
7296,121.722,349,508.83,304.37,584.56,476.81,0.6337
7296,121.722,356,1354.69,343.38,1488.18,588.74,0.7058
7296,121.722,360,1211.31,382.51,1305.96,633.16,0.8009
7296,121.722,367,220.52,666.42,382.95,888.08,0.6469
7296,121.722,372,657.79,572.63,783.71,922.47,0.8501
7296,121.722,376,514.89,433.27,656.76,711.91,0.8474
7296,121.722,377,141.85,755.53,365.04,1076.64,0.8865
7296,121.722,378,63.88,358.91,135.1,527.77,0.6724
7302,121.822,298,786.01,461.57,873.7,759.34,0.8218
7302,121.822,335,1141.05,317.39,1216.51,545.39,0.7841
7302,121.822,349,537.66,301.91,612.0,476.37,0.6911
7302,121.822,356,1382.07,343.62,1494.05,581.83,0.7622
7302,121.822,360,1238.09,376.44,1334.64,625.69,0.8396
7302,121.822,367,253.01,644.03,393.88,858.72,0.588
7302,121.822,372,702.72,560.67,822.77,904.64,0.8641
7302,121.822,376,546.14,435.82,702.69,708.59,0.8413
7302,121.822,377,177.01,764.02,425.23,1078.17,0.8882
7302,121.822,378,105.75,354.64,161.1,519.24,0.7151
7308,121.922,298,820.69,459.24,910.73,749.33,0.7892
7308,121.922,335,1176.98,315.46,1252.27,535.51,0.8245
7308,121.922,349,570.94,298.41,638.26,479.54,0.7
7308,121.922,356,1417.06,346.1,1507.33,576.87,0.7259
7308,121.922,360,1266.43,376.64,1364.1,625.11,0.8042
7308,121.922,367,281.91,625.62,403.39,847.09,0.6061
7308,121.922,372,745.9,551.24,868.08,893.63,0.8401
7308,121.922,376,590.11,439.95,744.82,717.2,0.8534
7308,121.922,377,229.2,773.51,472.28,1079.63,0.8619
7308,121.922,378,141.16,344.85,200.33,513.52,0.7406
7314,122.022,298,840.52,451.14,938.62,743.76,0.743
7314,122.022,335,1199.16,313.86,1275.8,536.83,0.7788
7314,122.022,349,588.82,294.93,652.43,482.6,0.7209
7314,122.022,356,1440.8,346.75,1517.62,575.68,0.738
7314,122.022,360,1283.04,376.49,1373.53,622.64,0.7945
7314,122.022,367,291.02,613.28,394.9,881.86,0.6648
7314,122.022,372,773.43,547.94,895.76,889.21,0.821
7314,122.022,376,637.01,440.05,765.95,719.72,0.7884
7314,122.022,377,283.53,776.1,492.68,1078.9,0.8344
7314,122.022,378,159.24,343.77,227.95,512.56,0.7023
7314,122.022,379,5.0,332.69,99.53,517.5,0.777
7320,122.122,298,846.48,449.73,957.04,741.49,0.7638
7320,122.122,335,1207.77,313.27,1291.12,537.89,0.7646
7320,122.122,349,592.49,291.84,655.28,483.68,0.6514
7320,122.122,356,1446.98,346.4,1520.89,576.91,0.6845
7320,122.122,360,1284.52,371.73,1372.54,614.61,0.7916
7320,122.122,367,281.53,607.37,378.91,902.75,0.8163
7320,122.122,372,787.22,547.3,911.81,884.5,0.8255
7320,122.122,376,665.0,438.31,773.2,725.54,0.8213
7320,122.122,377,333.63,772.74,499.49,1080.0,0.8617
7320,122.122,378,161.87,344.73,235.19,510.8,0.7267
7320,122.122,379,14.41,331.71,118.34,518.21,0.6815
7326,122.222,298,857.36,450.15,964.42,732.92,0.6727
7326,122.222,335,1213.72,311.44,1298.62,538.63,0.7571
7326,122.222,349,600.06,292.05,659.95,485.0,0.6342
7326,122.222,356,1454.31,346.43,1521.51,572.27,0.7253
7326,122.222,360,1281.44,365.55,1371.66,604.07,0.7657
7326,122.222,367,276.54,603.21,377.64,913.63,0.8095
7326,122.222,372,801.2,537.39,920.98,869.17,0.8419
7326,122.222,376,682.12,435.74,790.51,723.37,0.8087
7326,122.222,377,372.74,770.09,520.58,1080.0,0.8286
7326,122.222,378,167.03,341.57,242.18,509.67,0.7524
7326,122.222,379,41.9,326.45,114.2,512.99,0.6585
7332,122.322,298,863.72,451.32,966.24,730.24,0.7592
7332,122.322,335,1225.41,308.59,1305.47,532.5,0.7246
7332,122.322,349,606.53,289.77,665.96,482.18,0.6787
7332,122.322,356,1456.69,345.06,1522.16,565.59,0.7232
7332,122.322,360,1286.07,361.38,1370.97,599.96,0.7524
7332,122.322,367,265.18,602.73,387.35,919.77,0.7925
7332,122.322,372,817.44,526.52,933.22,847.73,0.8104
7332,122.322,376,697.72,436.85,824.03,722.67,0.8261
7332,122.322,377,396.25,772.04,550.38,1079.05,0.8345
7332,122.322,378,177.4,339.52,244.44,505.23,0.7578
7332,122.322,379,62.82,324.43,123.96,509.05,0.6502
7338,122.422,298,872.78,450.42,968.62,728.84,0.7575
7338,122.422,335,1232.1,307.82,1309.52,526.13,0.7442
7338,122.422,349,611.86,288.41,668.87,477.16,0.7662
7338,122.422,356,1457.93,345.32,1524.7,558.11,0.7584
7338,122.422,360,1288.38,359.71,1369.77,597.11,0.7602
7338,122.422,367,254.01,601.76,392.11,921.97,0.8406
7338,122.422,372,832.72,518.39,948.88,838.06,0.8511
7338,122.422,376,713.31,437.76,843.87,719.72,0.8603
7338,122.422,377,427.18,775.04,587.9,1078.94,0.8751
7338,122.422,378,185.93,337.33,260.56,500.98,0.7753
7338,122.422,379,71.54,324.44,154.54,508.31,0.6816
7344,122.522,298,882.34,448.75,971.47,719.51,0.4965
7344,122.522,335,1234.8,306.99,1311.66,520.82,0.6025
7344,122.522,349,616.01,286.71,671.68,474.82,0.7853
7344,122.522,356,1457.23,345.72,1539.44,555.54,0.7793
7344,122.522,360,1288.05,359.75,1366.76,595.45,0.7583
7344,122.522,367,242.17,601.89,372.39,921.17,0.857
7344,122.522,372,850.66,513.38,968.97,833.05,0.7822
7344,122.522,376,723.77,435.74,851.92,720.71,0.8725
7344,122.522,377,472.1,774.48,612.37,1078.69,0.8621
7344,122.522,378,194.32,336.37,273.31,499.29,0.7857
7344,122.522,379,80.33,324.21,167.47,506.63,0.7469
7350,122.623,335,1238.26,306.31,1313.59,519.62,0.647
7350,122.623,349,619.04,284.95,676.33,473.57,0.7837
7350,122.623,356,1457.91,343.87,1553.77,553.62,0.7834
7350,122.623,360,1289.13,358.43,1365.08,587.67,0.7196
7350,122.623,367,230.46,603.29,339.35,928.58,0.824
7350,122.623,372,866.79,510.18,978.76,823.9,0.8043
7350,122.623,376,728.82,435.14,858.82,721.24,0.8569
7350,122.623,377,505.73,772.08,630.62,1079.02,0.8844
7350,122.623,378,200.95,335.81,284.55,497.84,0.754
7350,122.623,379,96.35,323.07,169.85,499.31,0.7128
7356,122.723,335,1242.1,304.61,1312.85,520.58,0.6463
7356,122.723,349,621.18,284.58,684.39,473.85,0.7968
7356,122.723,356,1454.06,343.7,1562.47,553.23,0.7893
7356,122.723,360,1288.51,350.26,1360.97,576.65,0.7192
7356,122.723,367,216.05,606.87,324.87,943.93,0.8325
7356,122.723,372,885.0,499.1,995.03,807.71,0.8296
7356,122.723,376,746.18,434.11,868.79,718.78,0.8531
7356,122.723,377,528.63,767.56,699.4,1079.72,0.8786
7356,122.723,378,209.74,334.1,280.3,494.19,0.7668
7356,122.723,379,116.03,320.74,174.44,497.82,0.626
7362,122.823,335,1244.47,299.15,1315.28,517.95,0.6131
7362,122.823,349,622.3,285.1,692.7,474.34,0.776
7362,122.823,356,1448.31,344.62,1561.2,550.1,0.7976
7362,122.823,360,1285.43,345.84,1358.35,570.88,0.7421
7362,122.823,367,199.58,611.1,323.78,955.81,0.8282
7362,122.823,372,898.86,491.01,1016.12,793.11,0.8658
7362,122.823,376,760.93,433.03,883.93,717.65,0.8876
7362,122.823,377,554.9,770.83,751.71,1079.47,0.8993
7362,122.823,378,215.98,332.36,279.04,492.45,0.7145
7362,122.823,379,131.46,314.85,186.82,498.62,0.717
7368,122.923,335,1248.96,296.84,1317.2,521.87,0.5124
7368,122.923,349,623.6,284.87,697.64,470.43,0.7952
7368,122.923,356,1446.02,345.33,1547.5,543.71,0.7753
7368,122.923,360,1285.58,342.13,1353.08,563.84,0.681
7368,122.923,367,182.94,615.78,321.82,961.04,0.8612
7368,122.923,372,909.27,482.48,1031.05,785.33,0.8265
7368,122.923,376,768.86,432.39,891.12,717.06,0.8368
7368,122.923,377,573.0,778.85,792.39,1079.96,0.9059
7368,122.923,378,227.76,329.06,282.61,491.6,0.6932
7368,122.923,379,143.78,311.4,211.86,497.01,0.7497
7374,123.023,349,625.91,282.11,696.25,462.34,0.7256
7374,123.023,356,1448.01,346.61,1545.15,539.81,0.7206
7374,123.023,360,1277.93,342.29,1348.37,565.26,0.7071
7374,123.023,367,170.14,621.38,319.87,965.45,0.8749
7374,123.023,372,919.04,478.75,1039.19,779.91,0.8301
7374,123.023,376,771.37,430.13,895.05,716.25,0.8432
7374,123.023,377,600.99,781.9,819.72,1079.18,0.8852
7374,123.023,378,233.92,327.94,294.16,490.08,0.7213
7374,123.023,379,150.51,312.24,228.79,493.5,0.7391
7374,123.023,385,882.8,443.62,949.31,732.69,0.3633
7380,123.123,349,630.57,278.92,692.53,460.18,0.7655
7380,123.123,356,1453.51,346.86,1549.87,539.04,0.721
7380,123.123,360,1270.7,331.9,1344.69,555.6,0.6654
7380,123.123,367,158.91,628.4,309.55,968.16,0.8739
7380,123.123,372,941.5,475.87,1049.1,770.93,0.7738
7380,123.123,376,775.55,429.77,902.2,715.15,0.8436
7380,123.123,377,643.07,781.67,820.56,1079.09,0.8862
7380,123.123,378,238.29,327.59,303.96,489.63,0.7117
7380,123.123,379,160.86,310.43,233.32,490.29,0.6732
7380,123.123,385,896.18,449.38,964.23,731.43,0.5899
7386,123.223,349,633.84,277.61,692.31,459.59,0.7745
7386,123.223,356,1461.19,345.19,1551.84,539.13,0.7367
7386,123.223,360,1266.09,309.32,1342.29,549.51,0.701
7386,123.223,367,147.52,632.79,292.12,968.94,0.8571
7386,123.223,372,959.12,470.71,1056.96,756.33,0.7797
7386,123.223,376,785.49,431.38,911.5,714.83,0.8591
7386,123.223,377,680.12,779.52,824.21,1077.61,0.8613
7386,123.223,378,242.83,325.6,309.56,489.17,0.6761
7386,123.223,379,178.67,308.2,235.81,487.6,0.6603
7386,123.223,385,888.57,446.46,970.06,734.51,0.7053
7392,123.323,349,636.21,277.18,694.25,459.61,0.7774
7392,123.323,356,1464.61,346.34,1553.69,538.6,0.7619
7392,123.323,360,1259.62,295.4,1338.91,547.02,0.8104
7392,123.323,367,134.42,635.13,267.57,969.62,0.8425
7392,123.323,372,972.01,462.84,1066.6,744.67,0.7991
7392,123.323,376,796.61,429.13,912.83,714.42,0.8229
7392,123.323,377,702.33,775.89,837.5,1078.32,0.8733
7392,123.323,378,247.72,323.47,314.44,485.33,0.6377
7392,123.323,379,193.14,306.51,249.17,483.38,0.6897
7392,123.323,385,893.5,444.94,973.34,735.68,0.7551
7398,123.423,349,638.16,276.58,697.16,461.99,0.7435
7398,123.423,356,1466.51,346.21,1558.53,538.8,0.7385
7398,123.423,360,1255.79,288.11,1338.49,545.85,0.8182
7398,123.423,367,121.42,637.34,246.45,969.44,0.8459
7398,123.423,372,984.03,454.5,1102.03,737.14,0.672
7398,123.423,376,810.5,426.2,916.71,712.09,0.7603
7398,123.423,377,700.47,776.33,883.92,1077.73,0.907
7398,123.423,378,253.99,322.8,320.8,480.88,0.6234
7398,123.423,379,204.74,306.21,262.81,481.53,0.6923
7398,123.423,385,893.42,442.06,978.57,736.98,0.7671
7404,123.523,349,640.8,275.71,699.48,460.02,0.7157
7404,123.523,356,1467.02,346.13,1561.95,539.34,0.7655
7404,123.523,360,1250.12,286.78,1338.71,540.96,0.7831
7404,123.523,367,107.02,638.2,230.28,967.8,0.8393
7404,123.523,372,996.91,451.06,1130.99,732.97,0.794
7404,123.523,376,827.18,424.89,925.6,710.66,0.7834
7404,123.523,377,703.15,773.94,926.29,1077.24,0.9162
7404,123.523,378,257.64,321.04,336.44,479.48,0.7139
7404,123.523,379,210.77,305.57,278.27,482.31,0.6293
7404,123.523,385,899.43,442.65,985.58,729.43,0.7318
7410,123.624,349,642.8,273.53,701.94,455.65,0.7538
7410,123.624,356,1467.31,345.87,1565.5,540.58,0.82
7410,123.624,360,1248.51,287.15,1339.07,532.5,0.8019
7410,123.624,367,82.17,639.09,224.69,973.55,0.8401
7410,123.624,372,1005.19,450.16,1140.28,729.28,0.8403
7410,123.624,376,837.69,424.14,939.9,703.04,0.8226
7410,123.624,377,726.26,768.29,954.62,1078.06,0.9012
7410,123.624,378,262.54,318.7,351.64,478.46,0.7335
7410,123.624,379,220.05,304.18,282.03,478.5,0.6637
7410,123.624,385,906.36,443.82,995.53,729.36,0.6943
7416,123.724,349,646.57,270.61,708.1,451.71,0.7784
7416,123.724,356,1467.89,345.45,1567.58,542.86,0.798
7416,123.724,360,1246.67,304.75,1330.01,525.52,0.6861
7416,123.724,367,60.36,642.59,220.48,974.62,0.8786
7416,123.724,372,1009.71,449.46,1141.03,727.23,0.8202
7416,123.724,376,846.27,424.39,941.97,696.57,0.8015
7416,123.724,377,771.46,763.99,970.0,1077.66,0.9034
7416,123.724,378,268.78,321.15,361.45,479.64,0.7229
7416,123.724,379,234.9,300.59,288.34,476.82,0.6357
7416,123.724,385,916.29,443.24,1012.97,731.04,0.7722
7422,123.824,349,649.65,269.31,715.92,451.23,0.7858
7422,123.824,356,1468.53,345.19,1568.09,545.97,0.8244
7422,123.824,360,1245.65,313.94,1324.76,519.67,0.699
7422,123.824,367,48.78,644.85,220.54,979.03,0.8743
7422,123.824,372,1016.86,446.2,1141.19,724.59,0.8009
7422,123.824,376,857.28,423.88,949.54,694.2,0.7528
7422,123.824,377,807.84,760.62,981.59,1078.56,0.901
7422,123.824,378,274.46,321.33,363.71,477.79,0.726
7422,123.824,379,250.65,298.85,294.88,474.03,0.6825
7422,123.824,385,923.58,445.15,1019.41,731.97,0.813
7428,123.924,349,649.59,269.73,722.14,451.97,0.7831
7428,123.924,356,1467.19,345.01,1568.24,548.39,0.8323
7428,123.924,360,1242.75,315.44,1319.5,517.79,0.7409
7428,123.924,367,33.3,645.21,215.83,982.29,0.8924
7428,123.924,372,1022.24,442.87,1139.95,722.34,0.8044
7428,123.924,376,866.45,423.14,957.35,694.14,0.805
7428,123.924,377,838.68,760.81,995.56,1078.2,0.9065
7428,123.924,378,288.27,316.69,360.58,475.83,0.6485
7428,123.924,379,261.78,296.44,305.78,473.01,0.6315
7428,123.924,385,926.93,447.42,1023.8,731.09,0.8092
7428,123.924,389,1278.24,282.77,1331.95,476.15,0.43
7434,124.024,349,650.41,270.34,724.76,450.22,0.7877
7434,124.024,356,1463.08,344.94,1568.22,549.36,0.7914
7434,124.024,360,1238.72,313.86,1310.84,516.94,0.7649
7434,124.024,367,13.97,644.28,206.99,982.88,0.9063
7434,124.024,372,1024.75,441.28,1147.23,724.29,0.8377
7434,124.024,376,875.06,423.81,975.16,697.8,0.8019
7434,124.024,377,872.91,764.34,1018.57,1077.24,0.8834
7434,124.024,378,304.07,312.99,364.5,473.91,0.7264
7434,124.024,379,267.85,295.14,327.36,472.45,0.6617
7434,124.024,385,936.78,442.35,1024.94,728.45,0.7415
7434,124.024,389,1275.77,282.34,1334.63,466.29,0.5997
7440,124.124,349,653.3,269.68,727.81,446.04,0.7408
7440,124.124,356,1458.52,345.29,1571.53,549.55,0.7476
7440,124.124,360,1233.95,306.56,1301.3,512.17,0.7137
7440,124.124,367,1.3,644.22,181.26,984.34,0.8714
7440,124.124,372,1030.18,441.78,1149.08,724.37,0.8409
7440,124.124,376,882.19,422.12,982.34,696.99,0.7527
7440,124.124,377,912.88,766.6,1050.17,1077.22,0.8845
7440,124.124,378,313.87,314.47,379.52,474.39,0.6828
7440,124.124,379,272.31,295.13,331.24,469.7,0.6468
7440,124.124,385,946.97,439.42,1025.19,731.26,0.6787
7440,124.124,389,1277.51,281.04,1336.1,472.55,0.6935
7446,124.224,349,657.62,270.59,728.12,444.62,0.7933
7446,124.224,356,1458.35,345.24,1574.48,549.93,0.7139
7446,124.224,360,1225.75,302.53,1296.38,508.19,0.7004
7446,124.224,367,0.0,647.26,149.82,985.14,0.8659
7446,124.224,372,1036.96,441.91,1151.55,723.78,0.8404
7446,124.224,376,879.56,421.08,987.46,696.71,0.7374
7446,124.224,377,955.57,766.12,1086.76,1078.0,0.8525
7446,124.224,378,318.66,316.97,400.35,470.65,0.6381
7446,124.224,379,285.95,291.54,340.79,467.3,0.6192
7446,124.224,385,954.55,437.53,1025.91,734.16,0.6044
7446,124.224,389,1279.0,280.1,1336.44,472.55,0.7422
7452,124.324,349,662.1,269.96,726.79,438.4,0.8055
7452,124.324,356,1470.31,346.0,1575.66,550.62,0.7239
7452,124.324,360,1218.07,302.33,1294.32,506.42,0.7332
7452,124.324,367,0.0,650.46,117.97,992.23,0.8671
7452,124.324,372,1038.62,441.2,1153.86,723.26,0.804
7452,124.324,376,885.44,421.4,990.7,697.33,0.766
7452,124.324,377,989.42,761.73,1124.0,1078.39,0.8771
7452,124.324,378,318.4,314.95,410.05,470.05,0.6454
7452,124.324,379,301.77,292.85,348.3,462.65,0.5897
7452,124.324,385,960.13,440.16,1029.76,726.08,0.6153
7452,124.324,389,1277.52,278.2,1338.52,470.41,0.7375
7458,124.424,349,667.79,267.68,730.71,440.66,0.7529
7458,124.424,356,1484.7,345.83,1574.04,555.8,0.7598
7458,124.424,360,1212.17,303.81,1291.88,506.59,0.7458
7458,124.424,367,0.0,654.42,104.8,1000.46,0.8545
7458,124.424,372,1037.61,441.03,1155.96,722.53,0.7633
7458,124.424,376,887.18,419.91,992.51,695.07,0.7067
7458,124.424,377,1019.23,753.59,1164.58,1079.4,0.8863
7458,124.424,378,329.04,314.7,415.79,467.75,0.6474
7458,124.424,379,313.97,290.38,359.55,464.51,0.6014
7458,124.424,385,965.16,440.07,1042.24,731.17,0.669
7458,124.424,389,1277.12,276.47,1338.64,468.27,0.7939
7464,124.524,349,673.62,267.5,732.03,441.79,0.7186
7464,124.524,356,1492.49,346.34,1573.9,562.87,0.7644
7464,124.524,360,1210.89,301.3,1290.32,501.7,0.7211
7464,124.524,367,0.0,659.33,101.44,1004.4,0.849
7464,124.524,372,1039.61,441.77,1158.13,721.96,0.7919
7464,124.524,376,889.54,416.58,999.21,694.48,0.622
7464,124.524,377,1045.8,749.12,1201.89,1079.58,0.8968
7464,124.524,378,347.12,311.64,413.73,465.5,0.6812
7464,124.524,379,321.7,289.52,368.75,461.24,0.646
7464,124.524,385,972.0,442.52,1047.7,735.21,0.6697
7464,124.524,389,1275.39,274.76,1338.64,464.56,0.7798
7470,124.624,349,678.52,266.21,735.66,442.27,0.7648
7470,124.624,356,1496.56,346.09,1578.4,568.27,0.7811
7470,124.624,360,1215.48,296.25,1289.72,494.44,0.6886
7470,124.624,367,0.0,663.36,101.38,1004.23,0.8475
7470,124.624,372,1048.78,443.21,1159.02,723.32,0.805
7470,124.624,376,891.67,413.1,1004.52,691.4,0.5501
7470,124.624,377,1070.58,749.75,1240.5,1078.17,0.897
7470,124.624,378,358.97,311.36,413.84,462.58,0.6282
7470,124.624,379,325.32,289.79,374.74,457.33,0.629
7470,124.624,385,977.74,444.15,1052.43,734.06,0.7211
7470,124.624,389,1276.01,274.57,1336.92,463.3,0.7148
7476,124.725,349,683.76,266.24,738.19,439.67,0.7865
7476,124.725,356,1501.84,347.24,1584.82,571.9,0.8167
7476,124.725,360,1219.45,293.9,1290.76,487.94,0.7415
7476,124.725,367,0.0,666.13,101.71,1007.62,0.8247
7476,124.725,372,1055.96,443.26,1157.53,725.29,0.7674
7476,124.725,376,903.79,412.65,1016.75,697.29,0.4643
7476,124.725,377,1101.53,750.74,1271.42,1078.86,0.9025
7476,124.725,378,365.39,311.0,415.98,460.44,0.648
7476,124.725,379,335.17,287.7,383.18,452.67,0.5632
7476,124.725,385,987.64,441.98,1058.3,735.27,0.6523
7476,124.725,389,1272.72,274.72,1333.9,465.68,0.687
7482,124.825,349,688.48,264.18,741.03,434.11,0.7486
7482,124.825,356,1505.94,348.8,1595.72,575.27,0.8211
7482,124.825,360,1219.47,293.29,1285.53,486.59,0.7424
7482,124.825,367,0.0,664.72,98.72,1006.9,0.8037
7482,124.825,372,1062.24,443.28,1158.88,726.75,0.7774
7482,124.825,376,919.48,412.39,1027.86,695.71,0.5026
7482,124.825,377,1136.93,748.0,1299.96,1077.39,0.8948
7482,124.825,378,369.43,309.81,426.76,459.29,0.6017
7482,124.825,379,345.71,287.32,389.73,450.58,0.523
7482,124.825,385,998.08,438.49,1065.32,736.32,0.6692
7482,124.825,389,1269.43,268.73,1331.14,467.19,0.7131
7488,124.925,349,693.8,262.76,744.82,435.18,0.7511
7488,124.925,356,1507.56,349.15,1600.78,574.86,0.8084
7488,124.925,360,1218.96,293.32,1285.05,484.45,0.7866
7488,124.925,367,0.0,662.9,86.54,1008.15,0.792
7488,124.925,372,1054.05,442.56,1160.76,730.02,0.7683
7488,124.925,376,938.03,411.89,1033.04,692.34,0.7495
7488,124.925,377,1165.97,741.76,1323.14,1078.18,0.8879
7488,124.925,378,374.56,311.43,440.05,460.57,0.6807
7488,124.925,379,352.22,285.67,392.97,441.28,0.5261
7488,124.925,385,1008.69,439.2,1073.84,735.22,0.5405
7488,124.925,389,1266.41,269.84,1326.96,463.19,0.6367
7494,125.025,349,697.14,263.03,752.29,434.86,0.7092
7494,125.025,356,1505.97,348.59,1604.65,576.59,0.7721
7494,125.025,360,1217.61,290.72,1285.79,478.39,0.7819
7494,125.025,367,0.0,662.51,63.73,1009.26,0.6696
7494,125.025,372,1050.56,442.03,1164.1,728.18,0.6365
7494,125.025,376,952.88,408.24,1037.27,687.3,0.7298
7494,125.025,377,1193.3,735.5,1349.62,1079.35,0.8903
7494,125.025,378,382.03,311.56,441.37,459.41,0.6338
7494,125.025,379,355.1,280.78,402.8,448.4,0.5705
7494,125.025,385,1014.77,439.63,1089.66,722.32,0.3947
7494,125.025,389,1263.3,263.41,1324.67,453.48,0.6389
7500,125.125,349,688.58,262.3,761.51,434.62,0.7594
7500,125.125,356,1506.91,348.4,1606.27,584.83,0.8161
7500,125.125,360,1217.05,286.73,1285.12,474.46,0.7143
7500,125.125,367,0.0,735.33,46.2,1010.76,0.6898
7500,125.125,372,1062.89,440.77,1168.71,725.58,0.7179
7500,125.125,376,963.42,406.78,1044.32,680.98,0.7646
7500,125.125,377,1210.35,732.61,1384.89,1079.74,0.9051
7500,125.125,378,391.05,310.04,446.38,459.42,0.6632
7500,125.125,379,357.26,280.88,410.59,449.33,0.6525
7500,125.125,385,1017.98,443.54,1097.71,727.43,0.5977
7500,125.125,389,1261.31,264.02,1324.0,453.42,0.6444
7506,125.225,349,678.27,262.82,767.83,431.66,0.7433
7506,125.225,356,1508.45,351.26,1608.73,593.13,0.7899
7506,125.225,360,1215.75,284.99,1284.51,471.81,0.7718
7506,125.225,367,0.0,785.31,41.66,1010.93,0.6637
7506,125.225,372,1076.34,440.36,1173.2,724.35,0.7602
7506,125.225,376,974.14,405.04,1047.4,676.78,0.6962
7506,125.225,377,1233.26,734.37,1416.72,1079.92,0.9026
7506,125.225,378,396.27,304.84,456.35,462.47,0.6763
7506,125.225,379,359.81,281.73,415.53,449.59,0.7355
7506,125.225,385,1022.8,439.88,1100.13,733.19,0.6359
7506,125.225,389,1261.52,265.5,1324.83,451.96,0.6803
7512,125.325,349,675.2,260.52,772.63,427.94,0.7718
7512,125.325,356,1509.96,355.18,1611.87,600.29,0.8473
7512,125.325,360,1215.56,284.93,1283.83,472.09,0.7861
7512,125.325,367,0.0,809.45,41.13,1011.56,0.5197
7512,125.325,372,1084.15,440.34,1176.02,725.41,0.7157
7512,125.325,376,980.65,403.97,1056.54,678.94,0.6744
7512,125.325,377,1260.87,734.51,1439.36,1080.0,0.9038
7512,125.325,378,399.51,305.07,467.28,462.62,0.6144
7512,125.325,379,361.9,280.68,419.41,447.12,0.7376
7512,125.325,385,1030.12,434.52,1097.11,724.36,0.5762
7512,125.325,389,1265.48,268.16,1325.88,450.0,0.7034
7518,125.425,349,676.36,258.39,774.12,424.61,0.792
7518,125.425,356,1519.92,356.2,1616.96,603.23,0.8239
7518,125.425,360,1215.94,285.18,1282.59,472.71,0.7431
7518,125.425,372,1072.26,439.8,1177.9,728.07,0.7899
7518,125.425,376,984.51,405.17,1080.82,683.81,0.6542
7518,125.425,377,1283.8,732.46,1446.78,1080.0,0.9016
7518,125.425,378,403.35,308.67,486.83,458.52,0.6449
7518,125.425,379,363.15,279.16,419.91,444.45,0.7725
7518,125.425,385,1039.71,430.57,1101.6,714.36,0.5041
7518,125.425,389,1267.35,264.37,1328.27,449.93,0.714
7524,125.525,349,685.94,257.72,775.24,424.13,0.7599
7524,125.525,356,1534.32,356.2,1626.49,601.88,0.8358
7524,125.525,360,1218.17,284.59,1283.87,468.66,0.6835
7524,125.525,372,1087.11,444.68,1191.18,730.66,0.6194
7524,125.525,376,987.58,408.64,1081.03,679.16,0.7211
7524,125.525,377,1294.87,729.23,1446.41,1078.78,0.8915
7524,125.525,378,408.27,310.35,497.56,461.27,0.7428
7524,125.525,379,362.53,277.06,418.27,442.58,0.7754
7524,125.525,385,1041.53,428.37,1106.86,702.91,0.4989
7524,125.525,389,1267.88,262.23,1328.9,447.01,0.7115
7530,125.626,349,702.25,258.32,774.22,420.97,0.7355
7530,125.626,356,1544.18,356.97,1640.05,605.59,0.8498
7530,125.626,360,1220.99,281.7,1283.87,464.2,0.5688
7530,125.626,372,1090.3,452.36,1219.71,736.58,0.6563
7530,125.626,376,992.68,406.49,1076.5,676.07,0.6179
7530,125.626,377,1299.28,729.51,1439.39,1077.99,0.8777
7530,125.626,378,411.77,311.25,500.4,462.14,0.6829
7530,125.626,379,358.28,276.4,413.54,441.76,0.7638
7530,125.626,385,1046.81,427.93,1111.44,702.27,0.5398
7530,125.626,389,1269.19,264.34,1327.94,447.9,0.6661
7536,125.726,349,712.28,257.9,774.52,420.12,0.7146
7536,125.726,356,1554.64,360.77,1652.79,616.0,0.8784
7536,125.726,360,1224.57,278.39,1284.18,460.07,0.6412
7536,125.726,372,1100.39,459.1,1234.68,743.92,0.7332
7536,125.726,376,997.27,404.43,1076.98,675.37,0.7386
7536,125.726,377,1298.51,731.51,1430.65,1078.06,0.8684
7536,125.726,378,415.86,311.12,506.23,463.82,0.8145
7536,125.726,379,354.39,275.62,408.62,440.93,0.7664
7536,125.726,385,1052.47,428.88,1120.64,697.01,0.5556
7536,125.726,389,1269.19,261.2,1328.28,447.74,0.6638
7542,125.826,349,713.49,256.79,774.2,420.24,0.7238
7542,125.826,356,1561.85,365.2,1661.91,619.37,0.8213
7542,125.826,360,1225.16,279.04,1283.09,459.92,0.6297
7542,125.826,372,1106.65,463.74,1239.07,749.2,0.7946
7542,125.826,376,995.59,403.74,1078.02,678.67,0.7495
7542,125.826,377,1298.04,738.08,1423.4,1078.4,0.8627
7542,125.826,378,424.1,309.21,504.44,464.84,0.7727
7542,125.826,379,350.8,276.94,405.26,441.57,0.7305
7542,125.826,385,1062.52,430.62,1127.38,686.29,0.5001
7542,125.826,389,1267.46,262.68,1326.26,444.65,0.6684
7548,125.926,349,709.59,254.45,778.76,418.7,0.698
7548,125.926,356,1569.3,365.98,1669.33,618.55,0.8173
7548,125.926,360,1223.92,278.03,1282.55,458.74,0.6229
7548,125.926,372,1113.56,466.62,1231.54,752.09,0.835
7548,125.926,376,993.52,403.43,1077.53,679.67,0.7821
7548,125.926,377,1298.69,745.4,1421.02,1078.13,0.8692
7548,125.926,378,432.73,308.55,505.54,461.84,0.7467
7548,125.926,379,346.95,277.62,407.18,441.43,0.7402
7548,125.926,385,1070.27,426.93,1134.59,684.77,0.5963
7548,125.926,389,1264.67,261.03,1322.09,442.96,0.6734
7554,126.026,349,705.31,253.5,782.46,419.67,0.665
7554,126.026,356,1579.16,365.36,1674.95,620.48,0.8318
7554,126.026,360,1222.33,275.62,1282.36,454.72,0.5674
7554,126.026,372,1124.34,469.89,1232.41,755.94,0.7671
7554,126.026,376,992.49,402.18,1074.46,677.07,0.7804
7554,126.026,377,1297.98,746.56,1426.32,1078.34,0.8741
7554,126.026,378,439.25,306.29,507.08,463.01,0.7417
7554,126.026,379,343.27,276.04,407.77,441.05,0.7282
7554,126.026,385,1073.4,423.58,1143.3,683.82,0.7026
7554,126.026,389,1262.83,260.36,1318.71,441.83,0.6547
7560,126.126,349,695.35,254.8,776.33,419.03,0.7078
7560,126.126,356,1583.77,368.03,1678.43,628.75,0.8349
7560,126.126,360,1220.09,271.14,1283.97,450.91,0.634
7560,126.126,372,1139.1,481.6,1245.99,766.21,0.7551
7560,126.126,376,993.09,401.16,1072.73,673.79,0.8298
7560,126.126,377,1294.88,744.89,1434.6,1078.29,0.8842
7560,126.126,378,444.01,307.03,507.19,464.32,0.7752
7560,126.126,379,339.57,276.63,404.41,440.79,0.7365
7560,126.126,385,1076.76,422.24,1148.79,684.31,0.7448
7560,126.126,389,1263.71,259.83,1317.16,441.22,0.6279
7566,126.226,349,691.48,253.17,763.04,418.6,0.6897
7566,126.226,356,1587.4,372.61,1679.53,637.5,0.8597
7566,126.226,360,1218.2,268.84,1284.41,449.53,0.6842
7566,126.226,372,1149.95,484.88,1254.26,777.83,0.8217
7566,126.226,376,993.86,400.38,1072.32,671.99,0.8206
7566,126.226,377,1293.85,741.97,1446.43,1079.35,0.885
7566,126.226,378,448.84,308.45,508.74,463.95,0.7218
7566,126.226,379,335.63,276.51,401.0,439.73,0.7701
7566,126.226,385,1077.28,421.27,1153.87,685.11,0.7643
7566,126.226,389,1263.97,258.93,1315.84,438.46,0.6228
7572,126.326,349,683.8,254.64,738.34,416.67,0.7044
7572,126.326,356,1593.52,377.6,1678.87,640.84,0.8646
7572,126.326,360,1217.77,267.86,1283.6,447.99,0.6491
7572,126.326,372,1170.72,484.19,1272.79,781.57,0.8488
7572,126.326,376,992.81,398.79,1076.93,671.38,0.839
7572,126.326,377,1303.89,736.58,1463.68,1079.81,0.9078
7572,126.326,378,450.78,308.28,514.61,463.06,0.7126
7572,126.326,379,333.49,276.62,397.98,439.28,0.7629
7572,126.326,385,1077.23,421.11,1156.3,686.1,0.7833
7572,126.326,389,1263.25,257.72,1315.79,437.09,0.6336
7578,126.426,349,673.53,252.29,728.87,416.01,0.7375
7578,126.426,356,1598.26,379.48,1678.84,641.69,0.8122
7578,126.426,360,1217.61,267.52,1282.92,447.56,0.6939
7578,126.426,372,1181.02,490.28,1295.78,794.37,0.8799
7578,126.426,376,991.23,398.24,1083.33,671.02,0.8187
7578,126.426,377,1323.97,731.49,1484.23,1079.92,0.9109
7578,126.426,378,453.98,307.46,517.84,463.41,0.7812
7578,126.426,379,332.25,276.69,396.64,438.18,0.757
7578,126.426,385,1076.39,420.01,1155.67,687.41,0.7638
7578,126.426,389,1262.66,258.14,1316.07,434.33,0.6369
7584,126.526,349,661.87,252.27,728.21,417.81,0.7548
7584,126.526,356,1602.01,379.94,1681.69,645.65,0.8029
7584,126.526,360,1218.26,267.41,1280.78,446.79,0.6953
7584,126.526,372,1190.23,500.28,1316.67,802.99,0.8548
7584,126.526,376,987.01,397.56,1091.55,670.91,0.8034
7584,126.526,377,1345.4,721.25,1508.24,1079.24,0.9066
7584,126.526,378,456.17,307.59,521.46,463.8,0.7975
7584,126.526,379,333.44,276.34,395.82,438.64,0.7442
7584,126.526,385,1080.31,418.72,1157.75,683.16,0.7871
7584,126.526,389,1263.28,258.0,1316.92,435.04,0.6133
7590,126.627,349,642.47,253.19,727.51,420.11,0.719
7590,126.627,356,1603.18,381.36,1682.77,652.68,0.8429
7590,126.627,360,1220.5,267.03,1279.78,441.87,0.7041
7590,126.627,372,1207.87,509.78,1327.03,815.63,0.8454
7590,126.627,376,988.68,400.19,1099.18,671.76,0.78
7590,126.627,377,1368.67,711.99,1533.93,1079.39,0.9124
7590,126.627,378,456.96,308.66,525.51,464.8,0.8131
7590,126.627,379,334.46,274.89,394.52,437.36,0.7777
7590,126.627,385,1084.88,418.62,1168.49,677.12,0.8021
7590,126.627,389,1265.18,259.7,1319.25,434.71,0.5956
7596,126.727,349,637.94,254.03,718.74,419.82,0.6554
7596,126.727,356,1605.16,383.52,1684.46,655.64,0.8407
7596,126.727,360,1222.29,265.8,1279.93,439.63,0.7427
7596,126.727,372,1234.54,509.36,1334.67,818.04,0.8149
7596,126.727,376,995.07,401.05,1104.27,673.99,0.7933
7596,126.727,377,1380.95,705.63,1550.11,1080.0,0.8959
7596,126.727,378,460.94,310.5,527.93,466.04,0.7784
7596,126.727,379,335.3,272.7,393.83,436.28,0.7642
7596,126.727,385,1091.22,418.59,1174.68,681.12,0.7762
7596,126.727,389,1267.14,258.43,1320.76,433.27,0.6383
7602,126.827,349,633.93,256.16,694.99,418.72,0.6459
7602,126.827,356,1606.53,385.53,1685.81,656.2,0.8353
7602,126.827,360,1222.72,264.36,1279.57,437.37,0.7135
7602,126.827,372,1253.17,509.38,1361.83,827.63,0.8272
7602,126.827,376,1003.7,402.01,1105.05,674.13,0.7782
7602,126.827,377,1387.56,703.48,1564.61,1079.56,0.9212
7602,126.827,378,464.45,311.12,530.04,467.44,0.7645
7602,126.827,379,336.26,273.44,392.27,431.84,0.7971
7602,126.827,385,1098.88,415.75,1177.61,682.82,0.7428
7602,126.827,389,1267.85,256.85,1321.26,428.21,0.6588
7608,126.927,349,625.21,257.34,678.2,416.02,0.6993
7608,126.927,356,1615.3,385.48,1689.07,656.91,0.7821
7608,126.927,360,1223.76,263.65,1279.58,434.87,0.7404
7608,126.927,372,1273.24,521.32,1400.53,846.34,0.8704
7608,126.927,376,1008.12,402.88,1111.65,674.54,0.7949
7608,126.927,377,1400.46,697.16,1583.24,1079.41,0.9088
7608,126.927,378,468.15,311.38,531.87,470.53,0.7896
7608,126.927,379,337.24,273.41,392.89,427.16,0.7804
7608,126.927,385,1103.65,414.95,1182.8,687.03,0.78
7608,126.927,389,1268.02,255.22,1322.18,428.48,0.6682
7614,127.027,349,619.84,256.0,672.41,416.49,0.7185
7614,127.027,356,1625.75,384.82,1696.85,656.82,0.7973
7614,127.027,360,1224.32,263.42,1280.27,433.44,0.7149
7614,127.027,372,1295.86,541.7,1423.51,874.56,0.7944
7614,127.027,376,1012.62,403.98,1113.75,672.66,0.8314
7614,127.027,377,1425.33,685.07,1598.49,1079.82,0.8862
7614,127.027,378,472.69,310.39,533.0,472.44,0.809
7614,127.027,379,339.14,273.67,394.33,426.57,0.7724
7614,127.027,385,1107.71,415.86,1188.22,690.03,0.7938
7614,127.027,389,1268.29,253.64,1322.97,428.52,0.6713
7620,127.127,349,617.57,252.63,671.1,416.48,0.7171
7620,127.127,356,1637.91,385.19,1705.95,657.75,0.7729
7620,127.127,360,1224.18,262.83,1280.47,433.02,0.7173
7620,127.127,372,1310.36,555.42,1437.78,898.11,0.8063
7620,127.127,376,1012.82,404.31,1117.72,673.29,0.8432
7620,127.127,377,1461.16,670.33,1616.89,1079.07,0.8813
7620,127.127,378,475.94,310.31,535.72,473.74,0.7979
7620,127.127,379,343.66,274.89,395.81,425.59,0.7526
7620,127.127,385,1112.85,416.45,1192.92,688.93,0.787
7620,127.127,389,1267.43,252.45,1323.4,429.13,0.6561
7626,127.227,349,618.82,252.51,672.24,416.63,0.7791
7626,127.227,356,1648.96,386.0,1714.19,659.11,0.7812
7626,127.227,360,1224.19,262.24,1282.31,432.17,0.6745
7626,127.227,372,1323.09,563.63,1443.53,913.05,0.8462
7626,127.227,376,1015.94,404.47,1120.19,671.42,0.8377
7626,127.227,377,1492.36,661.37,1644.29,1078.48,0.8962
7626,127.227,378,472.71,310.53,544.0,474.2,0.8255
7626,127.227,379,347.32,271.87,399.32,423.96,0.7594
7626,127.227,385,1116.76,417.1,1199.2,689.47,0.8056
7626,127.227,389,1269.25,251.75,1324.77,428.47,0.7071
7632,127.327,349,616.95,250.67,674.39,416.89,0.7879
7632,127.327,356,1657.92,386.59,1724.21,661.66,0.7997
7632,127.327,360,1228.1,258.88,1283.26,430.65,0.5989
7632,127.327,372,1339.85,564.32,1451.95,914.22,0.8304
7632,127.327,376,1019.55,403.81,1120.56,670.15,0.8059
7632,127.327,377,1517.42,658.67,1688.54,1079.03,0.8833
7632,127.327,378,470.31,310.94,549.02,474.23,0.7982
7632,127.327,379,351.22,268.18,408.19,424.83,0.7727
7632,127.327,385,1121.48,418.02,1202.02,688.35,0.8043
7632,127.327,389,1268.79,252.33,1325.69,429.0,0.6512
7638,127.427,349,639.26,247.13,697.43,414.68,0.7767
7638,127.427,356,1689.6,388.4,1754.36,663.01,0.7599
7638,127.427,360,1253.6,258.18,1307.77,429.2,0.6086
7638,127.427,372,1374.2,571.91,1488.15,935.85,0.8464
7638,127.427,376,1047.21,402.76,1144.68,670.66,0.7936
7638,127.427,377,1556.88,657.19,1734.75,1078.69,0.9076
7638,127.427,378,493.35,311.03,576.22,472.47,0.7753
7638,127.427,379,381.08,265.34,439.74,422.12,0.7271
7638,127.427,385,1147.76,414.85,1226.28,689.47,0.808
7638,127.427,389,1292.38,253.83,1349.75,428.81,0.6942
7644,127.527,349,669.24,245.88,736.35,407.54,0.6976
7644,127.527,356,1727.69,391.8,1793.44,663.57,0.764
7644,127.527,360,1286.88,258.3,1339.31,429.82,0.4898
7644,127.527,372,1411.4,594.61,1527.72,970.85,0.8509
7644,127.527,376,1077.45,404.25,1174.01,672.49,0.8046
7644,127.527,377,1602.34,655.78,1778.13,1078.45,0.8946
7644,127.527,378,519.56,311.71,604.83,473.95,0.7935
7644,127.527,379,418.24,262.32,477.29,420.03,0.7123
7644,127.527,385,1181.22,417.42,1256.29,691.77,0.791
7644,127.527,389,1325.04,252.0,1379.82,429.74,0.6025
7650,127.627,349,705.43,244.69,774.93,404.29,0.7399
7650,127.627,356,1764.18,395.54,1833.22,663.54,0.7691
7650,127.627,360,1322.09,261.61,1376.43,431.23,0.5283
7650,127.627,372,1450.07,610.28,1563.15,1008.22,0.8304
7650,127.627,376,1112.49,403.51,1205.35,674.95,0.8798
7650,127.627,377,1667.7,650.14,1830.16,1074.01,0.8935
7650,127.627,378,547.38,312.15,629.2,473.52,0.7233
7650,127.627,379,459.11,261.24,515.31,414.11,0.7273
7650,127.627,385,1214.6,417.99,1288.34,690.26,0.7686
7650,127.627,389,1359.65,254.36,1411.63,430.94,0.5083
7650,127.627,404,7.22,681.0,127.3,1001.8,0.8424
7656,127.728,349,737.39,244.67,796.68,404.37,0.7146
7656,127.728,356,1792.56,399.94,1870.52,661.74,0.6946
7656,127.728,360,1353.49,260.06,1403.74,434.69,0.609
7656,127.728,372,1479.16,625.6,1592.42,1034.44,0.8802
7656,127.728,376,1141.43,403.76,1231.34,673.33,0.8092
7656,127.728,377,1731.13,643.48,1879.41,1065.0,0.8878
7656,127.728,378,574.82,313.45,645.51,471.95,0.7335
7656,127.728,379,495.19,261.28,548.15,412.13,0.7661
7656,127.728,385,1241.18,419.84,1316.78,687.16,0.7994
7656,127.728,404,19.08,662.63,153.88,1000.07,0.8267
7662,127.828,349,763.35,242.14,821.0,404.99,0.6917
7662,127.828,356,1816.58,402.06,1899.11,670.12,0.757
7662,127.828,360,1376.31,273.03,1423.25,435.38,0.411
7662,127.828,372,1486.91,637.35,1623.51,1047.16,0.9035
7662,127.828,376,1163.28,404.31,1259.51,675.34,0.8014
7662,127.828,377,1770.39,640.81,1919.07,1062.47,0.8834
7662,127.828,378,596.17,313.94,662.34,475.0,0.7682
7662,127.828,379,527.69,257.05,575.25,410.16,0.7393
7662,127.828,385,1264.19,419.99,1344.59,697.31,0.7433
7662,127.828,404,34.42,655.75,178.13,994.96,0.8356
7668,127.928,349,780.07,242.81,835.76,402.38,0.7103
7668,127.928,356,1839.49,403.91,1917.88,658.74,0.7319
7668,127.928,372,1475.23,650.78,1635.01,1067.75,0.9125
7668,127.928,376,1180.99,404.6,1278.18,674.65,0.7642
7668,127.928,377,1798.28,642.6,1920.0,1060.99,0.8731
7668,127.928,378,611.56,313.53,672.99,474.03,0.7498
7668,127.928,379,552.1,252.31,593.88,406.63,0.7824
7668,127.928,385,1276.67,421.26,1361.4,700.42,0.7882
7668,127.928,404,45.48,652.05,192.23,992.46,0.8559
7668,127.928,405,1438.8,349.38,1480.19,433.22,0.4458
7674,128.028,349,791.79,240.92,843.84,399.76,0.7284
7674,128.028,356,1855.68,405.36,1920.0,646.78,0.716
7674,128.028,372,1458.44,669.75,1637.43,1080.0,0.9106
7674,128.028,376,1188.99,406.1,1299.32,679.83,0.7841
7674,128.028,377,1821.55,639.61,1920.0,1061.19,0.8009
7674,128.028,378,623.31,313.81,682.98,473.95,0.7559
7674,128.028,379,568.06,250.14,608.66,403.33,0.7681
7674,128.028,385,1289.82,420.38,1372.71,703.34,0.7984
7674,128.028,404,55.97,651.45,199.96,991.52,0.8097
7674,128.028,405,1446.64,349.62,1489.02,434.79,0.5482
7680,128.128,349,797.26,242.72,854.49,397.83,0.6909
7680,128.128,356,1867.61,406.87,1920.0,652.34,0.5424
7680,128.128,372,1440.36,690.88,1639.34,1080.0,0.8928
7680,128.128,376,1200.99,407.66,1304.84,682.3,0.8401
7680,128.128,377,1852.33,633.21,1920.0,1047.87,0.7695
7680,128.128,378,627.5,312.96,686.03,476.59,0.7556
7680,128.128,379,579.39,249.23,620.85,402.83,0.6191
7680,128.128,385,1299.59,420.19,1377.87,702.8,0.7816
7680,128.128,404,61.79,651.33,206.08,990.5,0.8376
7680,128.128,405,1454.23,349.73,1495.21,434.82,0.5799
7686,128.228,349,798.97,240.46,869.28,398.6,0.7453
7686,128.228,356,1867.61,407.59,1920.0,670.37,0.6967
7686,128.228,372,1429.66,700.5,1624.57,1080.0,0.9018
7686,128.228,376,1201.56,408.33,1307.75,685.0,0.84
7686,128.228,377,1869.41,672.48,1920.0,1042.51,0.6658
7686,128.228,378,624.57,313.61,686.53,479.1,0.8328
7686,128.228,379,583.53,248.07,626.5,401.45,0.4989
7686,128.228,385,1302.19,420.65,1378.7,701.51,0.7676
7686,128.228,404,61.51,652.07,205.65,989.66,0.8319
7686,128.228,405,1455.08,349.49,1497.22,433.61,0.6105
7686,128.228,411,585.93,244.43,625.39,352.48,0.4981
7692,128.328,349,801.19,240.58,869.36,399.87,0.7576
7692,128.328,356,1864.18,407.05,1920.0,677.75,0.7155
7692,128.328,372,1427.75,706.9,1614.13,1080.0,0.9111
7692,128.328,376,1202.49,410.2,1311.59,681.59,0.8227
7692,128.328,377,1872.64,701.11,1920.0,1040.8,0.721
7692,128.328,378,623.16,314.1,690.54,480.06,0.7961
7692,128.328,379,588.15,247.04,634.61,400.81,0.4907
7692,128.328,385,1305.77,421.16,1382.11,701.91,0.7474
7692,128.328,404,63.0,652.37,206.47,989.9,0.8373
7692,128.328,405,1458.24,349.03,1498.16,431.65,0.6434
7692,128.328,411,593.97,243.86,633.05,356.89,0.4338
7698,128.428,349,803.58,240.85,866.97,399.65,0.7712
7698,128.428,356,1860.68,406.78,1920.0,680.04,0.7368
7698,128.428,372,1428.96,719.68,1607.5,1080.0,0.9152
7698,128.428,376,1210.09,411.63,1313.72,681.45,0.7835
7698,128.428,378,614.93,314.06,695.26,481.39,0.7394
7698,128.428,379,595.96,249.22,642.61,393.75,0.5297
7698,128.428,385,1306.34,421.76,1383.17,703.0,0.7577
7698,128.428,404,62.28,653.06,206.36,989.93,0.8385
7698,128.428,405,1456.77,348.71,1499.84,430.03,0.5735
7698,128.428,411,603.34,249.77,644.25,350.96,0.3933
7704,128.528,349,806.99,237.55,866.62,396.68,0.7018
7704,128.528,356,1860.24,406.12,1920.0,681.64,0.7705
7704,128.528,372,1429.9,738.19,1600.47,1080.0,0.9096
7704,128.528,376,1213.36,411.29,1316.87,680.13,0.7982
7704,128.528,378,616.39,315.24,703.99,479.97,0.7634
7704,128.528,385,1307.23,421.94,1382.56,700.47,0.7592
7704,128.528,404,62.9,653.09,206.96,988.8,0.8346
7704,128.528,405,1458.16,348.51,1500.58,429.32,0.5963
7704,128.528,411,615.81,250.63,658.13,347.69,0.5463
7710,128.629,349,808.72,237.92,865.85,392.8,0.7498
7710,128.629,356,1858.93,405.71,1920.0,683.02,0.7665
7710,128.629,372,1421.66,755.58,1587.08,1080.0,0.8912
7710,128.629,376,1216.58,412.66,1318.21,679.63,0.7947
7710,128.629,378,621.75,317.66,709.61,479.29,0.78
7710,128.629,385,1308.05,422.24,1382.63,700.49,0.7443
7710,128.629,404,62.68,653.55,206.67,989.35,0.8374
7710,128.629,405,1459.4,348.83,1501.14,429.49,0.5604
7710,128.629,411,625.65,250.59,666.34,344.78,0.4038
7716,128.729,349,811.29,238.31,866.61,391.36,0.7882
7716,128.729,356,1844.69,404.22,1920.0,683.7,0.7997
7716,128.729,372,1407.0,763.2,1575.21,1080.0,0.9015
7716,128.729,376,1217.51,412.93,1320.43,680.1,0.7985
7716,128.729,378,627.18,317.9,712.82,481.58,0.7169
7716,128.729,385,1309.05,422.33,1382.52,701.23,0.7572
7716,128.729,404,62.01,652.92,206.62,989.35,0.8368
7716,128.729,405,1458.46,349.74,1502.7,428.73,0.519
7716,128.729,411,634.95,249.68,675.57,341.84,0.3584
7722,128.829,349,815.65,239.23,870.86,391.1,0.7598
7722,128.829,356,1833.2,403.54,1920.0,684.93,0.7408
7722,128.829,372,1391.62,770.23,1564.59,1080.0,0.9086
7722,128.829,376,1218.54,413.33,1322.5,681.28,0.7886
7722,128.829,378,629.28,317.31,711.62,481.73,0.7444
7722,128.829,385,1309.04,422.53,1382.28,701.98,0.755
7722,128.829,404,61.53,652.68,203.86,989.15,0.8363
7722,128.829,405,1459.38,349.81,1503.85,428.72,0.5268
7722,128.829,411,644.0,250.29,679.6,341.76,0.6975
7728,128.929,349,820.09,240.31,874.12,389.11,0.7242
7728,128.929,356,1826.84,402.66,1920.0,681.8,0.7117
7728,128.929,372,1379.58,784.61,1553.3,1080.0,0.9066
7728,128.929,376,1219.02,413.44,1324.07,682.25,0.7918
7728,128.929,378,634.81,316.51,712.86,481.28,0.778
7728,128.929,385,1309.56,422.35,1381.83,702.4,0.7571
7728,128.929,404,61.07,652.74,192.05,990.1,0.8296
7728,128.929,405,1459.56,349.63,1505.33,427.99,0.5071
7728,128.929,411,652.97,249.97,689.93,339.87,0.4984
7734,129.029,349,824.12,239.54,877.6,387.15,0.774
7734,129.029,356,1818.27,401.17,1919.85,679.0,0.7658
7734,129.029,372,1371.11,803.55,1542.19,1080.0,0.9043
7734,129.029,376,1220.05,413.91,1323.78,682.41,0.8066
7734,129.029,378,641.15,316.85,711.4,479.68,0.75
7734,129.029,385,1308.98,422.52,1381.54,702.11,0.7601
7734,129.029,404,61.16,652.15,169.81,990.45,0.8163
7734,129.029,405,1459.16,349.68,1505.64,426.67,0.4537
7734,129.029,411,666.63,249.65,700.32,329.95,0.3954
7740,129.129,349,827.17,239.29,881.81,387.14,0.75
7740,129.129,356,1817.67,400.95,1919.21,674.49,0.8062
7740,129.129,372,1359.59,820.74,1534.42,1080.0,0.8865
7740,129.129,376,1219.7,413.82,1323.71,682.15,0.8025
7740,129.129,378,645.57,318.29,712.14,477.47,0.7326
7740,129.129,385,1308.01,422.33,1381.56,701.85,0.7585
7740,129.129,404,61.11,648.92,160.62,989.16,0.8283
7740,129.129,405,1459.44,349.73,1506.2,426.61,0.4826
7740,129.129,411,676.9,246.81,719.95,331.67,0.6812
7746,129.229,349,830.77,237.57,885.12,388.3,0.7368
7746,129.229,356,1823.72,400.93,1913.89,672.85,0.7685
7746,129.229,372,1346.35,827.72,1530.16,1079.64,0.8983
7746,129.229,376,1219.76,413.81,1324.18,682.07,0.7945
7746,129.229,378,645.78,321.07,718.85,476.23,0.7232
7746,129.229,385,1308.01,422.13,1381.6,703.33,0.761
7746,129.229,404,60.01,645.58,159.63,987.44,0.8087
7746,129.229,405,1458.21,349.68,1505.72,426.14,0.4619
7746,129.229,411,688.85,246.39,734.93,340.48,0.651
7752,129.329,349,835.31,239.25,890.53,387.58,0.7109
7752,129.329,356,1830.93,400.95,1909.33,672.53,0.7574
7752,129.329,372,1342.95,836.9,1532.39,1080.0,0.8939
7752,129.329,376,1214.66,414.37,1321.95,682.43,0.7685
7752,129.329,378,646.29,323.92,722.61,477.69,0.7317
7752,129.329,385,1308.01,422.17,1381.38,703.76,0.7668
7752,129.329,404,58.45,642.35,160.28,987.56,0.8232
7752,129.329,405,1456.8,349.72,1505.33,427.37,0.4487
7752,129.329,411,701.01,251.53,749.71,368.18,0.5114
7758,129.429,349,838.21,236.63,899.05,385.47,0.7309
7758,129.429,356,1832.35,401.16,1904.28,670.97,0.7613
7758,129.429,372,1345.76,853.78,1539.21,1079.73,0.8725
7758,129.429,376,1205.54,414.53,1319.56,682.95,0.7909
7758,129.429,378,650.1,324.93,734.28,478.04,0.7475
7758,129.429,385,1307.05,422.32,1381.08,704.0,0.7698
7758,129.429,404,56.23,638.86,160.64,983.43,0.8409
7758,129.429,405,1453.17,349.28,1503.11,426.55,0.3711
7758,129.429,411,713.17,255.69,769.36,385.46,0.5756
7764,129.529,349,846.36,235.82,903.15,381.7,0.7516
7764,129.529,356,1829.83,400.1,1898.27,669.96,0.806
7764,129.529,372,1354.67,872.46,1553.55,1080.0,0.8741
7764,129.529,376,1202.83,413.73,1315.8,683.05,0.78
7764,129.529,378,656.24,320.19,739.15,478.75,0.7559
7764,129.529,385,1305.91,421.54,1382.08,705.23,0.7626
7764,129.529,404,56.24,636.81,163.42,977.91,0.8364
7764,129.529,405,1448.22,349.62,1501.16,426.04,0.414
7764,129.529,411,730.64,257.8,779.85,377.4,0.5878
7770,129.63,349,854.94,238.84,917.18,382.42,0.7611
7770,129.63,356,1826.18,398.06,1893.0,668.8,0.7926
7770,129.63,372,1362.78,892.25,1551.61,1079.79,0.8838
7770,129.63,376,1203.61,412.32,1315.13,683.36,0.7874
7770,129.63,378,661.45,323.84,745.75,479.15,0.7206
7770,129.63,385,1305.29,420.7,1382.25,704.58,0.7574
7770,129.63,404,57.17,634.65,171.15,975.44,0.8449
7770,129.63,405,1447.66,349.17,1497.76,426.36,0.5574
7770,129.63,411,749.28,256.7,792.94,386.08,0.5125
7776,129.73,349,863.87,246.08,927.98,384.37,0.7796
7776,129.73,356,1820.75,397.38,1887.98,667.16,0.7847
7776,129.73,372,1369.37,901.79,1552.57,1080.0,0.8841
7776,129.73,376,1204.46,411.52,1313.23,683.52,0.8154
7776,129.73,378,667.04,323.82,746.66,478.73,0.7428
7776,129.73,385,1303.48,420.62,1381.92,703.28,0.7584
7776,129.73,404,63.43,633.25,180.26,973.16,0.8101
7776,129.73,405,1442.48,348.96,1496.7,426.33,0.4809
7776,129.73,411,754.17,254.15,814.62,393.93,0.7969
7782,129.83,349,867.57,248.45,938.22,387.31,0.7845
7782,129.83,356,1812.61,396.85,1883.35,666.5,0.7831
7782,129.83,372,1371.16,910.96,1552.8,1080.0,0.8713
7782,129.83,376,1205.52,410.68,1310.96,683.31,0.8263
7782,129.83,378,670.98,323.02,743.94,477.77,0.7524
7782,129.83,385,1302.56,419.85,1381.7,702.92,0.7541
7782,129.83,404,71.56,633.99,190.65,973.9,0.7257
7782,129.83,405,1434.61,349.13,1494.74,426.32,0.4398
7782,129.83,411,764.99,252.07,833.01,397.88,0.6267
7788,129.93,349,882.15,247.6,954.11,383.38,0.7241
7788,129.93,356,1803.0,395.08,1880.69,666.45,0.8274
7788,129.93,372,1375.63,931.42,1550.26,1078.93,0.7858
7788,129.93,376,1205.93,410.99,1311.62,683.4,0.8065
7788,129.93,378,674.51,323.25,743.37,477.79,0.7618
7788,129.93,385,1302.46,419.74,1381.7,703.19,0.7495
7788,129.93,404,79.35,632.46,198.9,972.14,0.8383
7788,129.93,405,1438.56,349.15,1493.61,424.92,0.4615
7788,129.93,411,787.94,257.08,854.05,397.1,0.7035
7794,130.03,349,905.93,248.76,970.69,380.35,0.6442
7794,130.03,356,1794.16,393.64,1880.16,667.24,0.8451
7794,130.03,372,1384.41,956.01,1542.04,1078.06,0.6862
7794,130.03,376,1205.78,411.31,1312.88,682.93,0.7972
7794,130.03,378,678.37,321.87,743.75,477.95,0.7782
7794,130.03,385,1302.48,420.55,1380.2,703.33,0.7469
7794,130.03,404,85.56,629.22,201.9,962.84,0.8574
7794,130.03,405,1442.52,349.18,1491.67,424.33,0.4518
7794,130.03,411,811.99,261.05,875.78,401.18,0.6271
7800,130.13,349,922.81,247.1,985.62,381.27,0.756
7800,130.13,356,1787.65,392.13,1879.95,665.86,0.8506
7800,130.13,372,1412.07,978.26,1511.75,1079.59,0.4942
7800,130.13,376,1208.2,412.04,1315.58,681.62,0.7763
7800,130.13,378,680.6,320.85,744.75,479.79,0.767
7800,130.13,385,1304.04,420.7,1379.47,702.74,0.7395
7800,130.13,404,103.23,628.62,213.51,948.29,0.8099
7800,130.13,405,1446.18,348.8,1489.22,420.8,0.327
7800,130.13,411,830.62,257.0,899.09,403.31,0.7135
7806,130.23,349,943.91,247.77,1005.2,381.64,0.7826
7806,130.23,356,1787.19,391.83,1880.04,658.89,0.8544
7806,130.23,372,1424.0,990.56,1501.76,1080.0,0.5289
7806,130.23,376,1215.86,411.25,1317.38,682.24,0.7948
7806,130.23,378,680.35,322.37,744.53,482.28,0.7719
7806,130.23,385,1305.28,419.46,1380.89,702.62,0.7507
7806,130.23,404,127.55,625.55,250.37,941.36,0.8095
7806,130.23,405,1446.67,348.48,1487.62,416.98,0.3795
7806,130.23,411,861.93,257.38,919.44,408.23,0.6518
7812,130.33,349,967.8,251.21,1023.44,387.62,0.837
7812,130.33,356,1793.55,391.77,1880.55,653.64,0.8521
7812,130.33,372,1438.39,1003.23,1509.4,1080.0,0.6076
7812,130.33,376,1221.52,409.85,1317.93,681.82,0.8193
7812,130.33,378,679.13,322.12,745.39,484.41,0.7701
7812,130.33,385,1305.56,418.61,1381.3,702.65,0.7373
7812,130.33,404,139.42,621.63,263.61,932.99,0.8527
7812,130.33,405,1450.08,349.35,1486.86,413.78,0.343
7812,130.33,411,891.54,258.78,943.49,405.39,0.7397
7818,130.43,349,985.49,248.65,1043.23,392.19,0.7068
7818,130.43,356,1800.1,391.75,1880.87,651.21,0.8084
7818,130.43,372,1453.38,1024.02,1518.61,1080.0,0.3796
7818,130.43,376,1224.84,409.69,1317.03,681.11,0.8145
7818,130.43,378,675.1,324.43,747.46,485.49,0.7786
7818,130.43,385,1305.12,419.76,1379.48,702.51,0.7293
7818,130.43,404,145.08,623.63,289.01,931.83,0.8867
7818,130.43,411,903.96,256.92,970.05,409.04,0.7624
7824,130.53,349,1006.35,249.18,1061.0,391.14,0.7197
7824,130.53,356,1802.95,391.34,1882.96,651.74,0.8005
7824,130.53,376,1225.03,408.88,1315.13,681.74,0.8079
7824,130.53,378,669.86,325.39,750.01,486.06,0.7837
7824,130.53,385,1304.69,419.63,1380.68,702.94,0.7302
7824,130.53,404,157.36,624.91,323.97,927.86,0.8714
7824,130.53,411,928.47,255.83,998.43,415.13,0.5765
7830,130.631,349,1028.72,251.58,1087.6,403.13,0.7178
7830,130.631,356,1802.29,390.55,1882.88,651.68,0.7843
7830,130.631,376,1224.87,409.12,1312.17,682.83,0.802
7830,130.631,378,664.26,326.19,741.23,485.68,0.7202
7830,130.631,385,1302.9,419.45,1381.0,702.85,0.7331
7830,130.631,404,209.05,629.96,363.2,922.08,0.8511
7830,130.631,411,955.82,257.97,1018.47,420.21,0.7343
7836,130.731,349,1047.32,249.73,1109.64,404.93,0.7516
7836,130.731,356,1796.35,389.51,1880.97,651.32,0.8068
7836,130.731,376,1223.98,408.54,1308.61,683.79,0.7786
7836,130.731,378,659.58,325.75,736.33,487.09,0.7453
7836,130.731,385,1299.05,421.0,1379.12,701.17,0.7435
7836,130.731,404,239.13,623.9,424.91,920.08,0.8925
7836,130.731,411,976.94,256.74,1040.47,422.77,0.7833
7842,130.831,349,1074.81,249.01,1131.82,402.55,0.723
7842,130.831,356,1793.93,389.33,1879.25,650.96,0.8118
7842,130.831,376,1223.72,408.54,1307.37,683.45,0.7643
7842,130.831,378,658.73,327.3,732.05,488.08,0.7768
7842,130.831,385,1296.43,421.51,1377.74,699.9,0.7505
7842,130.831,404,279.76,612.66,482.43,912.89,0.9059
7842,130.831,411,997.93,256.89,1066.43,423.24,0.7577
7848,130.931,349,1100.38,250.87,1155.83,411.62,0.7897
7848,130.931,356,1787.15,389.95,1878.58,648.96,0.8257
7848,130.931,376,1222.82,407.92,1306.87,683.65,0.777
7848,130.931,378,659.5,326.55,729.28,489.26,0.8061
7848,130.931,385,1296.75,421.49,1377.0,700.07,0.759
7848,130.931,404,371.93,596.03,543.46,903.75,0.8876
7848,130.931,411,1021.14,265.08,1086.6,428.5,0.6991
7854,131.031,349,1126.5,260.86,1183.11,419.25,0.7059
7854,131.031,356,1779.24,390.25,1878.65,646.84,0.8329
7854,131.031,376,1221.21,408.81,1305.63,682.07,0.7909
7854,131.031,378,663.95,326.32,728.02,489.69,0.757
7854,131.031,385,1295.81,421.72,1375.99,699.83,0.7422
7854,131.031,404,407.81,585.73,617.96,873.65,0.9031
7854,131.031,411,1048.14,267.7,1115.12,436.52,0.777
7860,131.131,349,1147.33,263.26,1212.98,425.86,0.717
7860,131.131,356,1775.9,390.53,1879.77,648.04,0.8457
7860,131.131,376,1219.92,410.32,1301.57,681.9,0.8102
7860,131.131,378,664.8,326.15,726.76,490.01,0.7609
7860,131.131,385,1300.53,421.89,1377.62,701.15,0.7622
7860,131.131,404,489.52,588.17,685.3,856.87,0.8604
7860,131.131,411,1070.34,265.9,1142.52,439.92,0.7586
7866,131.231,349,1172.12,265.93,1233.34,427.0,0.7381
7866,131.231,356,1778.5,390.25,1880.41,648.05,0.8447
7866,131.231,376,1218.52,410.89,1298.13,680.98,0.8041
7866,131.231,378,661.27,326.78,726.48,491.62,0.7358
7866,131.231,385,1302.33,421.0,1380.78,701.74,0.7958
7866,131.231,404,537.6,594.5,756.41,850.25,0.8958
7866,131.231,411,1088.39,268.12,1173.39,446.64,0.6826
7872,131.331,349,1196.76,264.29,1257.68,408.45,0.4413
7872,131.331,356,1786.19,389.03,1880.79,648.85,0.8176
7872,131.331,376,1215.29,401.72,1298.54,682.41,0.726
7872,131.331,378,659.11,328.57,727.77,492.19,0.7802
7872,131.331,385,1302.45,418.89,1388.46,704.47,0.8129
7872,131.331,404,559.03,592.77,776.96,835.47,0.8762
7872,131.331,411,1107.35,271.07,1189.78,447.5,0.7398
7878,131.431,349,1218.46,267.64,1281.61,430.7,0.657
7878,131.431,356,1790.97,389.31,1881.56,649.62,0.8296
7878,131.431,376,1211.16,399.49,1296.77,681.87,0.81
7878,131.431,378,657.69,330.16,724.68,491.71,0.7881
7878,131.431,385,1301.83,419.57,1386.7,704.95,0.7756
7878,131.431,404,585.23,577.02,769.59,808.92,0.9053
7878,131.431,411,1123.36,270.72,1202.89,452.34,0.7642
7884,131.531,349,1230.02,273.65,1297.39,439.53,0.757
7884,131.531,356,1779.61,388.39,1873.47,646.59,0.775
7884,131.531,376,1189.91,400.43,1280.9,679.95,0.8213
7884,131.531,378,643.07,330.93,713.69,496.61,0.7741
7884,131.531,385,1289.94,420.75,1378.45,699.01,0.8075
7884,131.531,404,572.88,568.88,758.21,812.97,0.88
7884,131.531,411,1136.3,269.36,1210.76,453.01,0.7207
7890,131.631,349,1206.98,275.83,1276.5,445.47,0.7111
7890,131.631,356,1733.28,387.55,1828.31,641.33,0.8003
7890,131.631,376,1140.08,396.02,1228.31,678.1,0.8153
7890,131.631,378,592.58,333.32,671.63,498.93,0.7901
7890,131.631,385,1246.05,421.43,1335.51,695.32,0.8013
7890,131.631,404,550.09,562.45,738.93,815.52,0.8838
7890,131.631,411,1113.59,275.11,1183.81,442.42,0.6633
7896,131.732,349,1144.98,275.62,1211.74,448.8,0.7226
7896,131.732,356,1653.68,381.93,1746.94,634.42,0.785
7896,131.732,376,1051.55,390.67,1140.86,678.07,0.8129
7896,131.732,378,505.14,337.99,589.33,503.45,0.7727
7896,131.732,385,1162.51,419.48,1250.14,691.02,0.7896
7896,131.732,404,510.4,555.14,670.82,819.65,0.8595
7896,131.732,411,1050.88,284.73,1119.64,436.66,0.6156
7902,131.832,349,1047.83,271.37,1111.99,439.57,0.6869
7902,131.832,356,1555.42,372.56,1637.65,623.15,0.7662
7902,131.832,376,934.55,393.68,1027.86,675.61,0.8054
7902,131.832,378,385.58,344.94,473.93,510.98,0.717
7902,131.832,385,1050.85,418.98,1139.65,686.71,0.8315
7902,131.832,404,423.31,550.62,567.34,825.02,0.8518
7902,131.832,411,954.75,293.98,1020.71,425.83,0.5874
7908,131.932,349,951.17,269.6,1015.31,434.08,0.631
7908,131.932,356,1456.26,366.09,1528.67,618.47,0.8005
7908,131.932,376,817.92,395.49,911.11,672.85,0.8284
7908,131.932,378,264.17,354.23,347.45,521.25,0.7235
7908,131.932,385,939.96,418.05,1036.28,686.43,0.8329
7908,131.932,404,329.76,555.64,474.87,836.82,0.8959
7908,131.932,411,853.79,300.01,922.45,440.5,0.5064
7908,131.932,437,1100.71,246.9,1172.59,412.01,0.4622
7914,132.032,349,859.07,268.43,919.73,429.22,0.5646
7914,132.032,356,1351.57,360.46,1424.04,613.9,0.7653
7914,132.032,376,704.22,400.75,799.62,673.83,0.8226
7914,132.032,378,147.61,359.57,217.27,533.5,0.6969
7914,132.032,385,836.05,417.57,933.82,686.88,0.8238
7914,132.032,404,243.49,564.25,378.01,853.58,0.8789
7914,132.032,411,750.16,298.96,814.34,461.0,0.4791
7914,132.032,437,985.56,242.48,1048.19,412.77,0.4885
7920,132.132,349,780.79,265.37,840.68,438.99,0.6054
7920,132.132,356,1266.93,354.34,1341.83,608.62,0.7877
7920,132.132,376,607.17,407.39,713.17,676.0,0.8389
7920,132.132,378,50.13,365.83,110.69,544.03,0.7282
7920,132.132,385,759.09,419.6,851.84,688.13,0.8165
7920,132.132,404,183.9,566.31,299.7,868.76,0.8686
7920,132.132,437,884.08,239.52,951.4,414.71,0.4729
7920,132.132,439,1633.01,553.33,1759.36,940.82,0.784
7920,132.132,440,650.48,295.86,705.32,444.55,0.5626
7926,132.232,349,723.25,264.48,788.91,445.81,0.667
7926,132.232,356,1207.59,353.36,1284.41,605.18,0.7687
7926,132.232,376,536.88,410.59,651.54,678.74,0.8625
7926,132.232,378,0.0,372.5,36.85,552.87,0.6397
7926,132.232,385,715.67,420.77,795.94,686.68,0.7998
7926,132.232,404,140.66,563.16,248.32,873.02,0.865
7926,132.232,437,827.5,240.71,889.19,414.58,0.561
7926,132.232,439,1541.7,547.45,1676.54,934.84,0.8589
7926,132.232,440,581.42,290.98,641.51,478.53,0.6521
7932,132.332,349,705.19,266.72,770.83,447.69,0.7242
7932,132.332,356,1181.21,351.84,1257.92,603.45,0.7637
7932,132.332,376,496.24,413.62,609.49,679.42,0.8487
7932,132.332,385,703.7,420.09,775.79,686.07,0.7926
7932,132.332,404,126.03,561.22,250.39,875.02,0.8493
7932,132.332,437,802.23,247.9,864.67,410.27,0.5451
7932,132.332,439,1449.78,558.83,1643.67,931.76,0.9196
7932,132.332,440,541.7,290.77,614.15,493.51,0.6494
7938,132.432,349,718.54,267.29,779.91,443.24,0.6487
7938,132.432,356,1183.8,349.66,1258.6,602.37,0.8037
7938,132.432,376,482.62,413.38,585.21,678.94,0.8354
7938,132.432,385,711.75,408.14,792.19,684.75,0.7947
7938,132.432,404,137.85,558.78,263.96,875.0,0.8697
7938,132.432,437,799.9,247.15,858.66,407.46,0.5371
7938,132.432,439,1400.33,576.97,1634.43,931.49,0.9197
7938,132.432,440,532.19,299.31,612.41,504.83,0.7023
7944,132.532,349,733.22,266.68,795.32,430.69,0.6691
7944,132.532,356,1187.37,348.68,1265.23,602.47,0.8008
7944,132.532,376,469.58,414.33,568.45,678.42,0.8348
7944,132.532,385,716.23,409.44,814.98,685.6,0.8129
7944,132.532,404,148.93,556.44,265.32,874.83,0.8247
7944,132.532,437,805.21,245.34,857.69,401.89,0.6655
7944,132.532,439,1349.89,586.63,1605.93,932.63,0.8961
7944,132.532,440,523.15,314.82,613.32,505.0,0.7118
7950,132.632,349,740.58,265.6,806.3,437.27,0.7339
7950,132.632,356,1188.38,356.89,1274.85,609.04,0.8324
7950,132.632,376,458.2,415.96,562.55,675.81,0.847
7950,132.632,385,719.01,417.3,830.91,685.33,0.7811
7950,132.632,404,156.41,554.13,267.22,871.45,0.8398
7950,132.632,437,806.6,242.13,861.16,402.08,0.6889
7950,132.632,439,1309.25,587.63,1543.89,935.54,0.8837
7950,132.632,440,506.66,320.22,608.81,502.26,0.753
7956,132.733,349,759.07,261.09,823.95,425.03,0.6141
7956,132.733,356,1187.2,371.61,1278.93,613.59,0.8582
7956,132.733,376,446.28,415.91,559.42,673.45,0.8666
7956,132.733,385,728.83,415.63,830.71,683.92,0.7984
7956,132.733,404,161.24,550.03,280.97,857.91,0.8714
7956,132.733,437,808.99,234.87,865.22,397.13,0.4846
7956,132.733,439,1281.8,572.49,1487.68,936.32,0.9037
7956,132.733,440,485.56,319.19,596.6,498.61,0.6539
7962,132.833,349,770.41,258.92,838.12,413.63,0.4885
7962,132.833,356,1184.77,374.99,1275.52,598.47,0.8081
7962,132.833,376,434.83,412.25,544.77,668.28,0.8506
7962,132.833,385,749.52,413.52,831.92,686.57,0.79
7962,132.833,404,167.71,539.91,282.91,845.38,0.8657
7962,132.833,437,811.97,231.65,870.62,389.4,0.3525
7962,132.833,439,1247.12,561.86,1455.22,931.94,0.8969
7962,132.833,440,468.78,315.82,560.59,491.62,0.5786
7962,132.833,443,723.52,259.19,776.6,403.94,0.592
7968,132.933,349,780.14,256.93,853.95,432.08,0.5814
7968,132.933,356,1179.32,370.67,1270.7,574.68,0.8299
7968,132.933,376,423.54,407.58,524.11,664.75,0.8253
7968,132.933,385,764.62,411.88,846.26,690.11,0.828
7968,132.933,404,177.45,528.67,286.88,837.75,0.8698
7968,132.933,437,817.65,229.27,871.31,383.54,0.3357
7968,132.933,439,1214.65,563.08,1406.49,929.18,0.8829
7968,132.933,440,449.11,312.96,527.99,468.09,0.5728
7968,132.933,443,718.52,252.94,769.52,399.49,0.6797
7974,133.033,349,785.52,252.15,859.85,421.94,0.6147
7974,133.033,356,1179.07,362.59,1265.63,587.09,0.7936
7974,133.033,376,413.47,404.62,507.14,658.15,0.8434
7974,133.033,385,777.16,413.14,865.21,688.32,0.8239
7974,133.033,404,192.27,527.03,295.64,827.35,0.843
7974,133.033,437,816.81,223.66,867.96,379.32,0.3609
7974,133.033,439,1167.61,566.51,1324.23,925.72,0.8343
7974,133.033,440,431.01,298.55,508.38,447.5,0.464
7974,133.033,443,709.38,251.8,762.87,393.17,0.6386
7980,133.133,349,789.97,248.14,862.78,418.16,0.5595
7980,133.133,356,1175.36,348.34,1261.41,580.98,0.8196
7980,133.133,376,400.3,403.89,497.62,654.93,0.8438
7980,133.133,385,789.74,413.79,890.37,688.0,0.8777
7980,133.133,404,207.86,523.1,302.72,810.71,0.8751
7980,133.133,437,818.52,233.13,868.07,381.84,0.3127
7980,133.133,439,1107.23,559.04,1292.45,926.85,0.8923
7980,133.133,440,416.24,298.72,487.27,439.79,0.6185
7980,133.133,443,701.57,247.61,755.65,385.77,0.7318
7980,133.133,448,1111.81,280.62,1177.41,357.15,0.353
7986,133.233,349,795.59,226.57,876.08,397.82,0.6623
7986,133.233,356,1166.48,340.21,1264.45,578.83,0.8037
7986,133.233,376,388.21,409.24,489.53,651.18,0.8388
7986,133.233,385,801.17,412.61,905.44,688.73,0.8527
7986,133.233,404,222.8,507.64,310.94,802.36,0.8336
7986,133.233,439,1057.82,556.86,1258.67,922.04,0.8747
7986,133.233,440,402.07,296.7,465.66,439.48,0.6385
7986,133.233,443,691.18,240.04,750.26,381.11,0.697
7986,133.233,448,1110.8,279.39,1179.68,356.4,0.4429
7992,133.333,349,797.04,224.58,878.17,401.14,0.6074
7992,133.333,356,1153.56,332.77,1253.81,564.3,0.7738
7992,133.333,376,375.59,405.88,476.79,643.68,0.8399
7992,133.333,385,819.03,412.26,919.29,689.15,0.8226
7992,133.333,404,234.53,496.81,325.91,786.46,0.8145
7992,133.333,439,1010.72,564.25,1200.32,925.1,0.8692
7992,133.333,440,384.26,294.36,454.66,442.01,0.5689
7992,133.333,443,683.15,235.4,748.03,377.0,0.6528
7992,133.333,448,1109.97,277.7,1189.0,356.1,0.4049
7998,133.433,349,796.97,216.03,872.83,392.23,0.6788
7998,133.433,356,1140.46,324.38,1234.58,555.75,0.8644
7998,133.433,376,367.88,390.69,461.5,641.89,0.8676
7998,133.433,385,833.82,409.98,927.18,690.99,0.8371
7998,133.433,404,247.09,494.67,341.8,769.49,0.8606
7998,133.433,439,956.63,563.69,1131.34,924.25,0.8801
7998,133.433,440,366.68,295.24,435.62,421.79,0.4506
7998,133.433,443,671.49,234.71,734.21,373.59,0.7605
7998,133.433,448,1111.01,276.34,1177.66,356.65,0.3191
8004,133.533,349,795.86,212.38,869.65,389.53,0.7118
8004,133.533,356,1128.15,312.79,1219.59,550.94,0.8074
8004,133.533,376,359.23,387.78,453.93,640.52,0.8223
8004,133.533,385,844.0,406.11,928.52,690.84,0.7982
8004,133.533,404,258.35,485.84,361.51,755.84,0.8629
8004,133.533,439,909.58,553.75,1097.34,921.84,0.8639
8004,133.533,440,353.56,299.1,415.96,419.02,0.5572
8004,133.533,443,663.86,234.8,725.56,369.4,0.7629
8010,133.633,349,794.27,213.91,866.46,381.14,0.7029
8010,133.633,356,1118.12,301.95,1210.0,541.37,0.7999
8010,133.633,376,355.05,379.58,448.22,627.69,0.8634
8010,133.633,385,855.12,406.01,934.83,655.24,0.6664
8010,133.633,404,273.07,472.23,371.47,748.56,0.8004
8010,133.633,439,867.76,562.44,1059.1,914.14,0.8892
8010,133.633,440,339.34,294.32,398.38,420.9,0.5551
8010,133.633,443,656.93,226.93,714.82,364.89,0.6569
8016,133.734,349,789.12,212.11,865.86,384.05,0.719
8016,133.734,356,1112.01,304.02,1202.54,529.88,0.716
8016,133.734,376,353.07,377.44,440.98,615.12,0.8125
8016,133.734,385,865.68,404.97,946.48,655.95,0.6531
8016,133.734,404,290.21,467.09,386.12,737.08,0.7673
8016,133.734,439,824.0,562.42,987.36,912.24,0.85
8016,133.734,440,325.15,287.29,388.06,429.59,0.658
8016,133.734,443,649.21,221.89,701.4,357.59,0.7288
8022,133.834,349,800.76,210.43,863.68,377.24,0.4755
8022,133.834,356,1109.68,304.74,1185.66,521.43,0.7432
8022,133.834,376,347.7,370.82,437.5,593.77,0.8177
8022,133.834,385,873.95,399.6,962.99,664.3,0.7878
8022,133.834,404,305.89,465.11,400.65,723.9,0.8092
8022,133.834,437,816.92,212.08,860.18,363.65,0.479
8022,133.834,439,767.74,556.22,945.46,914.21,0.8186
8022,133.834,440,317.87,287.52,375.6,429.45,0.5733
8022,133.834,443,645.11,219.52,691.06,354.49,0.617
8028,133.934,356,1105.03,284.74,1192.62,512.11,0.7569
8028,133.934,376,346.89,361.13,435.43,565.55,0.7291
8028,133.934,385,878.62,394.45,975.38,659.31,0.8608
8028,133.934,404,323.57,449.35,413.37,714.32,0.8024
8028,133.934,437,815.64,210.88,859.0,356.02,0.6401
8028,133.934,439,717.51,550.03,910.29,908.13,0.8612
8028,133.934,440,306.87,285.76,365.45,448.04,0.6239
8028,133.934,443,638.36,217.0,682.93,350.17,0.7067
8028,133.934,458,769.94,218.82,832.24,378.6,0.6668
8034,134.034,356,1097.3,284.51,1186.8,500.51,0.7335
8034,134.034,376,350.43,357.85,437.05,556.76,0.5977
8034,134.034,385,880.27,392.52,985.61,657.37,0.8639
8034,134.034,404,338.09,441.35,430.26,702.28,0.8185
8034,134.034,437,813.62,210.33,859.2,353.28,0.6801
8034,134.034,439,669.54,557.63,862.36,909.66,0.8623
8034,134.034,440,297.65,283.15,356.02,446.85,0.7224
8034,134.034,443,630.63,213.7,680.91,344.02,0.6753
8034,134.034,458,761.35,219.73,828.28,379.26,0.659
8040,134.134,356,1086.0,286.27,1168.48,493.88,0.7562
8040,134.134,376,357.94,354.25,437.63,520.1,0.6091
8040,134.134,385,886.23,392.09,988.83,655.16,0.8662
8040,134.134,404,352.75,446.07,440.55,691.55,0.7675
8040,134.134,437,813.62,211.67,859.96,353.38,0.6824
8040,134.134,439,616.13,563.27,789.34,911.21,0.8718
8040,134.134,440,287.18,280.52,351.94,454.23,0.6917
8040,134.134,443,621.33,211.92,669.03,340.91,0.5858
8040,134.134,458,752.0,214.7,817.62,373.68,0.5931
8046,134.234,356,1078.99,278.71,1158.97,490.55,0.7589
8046,134.234,376,364.92,344.64,440.35,493.48,0.6399
8046,134.234,385,893.01,390.99,988.96,651.31,0.8263
8046,134.234,404,363.94,441.21,449.71,682.96,0.8262
8046,134.234,437,812.01,210.11,858.4,353.39,0.6883
8046,134.234,439,574.63,552.86,744.89,912.08,0.8464
8046,134.234,440,278.23,282.5,342.92,453.94,0.7069
8046,134.234,443,606.2,209.61,660.5,339.39,0.6649
8046,134.234,458,744.42,212.36,801.92,365.78,0.6844
8052,134.334,356,1074.02,270.57,1151.51,479.87,0.7614
8052,134.334,376,369.78,339.17,451.5,480.11,0.5145
8052,134.334,385,895.76,389.86,993.36,638.8,0.8328
8052,134.334,404,373.48,431.83,463.88,678.62,0.8053
8052,134.334,437,812.61,208.25,857.82,351.05,0.6173
8052,134.334,439,527.96,547.59,712.73,905.06,0.8778
8052,134.334,440,265.5,281.1,325.91,453.86,0.7001
8052,134.334,443,598.15,205.73,651.35,338.51,0.6242
8052,134.334,458,735.49,215.18,791.04,357.83,0.5296
8058,134.434,356,1073.89,272.59,1145.22,469.83,0.7814
8058,134.434,376,376.44,339.91,458.44,473.92,0.6314
8058,134.434,385,894.49,383.66,992.2,628.8,0.8367
8058,134.434,404,383.31,432.03,472.27,673.98,0.7222
8058,134.434,437,811.0,208.05,858.39,350.39,0.6488
8058,134.434,439,483.36,554.69,648.09,898.94,0.8311
8058,134.434,440,256.03,275.76,313.15,451.68,0.6575
8058,134.434,443,596.43,207.13,639.65,332.94,0.6016
8058,134.434,448,1128.03,239.62,1170.78,356.15,0.5171
8058,134.434,458,729.25,214.28,781.64,361.38,0.8022
8064,134.534,356,1071.66,269.85,1142.63,461.15,0.7593
8064,134.534,376,383.0,333.04,463.18,471.38,0.7589
8064,134.534,385,888.75,370.58,984.26,626.37,0.8416
8064,134.534,404,394.01,426.86,481.13,615.92,0.6607
8064,134.534,437,809.91,208.72,858.45,348.56,0.6918
8064,134.534,439,433.11,559.58,580.09,898.48,0.8292
8064,134.534,440,248.72,278.07,305.71,449.41,0.7143
8064,134.534,443,591.49,210.21,632.71,329.89,0.635
8064,134.534,448,1125.09,230.94,1172.98,354.88,0.5608
8064,134.534,458,723.08,214.77,771.31,349.56,0.6347
8070,134.635,356,1069.44,254.5,1138.96,458.47,0.6651
8070,134.635,376,389.61,323.44,469.71,465.88,0.7128
8070,134.635,385,884.28,361.84,977.7,615.34,0.8
8070,134.635,404,404.31,421.67,487.55,622.15,0.7351
8070,134.635,437,809.8,206.64,859.22,346.25,0.6175
8070,134.635,439,385.05,552.53,559.73,896.17,0.8572
8070,134.635,440,244.73,278.56,300.86,445.69,0.768
8070,134.635,443,586.06,206.2,627.49,325.92,0.618
8070,134.635,448,1124.0,221.14,1171.87,350.69,0.6086
8070,134.635,458,711.68,214.16,763.27,345.97,0.6303
8076,134.735,356,1067.17,251.18,1133.44,447.94,0.6882
8076,134.735,376,394.88,322.3,476.37,446.58,0.5059
8076,134.735,385,881.29,362.43,969.68,602.2,0.8098
8076,134.735,404,415.67,418.32,498.74,640.07,0.7854
8076,134.735,437,811.09,206.86,858.8,343.72,0.621
8076,134.735,439,336.93,550.47,524.57,889.57,0.8632
8076,134.735,440,239.52,275.13,296.18,443.72,0.7243
8076,134.735,443,581.69,206.78,624.77,323.54,0.5542
8076,134.735,448,1121.49,213.07,1171.28,349.98,0.6248
8076,134.735,458,700.88,212.18,756.5,347.51,0.7207
8082,134.835,356,1060.5,254.7,1126.73,440.42,0.7383
8082,134.835,376,403.54,319.14,481.82,447.52,0.5205
8082,134.835,385,873.76,353.95,961.68,592.55,0.7698
8082,134.835,404,430.67,416.09,510.57,645.76,0.7872
8082,134.835,437,811.25,206.5,858.52,342.25,0.5788
8082,134.835,439,283.63,557.24,471.18,890.77,0.8638
8082,134.835,440,232.82,275.9,289.82,441.53,0.7211
8082,134.835,443,576.64,205.17,615.74,320.15,0.5007
8082,134.835,448,1121.44,208.33,1171.83,348.37,0.6688
8082,134.835,458,694.29,203.83,747.02,346.85,0.6784
8088,134.935,356,1058.52,247.91,1120.8,437.14,0.8042
8088,134.935,376,410.4,310.75,487.08,445.27,0.6928
8088,134.935,385,864.05,344.3,959.73,587.42,0.758
8088,134.935,404,439.97,424.4,516.79,643.8,0.7701
8088,134.935,437,810.32,207.34,857.71,345.23,0.6488
8088,134.935,439,241.96,556.44,409.16,890.95,0.882
8088,134.935,440,225.07,277.38,288.88,436.49,0.6824
8088,134.935,443,572.19,203.14,610.16,318.05,0.5894
8088,134.935,448,1122.38,207.29,1171.43,347.74,0.714
8088,134.935,458,687.82,202.23,738.81,340.23,0.6647
8094,135.035,356,1052.11,241.45,1119.26,435.65,0.7602
8094,135.035,376,417.54,305.21,496.27,446.69,0.6438
8094,135.035,385,856.62,341.53,951.05,575.52,0.7785
8094,135.035,404,447.84,417.83,519.48,636.29,0.714
8094,135.035,437,809.61,207.37,857.38,346.53,0.6273
8094,135.035,439,199.89,546.6,373.55,887.79,0.9152
8094,135.035,440,214.88,277.47,275.76,436.64,0.7233
8094,135.035,443,565.05,198.21,602.96,315.4,0.6088
8094,135.035,448,1125.33,208.86,1171.65,347.55,0.72
8094,135.035,458,681.55,203.3,733.45,338.28,0.6729
8100,135.135,356,1050.73,245.16,1114.52,429.87,0.7054
8100,135.135,376,427.08,306.18,509.64,439.1,0.5547
8100,135.135,385,849.47,340.71,935.05,567.97,0.829
8100,135.135,404,447.78,403.58,526.09,632.94,0.8116
8100,135.135,437,807.79,207.26,856.35,346.75,0.6061
8100,135.135,439,158.76,547.12,329.58,878.03,0.8719
8100,135.135,440,209.88,274.16,265.59,435.44,0.6035
8100,135.135,443,560.81,196.09,599.18,312.64,0.5219
8100,135.135,448,1127.26,209.06,1173.36,348.46,0.7159
8100,135.135,458,679.21,201.9,726.18,333.91,0.6851
8106,135.235,356,1056.3,245.34,1115.52,423.1,0.7712
8106,135.235,376,435.36,301.1,509.37,434.45,0.5009
8106,135.235,385,837.37,335.43,920.28,566.37,0.8259
8106,135.235,404,448.12,397.34,534.39,629.25,0.8324
8106,135.235,437,807.12,205.9,855.51,347.5,0.6717
8106,135.235,439,113.81,554.38,260.61,876.9,0.8644
8106,135.235,440,206.12,277.97,257.28,428.7,0.5813
8106,135.235,443,558.62,197.55,595.88,310.82,0.4726
8106,135.235,448,1127.1,205.64,1176.04,345.32,0.754
8106,135.235,458,675.2,195.66,721.69,331.28,0.7099
8106,135.235,461,0.25,312.28,37.53,454.87,0.7138
8112,135.335,356,1051.6,238.15,1111.65,418.34,0.8021
8112,135.335,376,440.81,293.7,511.19,427.74,0.5413
8112,135.335,385,827.13,331.04,906.83,558.42,0.798
8112,135.335,404,442.21,391.99,539.5,625.23,0.8345
8112,135.335,437,807.26,204.33,854.23,347.89,0.6582
8112,135.335,439,77.63,546.75,225.7,875.06,0.8789
8112,135.335,440,202.49,278.13,252.98,425.8,0.5445
8112,135.335,443,554.49,191.48,590.59,305.21,0.5367
8112,135.335,448,1126.77,203.46,1180.01,342.24,0.7275
8112,135.335,458,669.43,192.7,719.8,326.1,0.7143
8112,135.335,461,5.13,304.08,54.81,451.21,0.7386
8118,135.435,356,1052.19,234.81,1108.71,415.69,0.7531
8118,135.435,376,444.84,293.2,514.83,424.0,0.5394
8118,135.435,385,821.11,330.69,896.69,546.42,0.8178
8118,135.435,404,445.13,387.56,543.59,618.68,0.8691
8118,135.435,437,806.02,203.53,855.08,349.25,0.5976
8118,135.435,439,38.68,540.67,205.84,863.5,0.9
8118,135.435,440,200.45,282.21,248.1,423.6,0.7314
8118,135.435,443,550.94,188.33,589.57,301.42,0.4473
8118,135.435,448,1127.83,202.32,1187.93,342.56,0.7242
8118,135.435,458,664.57,191.9,714.73,323.6,0.6554
8118,135.435,461,12.83,298.54,72.4,446.3,0.7186
8124,135.535,356,1051.05,236.19,1107.75,409.13,0.7533
8124,135.535,376,447.93,291.15,516.61,425.19,0.5771
8124,135.535,385,813.07,321.48,886.1,537.33,0.7918
8124,135.535,404,459.16,384.43,547.44,611.6,0.8258
8124,135.535,437,805.79,201.95,853.82,346.02,0.5808
8124,135.535,439,0.0,546.12,169.09,859.06,0.9028
8124,135.535,440,198.07,284.37,246.95,421.54,0.6787
8124,135.535,443,546.44,190.51,587.74,298.38,0.3393
8124,135.535,448,1129.48,202.09,1193.9,340.54,0.718
8124,135.535,458,661.02,190.26,708.38,323.97,0.6565
8124,135.535,461,26.93,299.66,80.66,439.52,0.7006
8130,135.636,356,1049.82,235.75,1105.7,404.92,0.7695
8130,135.636,376,447.53,286.06,518.14,425.62,0.5429
8130,135.636,385,805.49,307.61,878.87,530.33,0.802
8130,135.636,404,471.63,382.44,555.14,607.86,0.8201
8130,135.636,437,806.88,201.01,851.85,338.51,0.412
8130,135.636,439,0.0,544.04,112.36,853.55,0.8142
8130,135.636,440,193.01,269.73,245.72,417.83,0.5323
8130,135.636,443,542.12,194.72,582.53,296.7,0.4853
8130,135.636,448,1132.27,202.02,1197.62,341.68,0.7294
8130,135.636,458,657.65,187.01,704.97,321.47,0.6833
8130,135.636,461,38.87,296.01,92.21,437.12,0.6939
8136,135.736,356,1049.41,232.41,1104.43,402.31,0.7742
8136,135.736,376,447.41,285.29,521.06,426.5,0.5921
8136,135.736,385,797.57,309.92,872.51,519.21,0.8484
8136,135.736,404,482.67,381.06,572.1,604.71,0.8298
8136,135.736,437,806.31,200.32,852.94,339.47,0.4981
8136,135.736,439,0.0,563.95,66.26,849.46,0.75
8136,135.736,440,192.02,268.41,244.05,416.93,0.6091
8136,135.736,443,536.53,188.45,577.17,296.65,0.4147
8136,135.736,448,1134.72,201.78,1196.66,339.89,0.7477
8136,135.736,458,655.3,189.62,703.91,315.36,0.6924
8136,135.736,461,51.85,289.04,110.93,431.16,0.6925
8142,135.836,356,1048.28,231.97,1105.78,400.82,0.776
8142,135.836,376,451.27,286.68,526.39,425.0,0.6285
8142,135.836,385,791.28,305.62,865.77,515.6,0.8426
8142,135.836,404,490.99,380.17,577.65,603.15,0.7959
8142,135.836,437,805.45,199.89,853.72,342.61,0.572
8142,135.836,440,186.86,258.73,238.71,414.84,0.6383
8142,135.836,443,534.45,188.57,571.82,293.55,0.367
8142,135.836,448,1137.74,201.17,1193.18,339.94,0.7723
8142,135.836,458,653.83,186.97,702.05,315.68,0.7292
8142,135.836,461,65.82,287.24,127.51,423.52,0.663
8148,135.936,356,1048.3,232.56,1106.2,400.71,0.7292
8148,135.936,376,453.1,284.1,522.68,427.32,0.6618
8148,135.936,385,783.85,294.59,858.36,513.04,0.8061
8148,135.936,404,495.6,375.86,576.18,596.25,0.7883
8148,135.936,437,803.85,199.5,852.73,335.21,0.4748
8148,135.936,440,187.93,257.64,232.67,413.2,0.6496
8148,135.936,443,530.81,188.91,568.61,290.76,0.4145
8148,135.936,448,1141.14,200.52,1190.79,334.99,0.7362
8148,135.936,458,650.67,180.82,700.93,311.08,0.6738
8148,135.936,461,86.04,285.1,139.33,420.3,0.6334
8154,136.036,356,1046.72,229.74,1100.8,397.44,0.7317
8154,136.036,376,454.99,280.89,517.76,431.46,0.6973
8154,136.036,385,778.74,290.16,851.32,507.95,0.7848
8154,136.036,404,496.01,371.81,578.46,589.09,0.8361
8154,136.036,437,803.29,199.76,852.16,332.75,0.5294
8154,136.036,440,186.53,256.32,233.73,413.47,0.6543
8154,136.036,443,527.58,191.5,563.72,289.84,0.4087
8154,136.036,448,1142.44,200.69,1188.95,332.48,0.7642
8154,136.036,458,649.28,181.2,698.92,306.43,0.6927
8154,136.036,461,103.31,278.66,155.16,417.28,0.6539
8160,136.136,356,1043.54,223.98,1096.46,393.4,0.7204
8160,136.136,376,452.69,281.51,515.24,431.34,0.7135
8160,136.136,385,776.63,292.48,844.97,498.79,0.7932
8160,136.136,404,498.24,367.46,588.72,587.17,0.8378
8160,136.136,437,803.41,200.65,852.84,338.09,0.6799
8160,136.136,440,188.32,253.43,231.02,408.32,0.7078
8160,136.136,443,525.96,194.96,563.43,287.95,0.4617
8160,136.136,448,1142.9,200.65,1187.71,331.0,0.7814
8160,136.136,458,645.92,180.5,696.99,303.94,0.7223
8160,136.136,461,116.63,276.57,167.54,413.95,0.6847
8166,136.236,356,1038.27,222.03,1092.56,392.14,0.6275
8166,136.236,376,445.65,282.4,510.62,428.57,0.6046
8166,136.236,385,774.82,291.36,837.23,490.34,0.8168
8166,136.236,404,499.73,365.25,599.99,584.95,0.7985
8166,136.236,437,803.49,200.83,852.44,340.41,0.5751
8166,136.236,440,188.68,254.63,229.96,404.29,0.7261
8166,136.236,448,1140.94,202.08,1186.15,328.56,0.7458
8166,136.236,458,644.95,179.75,694.0,300.59,0.6337
8166,136.236,461,127.51,277.84,175.42,406.39,0.6903
8172,136.336,356,1037.07,223.09,1090.65,391.59,0.697
8172,136.336,376,436.83,274.58,507.65,432.94,0.7169
8172,136.336,385,768.19,286.24,831.53,486.07,0.7836
8172,136.336,404,498.46,365.37,605.35,581.78,0.7753
8172,136.336,437,801.88,200.85,850.81,341.33,0.5713
8172,136.336,440,189.19,258.6,230.81,398.58,0.6841
8172,136.336,443,523.08,204.13,562.09,288.54,0.3933
8172,136.336,448,1137.97,201.38,1185.42,328.66,0.7437
8172,136.336,458,644.47,180.09,692.09,297.78,0.637
8172,136.336,461,138.17,275.7,187.01,402.51,0.5756
8178,136.436,356,1032.13,224.71,1087.86,391.52,0.7523
8178,136.436,376,425.2,274.37,500.03,433.6,0.8144
8178,136.436,385,766.93,284.54,828.08,475.92,0.8029
8178,136.436,404,506.15,362.19,609.22,575.22,0.8025
8178,136.436,437,799.53,202.19,850.98,343.59,0.6242
8178,136.436,440,189.36,257.52,233.65,399.13,0.6847
8178,136.436,443,523.26,208.78,564.64,286.96,0.3176
8178,136.436,448,1135.6,201.24,1184.7,328.66,0.6998
8178,136.436,458,642.96,182.89,688.16,296.15,0.579
8178,136.436,461,146.42,269.88,197.36,401.04,0.6665
8184,136.536,356,1027.33,222.7,1082.5,391.1,0.7188
8184,136.536,376,415.86,276.46,489.35,434.87,0.6197
8184,136.536,385,765.14,282.19,827.49,469.2,0.8154
8184,136.536,404,513.1,356.89,607.94,567.85,0.7961
8184,136.536,437,799.29,202.41,850.23,343.52,0.6946
8184,136.536,440,188.43,254.74,234.54,396.64,0.6259
8184,136.536,448,1127.77,200.2,1182.61,329.28,0.6724
8184,136.536,458,640.04,181.15,685.07,295.67,0.7125
8184,136.536,461,157.45,271.34,201.65,395.61,0.5322
8190,136.637,356,1025.48,221.71,1078.5,391.52,0.6585
8190,136.637,376,404.29,272.8,478.27,437.22,0.7814
8190,136.637,385,758.71,277.65,823.59,468.01,0.837
8190,136.637,404,520.58,355.05,607.55,565.06,0.8442
8190,136.637,437,797.04,200.76,848.76,345.98,0.6317
8190,136.637,440,185.93,245.87,234.86,392.84,0.4829
8190,136.637,448,1102.45,199.15,1181.63,329.79,0.5901
8190,136.637,458,638.2,179.24,683.87,295.42,0.7367
8196,136.737,356,1022.86,221.33,1076.19,391.3,0.7088
8196,136.737,376,389.97,271.69,472.91,435.49,0.7742
8196,136.737,385,754.1,273.63,818.7,465.53,0.7861
8196,136.737,404,529.69,354.34,611.83,565.32,0.8046
8196,136.737,437,797.31,201.72,848.8,347.85,0.6142
8196,136.737,440,181.31,247.18,240.17,390.95,0.6008
8196,136.737,448,1112.91,199.39,1180.32,328.93,0.59
8196,136.737,458,634.59,177.76,679.04,293.28,0.7141
8202,136.837,356,1021.77,221.41,1075.95,389.42,0.7158
8202,136.837,376,375.69,270.92,463.77,432.37,0.7355
8202,136.837,385,751.71,273.69,817.41,459.22,0.8113
8202,136.837,404,535.24,352.01,613.15,563.43,0.8416
8202,136.837,437,797.43,202.47,847.8,346.9,0.6563
8202,136.837,440,185.49,250.96,247.0,389.17,0.6114
8202,136.837,448,1116.19,199.1,1178.97,330.22,0.6402
8202,136.837,458,632.9,175.27,674.27,290.53,0.6439
8208,136.937,356,1019.61,220.23,1073.79,390.18,0.745
8208,136.937,376,356.67,269.81,437.09,432.76,0.7816
8208,136.937,385,750.9,273.8,811.84,454.3,0.7944
8208,136.937,404,538.39,346.18,620.29,558.4,0.8594
8208,136.937,437,792.64,203.32,847.47,347.26,0.5932
8208,136.937,448,1108.68,197.71,1176.51,326.97,0.6079
8208,136.937,458,630.37,175.69,671.03,290.54,0.6095
8208,136.937,461,201.26,252.82,253.37,382.91,0.5233
8208,136.937,471,524.08,211.49,569.13,285.32,0.353
8214,137.037,356,1015.48,219.1,1070.74,385.79,0.7055
8214,137.037,376,340.73,266.42,419.27,431.11,0.7632
8214,137.037,385,748.73,266.54,807.04,449.05,0.7284
8214,137.037,404,540.34,342.79,625.77,551.48,0.8678
8214,137.037,437,788.8,203.18,843.64,347.85,0.6312
8214,137.037,440,199.04,241.55,249.13,379.65,0.3922
8214,137.037,448,1114.99,194.36,1175.03,325.0,0.595
8214,137.037,458,627.79,178.44,670.33,288.09,0.4994
8214,137.037,461,221.57,251.08,269.79,380.17,0.5778
8214,137.037,471,524.75,210.77,570.59,283.89,0.3901
8220,137.137,356,1013.35,219.02,1067.38,383.24,0.7153
8220,137.137,376,325.63,266.55,404.54,431.32,0.7298
8220,137.137,385,742.46,258.62,805.48,443.43,0.7145
8220,137.137,404,544.07,342.11,629.1,549.19,0.8429
8220,137.137,437,787.27,203.86,840.63,350.81,0.6804
8220,137.137,440,201.57,245.48,245.38,377.61,0.5523
8220,137.137,448,1123.13,193.1,1174.46,323.39,0.6321
8220,137.137,458,625.41,181.5,664.21,284.53,0.4202
8220,137.137,461,232.62,243.35,286.01,378.72,0.6681
8220,137.137,471,524.47,210.55,569.53,283.98,0.3395
8226,137.237,356,1004.64,219.07,1065.23,381.67,0.7265
8226,137.237,376,306.2,272.26,383.84,431.05,0.7756
8226,137.237,385,736.89,260.26,803.32,438.48,0.742
8226,137.237,404,549.12,341.84,631.29,546.42,0.7887
8226,137.237,437,786.13,203.96,839.45,352.43,0.6916
8226,137.237,440,201.5,248.54,248.19,376.49,0.633
8226,137.237,448,1127.99,192.58,1173.43,319.78,0.5849
8226,137.237,458,622.7,179.33,660.54,286.28,0.4051
8226,137.237,461,249.45,244.1,302.98,375.81,0.3951
8226,137.237,471,525.05,208.92,570.23,284.49,0.3276
8232,137.337,356,1001.56,219.28,1066.53,380.82,0.7231
8232,137.337,376,289.72,269.93,357.3,433.62,0.7244
8232,137.337,385,729.76,259.89,795.39,437.39,0.7912
8232,137.337,404,556.54,340.07,634.85,545.78,0.7692
8232,137.337,437,785.49,204.8,838.56,354.11,0.7239
8232,137.337,440,200.14,247.37,251.91,377.43,0.7145
8232,137.337,448,1126.58,191.7,1173.13,318.99,0.5994
8232,137.337,458,620.02,176.71,657.76,289.74,0.5296
8232,137.337,471,524.85,210.51,569.43,284.78,0.3569
8238,137.437,356,996.89,220.96,1066.29,381.29,0.6791
8238,137.437,376,277.87,267.03,345.03,434.32,0.7812
8238,137.437,385,719.64,254.18,784.12,436.12,0.6939
8238,137.437,404,562.48,336.07,638.45,539.06,0.7752
8238,137.437,437,785.85,205.7,836.73,355.99,0.7156
8238,137.437,440,200.71,246.23,250.02,376.81,0.6159
8238,137.437,448,1126.28,192.7,1171.89,319.66,0.5977
8238,137.437,458,615.95,174.18,654.73,291.12,0.5727
8238,137.437,471,524.96,210.81,569.09,285.31,0.3032
8244,137.537,356,992.67,221.19,1065.18,382.54,0.6454
8244,137.537,376,255.51,258.67,341.73,437.08,0.7636
8244,137.537,385,716.17,256.47,778.16,435.08,0.6648
8244,137.537,404,569.19,334.14,645.72,534.72,0.8034
8244,137.537,437,785.77,206.82,834.44,355.87,0.7257
8244,137.537,440,200.2,244.33,247.14,377.49,0.4286
8244,137.537,448,1122.03,192.65,1169.87,322.15,0.6231
8244,137.537,458,613.71,174.35,652.62,292.4,0.5607
8244,137.537,461,279.21,246.72,345.92,371.03,0.4334
8244,137.537,471,525.32,212.27,568.87,285.67,0.329
8250,137.637,356,988.54,220.51,1062.68,382.87,0.6549
8250,137.637,376,234.0,269.13,334.58,438.58,0.8212
8250,137.637,385,713.48,259.27,773.29,429.43,0.6625
8250,137.637,404,579.9,332.47,668.48,532.83,0.7982
8250,137.637,437,785.23,207.03,833.33,355.09,0.6683
8250,137.637,448,1115.57,193.06,1169.26,322.59,0.629
8250,137.637,458,612.5,173.55,652.75,292.45,0.5905
8250,137.637,461,299.91,243.97,362.84,362.21,0.5364
8250,137.637,471,525.56,211.1,569.17,285.1,0.3447
8256,137.738,356,984.63,222.15,1055.04,382.23,0.6715
8256,137.738,376,223.5,274.63,323.12,440.18,0.8518
8256,137.738,385,706.45,256.68,769.89,426.74,0.6195
8256,137.738,404,588.73,331.21,692.98,530.51,0.8502
8256,137.738,437,781.77,208.03,830.29,356.83,0.6896
8256,137.738,448,1109.05,193.48,1169.05,322.9,0.6219
8256,137.738,458,611.89,173.13,653.61,293.44,0.5955
8256,137.738,461,311.81,244.65,378.45,358.93,0.6132
8256,137.738,471,526.92,207.66,569.41,284.68,0.3302
8262,137.838,356,981.93,222.83,1038.91,383.32,0.7016
8262,137.838,376,213.62,272.78,291.75,440.67,0.7789
8262,137.838,385,697.41,257.32,769.52,424.68,0.6696
8262,137.838,404,596.83,330.09,703.49,530.18,0.8237
8262,137.838,437,776.17,208.61,829.29,358.53,0.7109
8262,137.838,448,1112.71,192.32,1169.67,322.46,0.629
8262,137.838,458,610.63,172.72,654.9,293.62,0.5512
8262,137.838,461,323.68,243.42,383.22,356.12,0.6274
8262,137.838,471,527.95,206.93,569.47,284.56,0.3547
8268,137.938,356,978.97,222.02,1026.95,382.96,0.6884
8268,137.938,376,203.85,271.84,268.89,441.97,0.7335
8268,137.938,385,692.63,263.12,759.14,421.12,0.6968
8268,137.938,404,610.9,326.98,700.51,524.66,0.7783
8268,137.938,437,771.61,211.82,827.1,358.77,0.6891
8268,137.938,448,1118.3,191.83,1173.05,322.83,0.5871
8268,137.938,458,612.03,173.29,655.17,293.59,0.597
8268,137.938,461,330.29,240.49,386.87,351.89,0.6128
8268,137.938,471,527.61,205.26,571.96,283.85,0.4091
8274,138.038,356,978.41,221.37,1024.2,381.24,0.6813
8274,138.038,376,197.19,272.84,261.35,441.1,0.6959
8274,138.038,385,690.5,260.18,750.89,418.15,0.6823
8274,138.038,404,631.35,323.96,709.21,517.62,0.7772
8274,138.038,437,771.16,212.77,830.13,357.17,0.716
8274,138.038,448,1125.43,195.78,1177.79,322.09,0.621
8274,138.038,458,617.37,174.57,660.59,294.15,0.6155
8274,138.038,461,334.1,236.81,388.39,347.63,0.6836
8274,138.038,471,530.51,202.96,579.03,283.35,0.5236
8280,138.138,356,1005.3,221.73,1050.49,380.13,0.6673
8280,138.138,376,210.93,266.32,282.32,443.3,0.7512
8280,138.138,385,714.83,256.61,769.86,408.0,0.6097
8280,138.138,404,671.62,322.1,745.23,513.9,0.7363
8280,138.138,437,796.33,211.76,857.15,356.71,0.7642
8280,138.138,448,1162.22,196.27,1209.68,320.73,0.7283
8280,138.138,458,646.84,175.39,690.39,290.27,0.6293
8280,138.138,461,362.12,238.8,415.98,346.41,0.6552
8280,138.138,471,563.76,195.89,609.3,280.92,0.5208
8286,138.238,356,1058.63,222.95,1105.53,381.14,0.5706
8286,138.238,376,267.28,268.44,337.01,440.09,0.8082
8286,138.238,404,736.28,325.09,822.5,513.48,0.729
8286,138.238,437,853.72,211.56,915.03,356.72,0.7441
8286,138.238,448,1227.38,200.17,1270.31,322.68,0.5965
8286,138.238,458,707.47,172.53,747.94,287.48,0.4584
8286,138.238,461,418.94,232.8,477.48,342.79,0.6223
8286,138.238,471,626.36,189.57,666.88,280.85,0.3506
8292,138.338,356,1114.16,221.7,1165.3,381.91,0.6009
8292,138.338,376,326.45,267.94,396.24,436.42,0.8193
8292,138.338,404,807.57,318.74,894.24,510.63,0.7605
8292,138.338,437,912.71,210.33,973.1,357.09,0.7337
8292,138.338,448,1292.36,201.82,1335.41,325.74,0.6671
8292,138.338,458,770.03,171.04,808.44,286.71,0.5289
8292,138.338,461,482.43,229.5,542.68,341.62,0.6738
8292,138.338,471,688.45,178.13,727.09,279.63,0.4167
8292,138.338,482,50.45,433.14,202.01,674.68,0.8492
8298,138.438,356,1144.73,221.18,1196.16,385.58,0.6469
8298,138.438,376,353.6,265.59,431.0,434.47,0.7057
8298,138.438,385,850.03,246.14,901.02,366.27,0.3422
8298,138.438,404,850.22,323.98,936.51,505.19,0.7508
8298,138.438,437,947.15,211.05,1004.44,358.11,0.7012
8298,138.438,448,1329.33,201.44,1373.24,326.53,0.6688
8298,138.438,458,794.7,169.84,843.67,288.12,0.4495
8298,138.438,461,513.92,226.75,573.47,337.72,0.6487
8298,138.438,471,724.47,172.27,760.83,281.2,0.3673
8298,138.438,482,94.42,424.93,225.81,667.36,0.8185
8298,138.438,485,149.97,297.55,204.04,467.57,0.6203
8304,138.538,356,1140.44,220.71,1196.04,387.41,0.6884
8304,138.538,376,349.87,262.57,435.1,436.43,0.6931
8304,138.538,385,842.79,255.85,899.62,405.77,0.4735
8304,138.538,404,867.76,319.79,947.04,501.95,0.7754
8304,138.538,437,947.51,211.93,1004.86,359.67,0.7075
8304,138.538,448,1332.78,201.79,1376.81,326.85,0.7026
8304,138.538,461,515.3,227.02,574.75,337.74,0.6516
8304,138.538,471,727.32,170.57,764.03,281.25,0.3707
8304,138.538,482,135.54,419.79,226.27,664.78,0.8111
8304,138.538,485,162.45,302.79,226.25,470.08,0.6074
8310,138.638,356,1124.53,220.99,1197.27,388.11,0.7005
8310,138.638,376,351.88,263.74,439.14,435.7,0.727
8310,138.638,385,836.76,267.06,893.77,411.36,0.4656
8310,138.638,404,867.49,311.3,957.65,499.17,0.756
8310,138.638,437,946.25,212.21,1006.12,360.01,0.6994
8310,138.638,448,1334.86,203.82,1379.67,328.46,0.6668
8310,138.638,461,517.61,226.67,577.78,338.21,0.6187
8310,138.638,471,729.66,171.88,764.77,278.08,0.3359
8310,138.638,482,163.13,408.77,242.68,663.77,0.8417
8316,138.739,356,1109.38,220.28,1200.38,388.14,0.7291
8316,138.739,376,353.37,265.3,446.82,434.24,0.7733
8316,138.739,385,831.63,271.67,886.07,417.95,0.5702
8316,138.739,404,875.59,306.87,982.31,498.91,0.764
8316,138.739,437,944.45,210.15,1007.32,358.84,0.7615
8316,138.739,448,1340.06,203.05,1386.03,329.62,0.5883
8316,138.739,461,518.08,226.25,576.12,338.44,0.5915
8316,138.739,471,730.98,169.72,765.7,274.2,0.3169
8316,138.739,482,179.84,409.6,285.37,658.45,0.7678
8316,138.739,485,182.26,305.58,272.16,457.27,0.576
8322,138.839,356,1096.82,218.77,1208.36,386.16,0.7575
8322,138.839,376,357.87,269.35,451.49,432.04,0.7861
8322,138.839,385,823.72,249.4,883.33,423.45,0.6428
8322,138.839,404,893.79,307.78,988.24,497.11,0.7392
8322,138.839,437,943.75,209.05,1007.39,356.05,0.7873
8322,138.839,448,1341.92,202.29,1389.21,330.05,0.5594
8322,138.839,461,514.8,224.3,574.1,338.36,0.5917
8322,138.839,471,732.66,169.06,768.55,272.48,0.3545
8322,138.839,482,193.37,410.78,323.45,658.32,0.8563
8322,138.839,485,215.5,303.02,289.46,447.23,0.5832
8328,138.939,356,1094.25,217.25,1210.94,384.89,0.7478
8328,138.939,376,361.39,271.47,455.5,431.99,0.7791
8328,138.939,385,823.42,241.21,878.02,425.65,0.6207
8328,138.939,404,908.57,302.8,991.73,492.26,0.682
8328,138.939,437,942.88,207.78,1009.27,351.5,0.664
8328,138.939,448,1344.7,202.55,1393.79,328.34,0.5904
8328,138.939,461,511.78,222.5,573.91,336.55,0.5665
8328,138.939,471,735.23,167.89,771.88,271.36,0.4022
8328,138.939,482,210.35,410.4,325.29,653.34,0.8371
8328,138.939,485,237.52,298.76,300.14,441.63,0.5705
8334,139.039,356,1108.08,220.78,1217.25,385.22,0.7901
8334,139.039,376,369.16,275.68,455.1,431.04,0.801
8334,139.039,385,828.16,257.53,876.12,425.47,0.6455
8334,139.039,404,920.67,296.39,1001.86,489.04,0.7538
8334,139.039,437,942.21,206.76,1006.34,347.65,0.3628
8334,139.039,448,1347.48,201.99,1396.16,328.41,0.5498
8334,139.039,458,803.82,167.93,846.23,287.66,0.3464
8334,139.039,461,508.32,226.8,574.22,339.01,0.6526
8334,139.039,471,737.27,169.78,773.51,271.57,0.4096
8334,139.039,482,239.6,399.26,329.68,650.57,0.7882
8334,139.039,485,259.08,290.17,321.44,437.59,0.5385
8334,139.039,488,339.34,226.66,384.67,353.85,0.4908
8340,139.139,356,1122.24,223.4,1220.84,385.3,0.7373
8340,139.139,376,388.98,282.37,458.94,429.03,0.7792
8340,139.139,385,830.59,265.46,877.04,425.79,0.5867
8340,139.139,404,929.48,293.2,1015.47,488.43,0.7815
8340,139.139,437,940.82,206.37,1005.76,342.51,0.3985
8340,139.139,448,1353.37,201.14,1398.18,333.44,0.5794
8340,139.139,458,805.04,167.39,848.81,290.87,0.4298
8340,139.139,461,506.14,227.56,569.97,339.14,0.6402
8340,139.139,471,737.9,166.51,774.37,270.82,0.4642
8340,139.139,482,261.56,396.64,345.79,648.15,0.8304
8340,139.139,485,289.43,292.2,347.97,423.25,0.5251
8346,139.239,356,1137.48,221.84,1224.87,384.23,0.7366
8346,139.239,376,404.94,279.59,472.33,425.77,0.6775
8346,139.239,385,837.96,271.47,882.97,428.55,0.7073
8346,139.239,404,938.81,289.87,1029.24,488.2,0.7897
8346,139.239,437,941.51,205.15,1005.34,337.45,0.3595
8346,139.239,448,1359.24,200.86,1399.0,336.23,0.4453
8346,139.239,458,806.32,165.91,849.96,290.89,0.4304
8346,139.239,461,506.33,227.19,557.5,338.33,0.5689
8346,139.239,471,739.67,165.11,775.04,270.87,0.3734
8346,139.239,482,283.82,397.26,395.69,649.47,0.8259
8346,139.239,485,315.92,279.59,372.3,412.7,0.5972
8352,139.339,356,1146.12,221.47,1231.36,384.19,0.6946
8352,139.339,376,418.38,271.35,484.54,424.97,0.7107
8352,139.339,385,847.3,258.73,890.26,427.58,0.6615
8352,139.339,404,952.87,295.85,1037.59,488.62,0.756
8352,139.339,437,941.87,205.44,1005.29,337.54,0.4812
8352,139.339,448,1362.78,200.88,1400.68,342.48,0.4455
8352,139.339,458,807.6,165.27,848.37,287.69,0.3951
8352,139.339,461,506.58,226.48,550.76,334.39,0.5846
8352,139.339,471,739.41,165.43,774.46,270.17,0.3515
8352,139.339,482,296.8,399.58,424.4,651.19,0.8612
8352,139.339,485,348.66,273.51,402.52,405.44,0.6372
8358,139.439,356,1157.65,217.73,1230.64,383.43,0.7254
8358,139.439,376,429.42,269.0,494.81,418.16,0.7772
8358,139.439,385,854.21,253.97,915.27,428.35,0.6705
8358,139.439,404,961.49,296.36,1046.2,485.35,0.8101
8358,139.439,437,941.24,205.16,1006.77,347.86,0.6311
8358,139.439,448,1366.02,200.66,1400.25,338.15,0.3705
8358,139.439,458,808.15,165.65,847.93,285.66,0.4292
8358,139.439,461,506.6,228.34,548.23,334.63,0.4511
8358,139.439,471,738.13,166.26,772.16,269.84,0.3278
8358,139.439,482,312.6,399.32,426.37,648.19,0.8083
8358,139.439,485,381.77,274.08,430.3,402.57,0.6678
8358,139.439,488,328.51,241.76,372.18,355.25,0.5328
8364,139.539,356,1164.0,216.99,1228.68,381.88,0.7401
8364,139.539,376,436.37,265.0,507.13,413.04,0.7406
8364,139.539,385,854.55,257.29,933.19,429.65,0.6844
8364,139.539,404,968.43,297.4,1057.33,482.75,0.8192
8364,139.539,437,942.37,206.26,1005.55,354.46,0.7764
8364,139.539,448,1367.14,201.63,1399.97,337.02,0.3905
8364,139.539,458,808.23,166.61,846.5,285.96,0.5744
8364,139.539,461,504.31,231.05,547.05,338.06,0.4828
8364,139.539,471,739.1,167.23,771.4,270.62,0.3793
8364,139.539,482,321.33,396.1,418.35,645.84,0.8151
8364,139.539,485,398.95,267.03,469.97,404.87,0.6086
8364,139.539,488,329.14,234.55,376.62,353.88,0.6145
8370,139.639,356,1166.81,218.24,1231.88,382.29,0.7259
8370,139.639,385,855.25,263.48,950.09,433.76,0.8046
8370,139.639,404,978.48,294.84,1082.4,482.45,0.8289
8370,139.639,437,943.48,206.49,1005.59,356.88,0.817
8370,139.639,448,1371.77,202.29,1399.81,344.46,0.3291
8370,139.639,458,807.91,167.32,846.1,286.41,0.5862
8370,139.639,471,740.72,168.52,772.39,270.84,0.348
8370,139.639,482,326.36,393.23,423.47,646.23,0.8461
8370,139.639,488,332.34,233.25,378.73,354.73,0.6196
8376,139.74,356,1168.63,218.57,1237.84,380.91,0.7227
8376,139.74,385,859.48,273.82,959.35,432.66,0.7638
8376,139.74,404,997.52,297.11,1097.69,479.11,0.806
8376,139.74,437,943.12,206.86,1004.86,356.31,0.8008
8376,139.74,458,808.07,167.66,847.0,285.71,0.5402
8376,139.74,461,484.91,235.33,548.64,381.8,0.7075
8376,139.74,471,739.89,168.97,773.28,270.24,0.316
8376,139.74,482,328.38,392.2,431.59,645.35,0.8671
8376,139.74,488,334.29,233.39,385.8,355.97,0.658
8382,139.84,356,1172.04,217.39,1246.79,379.03,0.7317
8382,139.84,385,876.94,265.41,964.98,431.68,0.5428
8382,139.84,404,1011.46,295.78,1105.86,476.63,0.8213
8382,139.84,437,944.29,207.73,1003.66,355.32,0.7697
8382,139.84,458,808.16,167.34,846.67,284.93,0.5318
8382,139.84,461,490.82,237.6,560.3,390.75,0.6904
8382,139.84,482,329.45,392.43,437.47,645.61,0.8698
8382,139.84,488,337.88,230.67,390.99,356.58,0.6016
8388,139.94,356,1178.48,218.49,1256.96,377.1,0.7416
8388,139.94,385,891.78,268.17,964.28,435.71,0.6937
8388,139.94,404,1030.02,293.93,1111.91,476.58,0.7921
8388,139.94,437,943.76,206.83,1002.3,356.09,0.6578
8388,139.94,458,807.87,167.1,846.72,284.14,0.5052
8388,139.94,471,737.94,168.57,773.04,267.26,0.3383
8388,139.94,482,327.12,392.33,437.81,646.58,0.8863
8388,139.94,488,342.81,229.57,389.41,355.55,0.5919
8394,140.04,356,1187.36,223.12,1265.79,376.85,0.7466
8394,140.04,385,896.75,264.33,967.02,437.38,0.7442
8394,140.04,404,1048.67,292.45,1118.22,477.45,0.8134
8394,140.04,437,939.88,206.21,1000.7,356.5,0.6793
8394,140.04,458,807.82,167.27,847.47,284.22,0.5665
8394,140.04,471,737.26,168.81,772.55,267.01,0.3737
8394,140.04,482,322.55,389.72,432.92,641.76,0.861
8394,140.04,488,346.9,225.16,390.75,354.72,0.6683
8394,140.04,497,512.86,230.12,559.76,331.12,0.5336
8400,140.14,356,1191.35,220.93,1270.56,377.25,0.6646
8400,140.14,385,895.44,263.48,966.95,438.79,0.7737
8400,140.14,404,1061.06,290.42,1127.93,476.84,0.8104
8400,140.14,437,935.76,206.6,998.72,356.32,0.6279
8400,140.14,458,808.08,167.02,847.63,284.35,0.5411
8400,140.14,471,737.67,168.43,773.39,266.97,0.3434
8400,140.14,482,318.57,387.68,425.92,634.81,0.8819
8400,140.14,485,567.36,232.32,643.09,368.61,0.7152
8400,140.14,488,351.16,231.63,396.0,357.11,0.6009
8400,140.14,497,517.9,232.17,573.18,335.69,0.5436
8400,140.14,499,1370.17,204.66,1400.22,323.36,0.3917
8406,140.24,356,1199.51,216.57,1268.32,375.26,0.7059
8406,140.24,385,897.09,262.68,965.89,439.7,0.7905
8406,140.24,404,1070.81,291.29,1140.51,476.71,0.8044
8406,140.24,437,937.4,206.98,997.79,355.62,0.5888
8406,140.24,458,808.45,166.94,847.83,284.29,0.4769
8406,140.24,471,737.81,168.11,773.47,266.62,0.308
8406,140.24,482,314.58,384.93,415.2,629.07,0.8732
8406,140.24,485,596.52,225.43,672.08,362.92,0.4487
8406,140.24,488,355.02,237.33,406.48,361.78,0.6205
8406,140.24,497,527.57,228.38,581.84,332.9,0.5191
8406,140.24,499,1367.49,202.35,1400.74,329.6,0.3852
8412,140.34,356,1204.08,208.05,1276.35,370.72,0.6814
8412,140.34,385,898.19,260.08,968.72,439.76,0.7849
8412,140.34,404,1079.0,292.63,1151.18,477.52,0.8262
8412,140.34,437,936.02,203.07,997.83,355.31,0.6028
8412,140.34,458,808.18,166.28,848.49,284.22,0.4242
8412,140.34,482,309.28,387.5,411.32,627.93,0.8636
8412,140.34,485,621.42,224.66,700.26,354.53,0.5183
8412,140.34,488,355.57,241.29,417.71,365.56,0.7053
8412,140.34,497,536.48,223.83,587.38,335.33,0.615
8412,140.34,499,1364.16,199.99,1399.17,327.84,0.4057
8412,140.34,500,598.81,228.22,668.37,354.83,0.5946
8418,140.44,356,1209.77,206.18,1283.61,369.81,0.6082
8418,140.44,385,898.16,257.43,972.35,440.17,0.7764
8418,140.44,404,1086.7,294.25,1161.82,477.75,0.8058
8418,140.44,437,937.97,203.2,997.82,355.5,0.5309
8418,140.44,458,807.58,166.37,848.56,284.28,0.4041
8418,140.44,482,305.06,390.31,407.71,628.26,0.8534
8418,140.44,485,647.53,224.15,713.91,351.56,0.3964
8418,140.44,488,359.07,244.34,420.52,367.01,0.6317
8418,140.44,497,539.9,225.6,595.71,333.86,0.5976
8418,140.44,499,1359.4,200.37,1398.1,336.18,0.3641
8418,140.44,500,599.19,225.41,670.22,355.51,0.6259
8424,140.54,356,1217.72,209.98,1286.8,369.81,0.529
8424,140.54,385,901.45,257.01,974.04,440.09,0.7464
8424,140.54,404,1095.59,293.67,1168.78,478.07,0.7953
8424,140.54,437,939.37,203.27,996.95,351.49,0.5074
8424,140.54,458,807.63,166.37,848.0,284.42,0.3106
8424,140.54,482,301.79,391.2,402.65,623.23,0.8665
8424,140.54,485,676.82,221.69,728.07,338.35,0.5017
8424,140.54,488,366.99,232.35,421.89,366.58,0.6343
8424,140.54,497,544.64,229.13,607.42,335.38,0.5229
8424,140.54,499,1354.29,200.25,1396.42,331.37,0.5116
8424,140.54,500,604.43,221.26,678.26,355.65,0.7222
8430,140.641,356,1223.47,212.57,1287.94,369.51,0.5137
8430,140.641,385,907.17,255.06,975.31,440.56,0.6916
8430,140.641,404,1103.38,292.43,1176.55,480.09,0.808
8430,140.641,437,941.71,203.17,996.46,358.61,0.4159
8430,140.641,458,808.36,167.34,847.97,284.54,0.3296
8430,140.641,482,294.92,389.24,387.48,615.93,0.8373
8430,140.641,485,695.52,217.96,744.23,334.73,0.5376
8430,140.641,488,380.33,224.46,427.17,364.73,0.6641
8430,140.641,497,552.15,230.86,611.01,336.02,0.5195
8430,140.641,499,1349.32,203.38,1393.77,330.95,0.5275
8430,140.641,500,606.52,218.66,683.61,355.76,0.7049
8436,140.741,356,1227.93,214.26,1289.37,367.96,0.6529
8436,140.741,385,911.4,258.41,976.15,441.79,0.6828
8436,140.741,404,1112.74,295.01,1198.86,480.18,0.7718
8436,140.741,437,944.37,203.14,996.76,350.86,0.5383
8436,140.741,458,806.7,166.98,847.45,285.9,0.4529
8436,140.741,482,283.54,383.98,377.5,610.78,0.848
8436,140.741,485,711.12,220.38,765.95,333.95,0.5152
8436,140.741,488,384.98,225.34,437.88,364.98,0.6492
8436,140.741,497,556.96,228.82,614.46,336.22,0.5088
8436,140.741,499,1346.72,204.11,1389.69,333.71,0.5697
8436,140.741,500,617.12,215.96,688.41,354.09,0.686
8442,140.841,356,1234.48,216.53,1294.33,367.19,0.5987
8442,140.841,385,911.65,263.75,975.61,441.94,0.6997
8442,140.841,404,1120.46,298.29,1222.82,483.48,0.7625
8442,140.841,437,945.75,204.02,995.78,348.58,0.6173
8442,140.841,458,807.32,167.48,848.41,286.52,0.5678
8442,140.841,482,271.75,377.52,375.63,605.31,0.8477
8442,140.841,485,726.83,219.35,795.47,333.54,0.5806
8442,140.841,488,392.98,238.45,458.14,366.14,0.5615
8442,140.841,497,559.39,229.78,616.19,334.48,0.5816
8442,140.841,499,1342.97,204.35,1386.6,333.83,0.6387
8442,140.841,500,623.53,216.32,688.74,353.27,0.7179
8448,140.941,356,1236.84,214.98,1299.71,366.84,0.5805
8448,140.941,385,906.56,266.6,972.87,442.47,0.739
8448,140.941,404,1134.37,296.83,1228.36,484.46,0.7594
8448,140.941,437,944.99,205.76,995.26,350.04,0.6103
8448,140.941,458,807.69,167.68,847.39,285.87,0.4795
8448,140.941,482,259.53,378.68,364.95,600.36,0.8523
8448,140.941,485,736.45,219.39,815.62,332.42,0.6662
8448,140.941,488,398.49,239.8,466.1,368.94,0.7183
8448,140.941,497,559.72,229.85,615.56,335.1,0.6546
8448,140.941,499,1339.72,204.38,1383.63,333.67,0.697
8448,140.941,500,628.88,218.24,688.16,353.94,0.6815
8454,141.041,356,1239.56,212.42,1296.75,364.84,0.6483
8454,141.041,385,903.68,266.58,973.06,441.76,0.7549
8454,141.041,404,1153.08,294.93,1235.2,482.06,0.726
8454,141.041,437,945.04,204.7,994.86,348.21,0.6636
8454,141.041,458,802.2,167.06,846.66,284.53,0.4689
8454,141.041,482,247.15,375.45,344.59,597.39,0.8447
8454,141.041,485,754.73,215.3,824.95,329.69,0.467
8454,141.041,488,403.62,241.91,472.63,369.63,0.7137
8454,141.041,497,558.25,229.72,615.27,333.2,0.6238
8454,141.041,499,1338.58,202.84,1380.96,335.2,0.7112
8454,141.041,500,636.5,220.7,690.49,353.42,0.6141
8460,141.141,356,1242.16,210.54,1297.49,364.09,0.5931
8460,141.141,385,901.03,267.05,975.66,441.98,0.759
8460,141.141,404,1169.6,297.34,1252.27,486.18,0.7473
8460,141.141,437,947.31,204.49,996.33,348.92,0.6361
8460,141.141,482,240.63,369.26,327.95,597.87,0.8277
8460,141.141,485,776.76,209.02,830.72,325.94,0.5246
8460,141.141,488,410.37,246.73,469.72,367.84,0.6468
8460,141.141,497,553.9,229.89,614.52,335.69,0.6134
8460,141.141,499,1339.51,203.79,1380.81,336.53,0.674
8460,141.141,500,641.5,216.76,694.11,348.56,0.6004
8466,141.241,356,1242.25,211.26,1296.48,360.79,0.6165
8466,141.241,385,898.9,267.21,978.33,443.35,0.7478
8466,141.241,404,1187.32,303.21,1272.23,487.59,0.8029
8466,141.241,437,948.76,204.54,998.61,348.32,0.6133
8466,141.241,471,741.78,171.58,778.85,270.02,0.3656
8466,141.241,482,232.76,366.67,317.28,594.29,0.8472
8466,141.241,485,792.41,187.28,844.22,322.02,0.5919
8466,141.241,488,419.1,242.81,468.23,367.15,0.716
8466,141.241,497,549.46,228.51,609.06,334.96,0.5497
8466,141.241,499,1341.29,203.75,1380.97,336.85,0.6647
8466,141.241,500,643.43,213.96,702.15,345.08,0.6688
8472,141.341,356,1241.6,212.4,1298.8,349.07,0.5237
8472,141.341,385,901.68,270.12,980.09,444.46,0.7125
8472,141.341,404,1202.89,301.95,1293.29,489.44,0.7302
8472,141.341,437,948.94,204.71,1000.25,349.36,0.6016
8472,141.341,471,742.2,172.78,781.34,269.71,0.4939
8472,141.341,482,224.68,367.62,311.82,588.88,0.8513
8472,141.341,485,802.06,175.17,861.0,321.88,0.7225
8472,141.341,488,427.38,243.12,468.98,365.95,0.5898
8472,141.341,497,546.6,227.87,600.99,336.53,0.6443
8472,141.341,499,1342.28,203.36,1381.01,334.13,0.6597
8472,141.341,500,644.69,212.64,719.75,344.15,0.7698
8478,141.441,356,1244.56,212.63,1303.36,341.05,0.5701
8478,141.441,385,903.37,267.86,978.32,443.25,0.718
8478,141.441,404,1209.28,302.28,1299.32,493.45,0.7662
8478,141.441,437,951.3,206.56,1002.31,348.67,0.6652
8478,141.441,471,740.92,173.19,783.89,271.02,0.4311
8478,141.441,482,215.94,365.09,296.65,585.0,0.8522
8478,141.441,485,816.25,191.79,881.83,321.15,0.648
8478,141.441,488,433.78,238.81,474.73,366.49,0.6088
8478,141.441,497,542.07,234.28,599.41,333.41,0.5678
8478,141.441,499,1343.58,203.01,1381.13,334.32,0.6223
8478,141.441,500,648.11,218.47,734.52,342.67,0.7418
8484,141.541,356,1248.76,212.39,1305.8,337.83,0.6069
8484,141.541,385,900.84,278.74,978.08,443.0,0.7085
8484,141.541,404,1223.11,302.49,1314.12,496.43,0.7734
8484,141.541,437,952.72,208.17,1005.31,349.87,0.7341
8484,141.541,482,206.24,361.56,285.33,581.41,0.8257
8484,141.541,485,819.77,198.49,890.16,322.0,0.5089
8484,141.541,488,436.8,240.05,480.24,366.19,0.6383
8484,141.541,497,535.36,234.37,596.46,336.02,0.6449
8484,141.541,499,1344.03,203.17,1381.14,335.73,0.6388
8484,141.541,500,651.84,220.15,742.45,343.63,0.77
8490,141.642,356,1255.21,211.2,1307.58,335.78,0.4231
8490,141.642,385,874.06,286.34,977.81,447.44,0.758
8490,141.642,404,1236.84,307.4,1339.47,499.71,0.7427
8490,141.642,437,951.94,209.66,1005.35,349.96,0.7658
8490,141.642,482,195.53,359.04,285.24,575.33,0.8194
8490,141.642,488,439.05,236.88,484.9,366.14,0.6749
8490,141.642,497,530.98,235.1,593.0,338.28,0.6555
8490,141.642,499,1342.13,204.2,1381.63,333.06,0.6097
8490,141.642,500,655.7,214.39,746.76,342.25,0.7536
8496,141.742,356,1264.7,216.55,1313.13,340.88,0.3311
8496,141.742,385,859.77,293.74,975.98,448.36,0.7821
8496,141.742,404,1253.21,320.44,1350.5,503.76,0.7362
8496,141.742,437,950.97,210.79,1005.19,350.44,0.8089
8496,141.742,482,187.41,361.63,273.43,568.94,0.8097
8496,141.742,488,440.68,238.0,488.33,364.16,0.6777
8496,141.742,497,523.42,233.88,583.02,339.9,0.5973
8496,141.742,499,1340.74,205.97,1381.97,337.53,0.6608
8496,141.742,500,673.19,213.28,750.95,342.24,0.7508
8502,141.842,356,1263.83,220.88,1317.67,342.87,0.4532
8502,141.842,385,842.58,292.55,970.7,450.02,0.7261
8502,141.842,404,1260.37,320.42,1352.96,510.12,0.7706
8502,141.842,437,953.11,210.38,1006.18,351.44,0.8163
8502,141.842,482,182.64,356.92,264.16,568.04,0.8262
8502,141.842,488,440.69,237.26,490.6,360.55,0.6659
8502,141.842,497,514.46,232.01,578.07,337.94,0.6325
8502,141.842,499,1339.37,207.13,1382.54,339.93,0.6625
8502,141.842,500,693.05,206.73,755.58,340.29,0.5763
8508,141.942,356,1262.81,222.28,1320.65,343.28,0.3029
8508,141.942,385,801.37,300.74,942.48,450.43,0.7876
8508,141.942,404,1258.01,318.1,1353.03,516.67,0.7976
8508,141.942,437,957.29,210.28,1013.7,353.83,0.7866
8508,141.942,482,181.66,353.0,260.73,562.1,0.8104
8508,141.942,488,440.32,237.9,490.93,360.12,0.6066
8508,141.942,497,507.66,234.09,575.72,341.02,0.7063
8508,141.942,499,1339.21,206.91,1382.34,337.6,0.6554
8508,141.942,500,704.48,205.54,776.68,338.75,0.6536
8514,142.042,356,1262.57,218.95,1323.28,343.73,0.4094
8514,142.042,385,781.01,305.49,922.23,452.47,0.8292
8514,142.042,404,1255.11,314.55,1356.81,519.44,0.7785
8514,142.042,437,960.41,211.62,1019.35,353.94,0.7487
8514,142.042,482,180.03,353.74,259.14,556.71,0.8107
8514,142.042,488,437.84,243.17,487.78,360.89,0.67
8514,142.042,497,497.92,235.0,572.72,342.86,0.7032
8514,142.042,499,1339.27,206.96,1382.13,336.66,0.6678
8514,142.042,500,711.15,212.33,791.03,338.16,0.6888
8520,142.142,385,750.22,300.27,902.27,458.04,0.8316
8520,142.142,404,1262.38,314.95,1368.48,523.19,0.6574
8520,142.142,437,961.74,212.36,1019.55,355.63,0.7255
8520,142.142,458,779.52,165.98,826.13,281.93,0.6098
8520,142.142,482,172.84,351.09,251.11,552.5,0.8148
8520,142.142,488,435.68,247.28,484.21,365.82,0.6068
8520,142.142,497,481.72,230.34,569.82,343.44,0.5296
8520,142.142,499,1338.84,206.38,1381.55,339.76,0.6914
8520,142.142,500,716.48,203.05,782.76,338.47,0.5071
8526,142.242,404,1279.78,328.6,1374.46,530.59,0.7724
8526,142.242,437,962.17,212.36,1019.7,358.79,0.7222
8526,142.242,458,782.91,168.1,825.51,286.69,0.4337
8526,142.242,482,156.15,352.44,250.92,546.16,0.8066
8526,142.242,488,431.45,232.34,485.23,367.99,0.4134
8526,142.242,497,462.65,226.13,547.08,346.41,0.5344
8526,142.242,499,1337.46,205.86,1378.95,337.85,0.6895
8532,142.342,385,699.02,299.28,818.09,466.15,0.8268
8532,142.342,404,1276.71,325.07,1377.79,535.99,0.8107
8532,142.342,437,957.56,213.75,1020.18,362.78,0.7298
8532,142.342,458,780.06,172.96,821.29,281.65,0.3265
8532,142.342,482,152.78,359.4,260.02,539.94,0.8123
8532,142.342,488,426.51,237.01,486.27,368.57,0.4668
8532,142.342,497,435.52,226.48,531.33,360.63,0.6304
8532,142.342,499,1335.98,207.6,1377.87,337.68,0.6668
8538,142.442,385,659.29,298.46,777.92,467.29,0.7819
8538,142.442,404,1270.99,333.68,1373.41,540.92,0.6968
8538,142.442,437,958.7,214.39,1020.39,363.05,0.6561
8538,142.442,458,772.19,174.48,817.64,285.15,0.3919
8538,142.442,482,149.16,360.82,256.39,535.69,0.829
8538,142.442,488,421.56,242.59,482.15,365.9,0.6108
8538,142.442,499,1333.86,208.51,1377.7,335.48,0.6266
8544,142.542,356,1248.11,224.07,1316.33,366.94,0.5349
8544,142.542,385,625.86,300.61,736.95,473.04,0.6972
8544,142.542,404,1259.85,346.02,1349.16,542.5,0.7098
8544,142.542,437,956.89,215.56,1017.13,364.56,0.6766
8544,142.542,458,767.71,176.53,811.16,287.59,0.4516
8544,142.542,482,160.98,359.0,251.41,531.54,0.8431
8544,142.542,488,412.57,245.2,478.24,364.94,0.6606
8544,142.542,499,1330.22,206.54,1376.34,334.27,0.6876
8550,142.643,356,1258.79,222.77,1330.66,376.38,0.3491
8550,142.643,385,598.55,300.11,700.04,475.86,0.7397
8550,142.643,404,1263.79,361.12,1349.92,551.32,0.7833
8550,142.643,437,969.7,215.94,1024.8,366.74,0.6454
8550,142.643,458,780.22,178.41,820.7,285.61,0.4351
8550,142.643,482,187.11,359.96,266.78,527.21,0.8064
8550,142.643,488,408.02,247.88,493.17,367.46,0.5314
8550,142.643,499,1343.75,206.83,1388.29,329.96,0.6742
8556,142.743,356,1293.26,229.88,1370.36,387.29,0.5017
8556,142.743,385,601.61,295.85,703.18,477.34,0.7303
8556,142.743,404,1288.06,366.08,1382.68,564.97,0.7928
8556,142.743,437,1004.52,217.78,1053.55,366.8,0.6875
8556,142.743,471,801.02,173.97,852.49,285.06,0.5211
8556,142.743,482,231.23,362.9,308.47,521.78,0.7649
8556,142.743,488,449.7,252.56,531.06,365.97,0.3461
8562,142.843,385,645.33,294.9,740.29,477.76,0.5937
8562,142.843,404,1339.12,377.32,1433.36,576.75,0.7395
8562,142.843,437,1072.64,220.11,1126.49,369.95,0.7021
8562,142.843,461,636.14,298.19,701.08,476.53,0.6232
8562,142.843,471,877.31,171.87,927.04,280.85,0.6357
8562,142.843,482,307.57,358.21,389.97,517.56,0.7595
8568,142.943,385,717.68,301.47,800.87,480.39,0.703
8568,142.943,404,1427.18,390.51,1529.84,586.73,0.7715
8568,142.943,437,1175.88,227.15,1240.75,375.7,0.7255
8568,142.943,471,986.9,171.63,1033.67,286.66,0.5443
8568,142.943,482,412.19,350.43,497.02,512.81,0.7178
8574,143.043,385,791.69,301.41,896.2,479.27,0.7772
8574,143.043,404,1544.98,400.43,1648.4,617.63,0.8318
8574,143.043,437,1299.21,228.32,1359.76,378.6,0.7058
8574,143.043,471,1112.17,174.64,1158.01,281.98,0.5246
8574,143.043,482,536.87,345.09,608.94,506.3,0.7202
8580,143.143,385,888.22,304.72,993.7,478.79,0.7007
8580,143.143,404,1666.89,420.58,1777.83,651.69,0.8638
8580,143.143,482,659.35,342.04,742.1,511.62,0.7712
8586,143.243,385,1000.17,312.14,1075.32,468.59,0.6597
8586,143.243,404,1800.61,444.33,1903.0,676.84,0.812
8586,143.243,482,790.24,337.73,870.07,515.9,0.7821
8586,143.243,524,180.37,296.56,234.06,391.95,0.4746
8592,143.343,385,1096.41,312.09,1181.04,479.91,0.7424
8592,143.343,482,911.21,341.29,993.19,517.6,0.7504
8592,143.343,524,324.44,281.99,376.38,378.24,0.484
8598,143.443,385,1184.48,313.75,1292.41,486.53,0.6981
8598,143.443,482,1046.46,343.24,1124.63,520.28,0.7792
8598,143.443,524,467.96,274.99,519.24,368.23,0.4671
8604,143.543,385,1295.85,331.18,1384.42,494.86,0.744
8604,143.543,482,1182.14,345.95,1256.93,534.69,0.8276
8604,143.543,524,608.25,268.9,658.46,359.16,0.5388
8604,143.543,531,161.03,314.98,255.98,482.71,0.7454
8610,143.643,385,1403.48,346.91,1489.1,511.34,0.7137
8610,143.643,482,1315.73,358.77,1385.45,543.76,0.7903
8610,143.643,531,292.32,307.6,387.13,472.71,0.7917
8616,143.744,385,1498.34,356.36,1594.32,529.39,0.7216
8616,143.744,482,1444.73,369.66,1508.21,548.28,0.8001
8616,143.744,531,422.76,300.1,494.24,454.83,0.7655
8622,143.844,385,1601.67,366.11,1685.49,532.17,0.7139
8622,143.844,482,1556.28,378.39,1620.48,581.5,0.6861
8622,143.844,524,994.35,254.55,1043.86,353.64,0.4876
8622,143.844,531,536.85,294.7,600.1,449.62,0.7597
8628,143.944,385,1693.33,367.4,1766.27,546.16,0.7304
8628,143.944,482,1641.64,396.1,1720.05,602.6,0.7012
8628,143.944,524,1092.92,260.56,1143.79,354.22,0.4932
8628,143.944,531,633.65,290.83,692.72,443.71,0.7435
8634,144.044,385,1764.15,370.95,1825.59,561.41,0.6588
8634,144.044,482,1711.04,405.17,1791.45,621.37,0.7033
8634,144.044,524,1169.05,263.34,1220.41,354.62,0.4596
8634,144.044,531,702.76,284.81,761.47,444.08,0.7149
8640,144.144,385,1802.87,380.1,1863.95,555.44,0.4944
8640,144.144,482,1753.82,415.26,1841.23,646.06,0.7355
8640,144.144,524,1221.02,262.24,1272.07,357.61,0.5059
8640,144.144,531,744.7,281.36,803.82,444.03,0.7222
8646,144.244,385,1814.17,397.2,1877.02,568.43,0.3357
8646,144.244,482,1777.76,427.06,1872.38,665.72,0.7088
8646,144.244,524,1248.23,262.81,1297.27,359.1,0.4937
8646,144.244,531,767.56,282.15,826.68,444.39,0.7167
8646,144.244,539,1733.06,349.12,1801.63,427.45,0.7296
8646,144.244,540,819.72,80.58,871.64,189.01,0.341
8652,144.344,482,1777.42,431.28,1867.28,680.01,0.6503
8652,144.344,524,1256.61,262.19,1304.19,358.62,0.3867
8652,144.344,531,772.6,282.08,829.27,445.66,0.7498
8652,144.344,539,1720.89,350.56,1796.38,437.32,0.4385
8652,144.344,540,828.55,81.89,877.4,189.03,0.3141
8652,144.344,543,1819.83,405.58,1885.94,639.43,0.3762
8658,144.444,482,1755.06,432.38,1849.3,694.99,0.7825
8658,144.444,524,1257.11,261.43,1304.25,358.59,0.4146
8658,144.444,531,768.35,282.47,827.43,448.39,0.7875
8658,144.444,539,1706.23,349.75,1763.11,438.55,0.5397
8658,144.444,540,827.79,82.48,876.79,188.0,0.3055
8658,144.444,543,1817.68,408.76,1885.11,628.73,0.7024
8664,144.544,482,1719.38,439.9,1839.28,717.75,0.8355
8664,144.544,524,1257.25,261.7,1304.31,359.16,0.4684
8664,144.544,531,759.37,282.6,825.77,450.05,0.7956
8664,144.544,539,1684.3,349.11,1737.9,441.59,0.6238
8664,144.544,543,1813.57,406.61,1885.42,628.39,0.6393
8670,144.644,482,1691.27,453.65,1821.03,731.17,0.8126
8670,144.644,524,1257.46,261.26,1304.63,359.6,0.4664
8670,144.644,531,754.32,283.67,824.0,452.42,0.7936
8670,144.644,539,1670.47,349.98,1716.53,441.54,0.6877
8670,144.644,543,1816.98,401.78,1892.64,626.47,0.7988
8676,144.745,482,1685.7,458.12,1803.25,751.88,0.8305
8676,144.745,524,1257.25,261.98,1304.91,360.03,0.4721
8676,144.745,531,748.64,287.05,821.33,458.49,0.8484
8676,144.745,539,1651.76,350.61,1700.61,445.85,0.7247
8676,144.745,540,826.39,83.23,877.16,179.22,0.3186
8676,144.745,543,1827.68,398.46,1900.26,629.43,0.7846
8682,144.845,482,1671.45,466.37,1782.4,770.59,0.8693
8682,144.845,524,1257.17,263.29,1305.44,360.08,0.4401
8682,144.845,531,744.79,287.59,818.26,462.71,0.7593
8682,144.845,539,1628.7,351.43,1682.73,448.63,0.6511
8682,144.845,543,1845.63,406.74,1913.96,638.89,0.6649
8688,144.945,482,1642.92,483.63,1755.23,787.17,0.853
8688,144.945,524,1257.14,262.54,1305.58,360.75,0.4557
8688,144.945,531,738.93,288.33,805.45,465.81,0.7811
8688,144.945,539,1608.23,351.13,1673.37,452.27,0.7432
8688,144.945,540,826.75,82.77,877.37,185.12,0.3462
8688,144.945,543,1857.53,412.99,1919.38,650.31,0.6863
8694,145.045,482,1615.24,490.54,1718.86,793.19,0.8881
8694,145.045,524,1257.07,261.24,1305.7,361.01,0.4631
8694,145.045,531,732.6,287.96,796.81,468.87,0.7792
8694,145.045,539,1597.12,352.3,1653.91,452.87,0.6943
8694,145.045,540,827.98,82.54,877.47,185.92,0.3704
8694,145.045,543,1869.98,448.63,1920.0,648.89,0.4723
8700,145.145,482,1584.95,495.71,1703.4,817.24,0.8617
8700,145.145,524,1257.05,259.65,1305.51,361.0,0.4139
8700,145.145,531,729.58,289.16,788.49,469.75,0.7993
8700,145.145,539,1572.5,350.79,1637.74,459.12,0.8461
8700,145.145,540,827.87,82.18,877.64,186.06,0.336
8700,145.145,543,1880.59,436.57,1920.0,646.72,0.6638
8706,145.245,482,1547.64,513.45,1683.05,835.23,0.8228
8706,145.245,524,1256.59,258.58,1305.49,360.53,0.4556
8706,145.245,531,724.41,292.51,782.62,472.85,0.7913
8706,145.245,539,1555.24,350.55,1622.39,463.94,0.7725
8706,145.245,540,828.37,82.21,877.91,187.35,0.3336
8712,145.345,482,1500.3,526.52,1634.46,849.35,0.7706
8712,145.345,524,1256.24,258.22,1305.31,361.01,0.5334
8712,145.345,531,715.13,295.13,775.7,474.51,0.8094
8712,145.345,539,1541.88,349.66,1602.98,467.96,0.7555
8712,145.345,540,828.86,82.37,877.91,188.04,0.3074
8718,145.445,482,1465.61,531.08,1599.43,874.41,0.8452
8718,145.445,524,1256.62,259.29,1304.96,360.66,0.4766
8718,145.445,531,705.39,296.69,768.62,476.12,0.7694
8718,145.445,539,1525.03,350.98,1580.32,471.18,0.7604
8718,145.445,540,829.13,81.74,877.84,185.74,0.3217
8724,145.545,482,1417.3,541.53,1558.69,894.1,0.8541
8724,145.545,524,1256.9,260.67,1304.83,360.41,0.4638
8724,145.545,531,687.19,300.25,769.69,482.45,0.7786
8724,145.545,539,1501.28,350.22,1568.45,475.95,0.8057
8724,145.545,540,829.49,80.95,878.01,186.33,0.3464
8730,145.645,482,1370.46,554.92,1490.06,905.32,0.8686
8730,145.645,524,1257.07,263.44,1305.16,360.23,0.4407
8730,145.645,531,677.96,305.24,768.48,485.59,0.7257
8730,145.645,539,1486.41,350.29,1552.29,479.45,0.7362
8730,145.645,540,829.64,80.95,878.15,187.39,0.3553
8736,145.746,482,1303.3,560.97,1448.85,910.91,0.8876
8736,145.746,524,1256.95,262.87,1304.77,360.68,0.4665
8736,145.746,531,668.23,307.72,773.26,485.17,0.7359
8736,145.746,539,1462.22,346.52,1530.17,483.28,0.8013
8736,145.746,540,828.74,81.78,877.57,186.84,0.3004
8742,145.846,482,1241.51,571.68,1410.63,924.19,0.8867
8742,145.846,524,1256.85,264.47,1304.99,360.36,0.3731
8742,145.846,531,672.46,313.74,766.69,491.19,0.6627
8742,145.846,539,1442.91,345.43,1512.42,486.48,0.8209
8742,145.846,540,828.7,81.61,876.81,187.55,0.3513
8748,145.946,482,1203.42,585.14,1350.04,933.64,0.8551
8748,145.946,524,1256.84,264.81,1304.67,360.69,0.4288
8748,145.946,531,677.25,323.31,765.05,497.02,0.7613
8748,145.946,539,1421.97,346.22,1495.07,491.79,0.7075
8748,145.946,540,828.73,81.64,876.68,187.49,0.374
8754,146.046,482,1151.66,594.16,1296.68,967.2,0.8512
8754,146.046,524,1256.54,264.52,1303.67,360.48,0.3507
8754,146.046,531,677.16,325.45,760.69,497.3,0.7966
8754,146.046,539,1407.43,349.48,1467.15,495.06,0.6979
8754,146.046,540,827.73,82.05,876.69,185.17,0.3581
8760,146.146,482,1100.24,608.26,1263.5,996.63,0.9052
8760,146.146,524,1255.2,268.8,1302.02,360.2,0.3882
8760,146.146,531,676.34,320.72,761.12,499.27,0.806
8760,146.146,539,1384.39,350.19,1446.04,494.19,0.5127
8760,146.146,540,824.65,80.33,875.59,175.86,0.3633
8766,146.246,482,1055.24,619.08,1194.1,1005.46,0.8812
8766,146.246,531,649.06,315.69,746.9,499.93,0.7834
8772,146.346,482,990.71,617.96,1115.62,1018.43,0.8742
8772,146.346,531,588.66,313.29,697.12,502.09,0.7236
8778,146.446,482,896.24,625.57,1040.29,1047.82,0.8805
8778,146.446,524,1145.15,245.39,1203.34,369.73,0.5628
8778,146.446,531,519.5,314.36,659.09,507.93,0.8842
8778,146.446,539,1234.49,330.71,1304.15,514.12,0.7405
8778,146.446,543,1856.02,456.08,1919.3,731.14,0.7638
8784,146.546,482,793.08,650.14,970.88,1074.22,0.9066
8784,146.546,524,1082.96,243.2,1157.12,373.76,0.6584
8784,146.546,531,465.23,317.37,604.59,512.43,0.8711
8784,146.546,540,677.61,78.31,727.76,170.52,0.314
8784,146.546,543,1808.33,458.13,1895.59,730.0,0.7954
8784,146.546,563,1759.21,350.22,1829.82,493.13,0.6507
8790,146.647,482,721.75,677.23,907.54,1080.0,0.9146
8790,146.647,524,1035.93,242.58,1111.99,377.64,0.4695
8790,146.647,531,426.1,319.68,545.58,515.77,0.863
8790,146.647,543,1764.3,464.16,1859.33,724.98,0.7373
8790,146.647,563,1712.37,348.57,1767.34,488.21,0.7385
8796,146.747,482,673.77,689.4,853.72,1080.0,0.9211
8796,146.747,524,999.31,239.39,1064.93,380.1,0.5397
8796,146.747,531,404.04,322.84,497.67,519.39,0.7998
8796,146.747,543,1722.93,467.32,1824.29,720.78,0.7595
8796,146.747,563,1646.5,349.17,1715.22,483.03,0.7119
8796,146.747,566,1314.59,249.8,1368.47,358.93,0.7191
8796,146.747,567,1117.06,317.09,1179.24,479.52,0.6871
8802,146.847,482,634.75,681.02,795.88,1080.0,0.8978
8802,146.847,524,963.42,233.98,1033.66,385.55,0.4736
8802,146.847,531,372.51,327.95,462.64,521.97,0.8415
8802,146.847,543,1690.23,452.12,1792.05,716.79,0.7745
8802,146.847,563,1593.99,347.92,1680.09,477.88,0.7774
8802,146.847,566,1283.1,258.28,1340.62,359.15,0.6797
8802,146.847,567,1091.19,324.44,1154.49,473.04,0.7564
8808,146.947,482,594.11,681.98,752.76,1080.0,0.886
8808,146.947,524,946.64,230.33,1005.64,379.59,0.4604
8808,146.947,531,341.61,331.49,435.13,523.74,0.8526
8808,146.947,539,954.72,338.88,1039.38,534.55,0.756
8808,146.947,543,1664.21,442.05,1757.35,696.0,0.721
8808,146.947,563,1559.95,347.41,1641.95,472.2,0.6864
8808,146.947,566,1252.65,272.78,1310.11,360.0,0.5726
8808,146.947,567,1071.4,318.13,1150.24,467.75,0.7589
8814,147.047,482,552.76,701.13,731.77,1080.0,0.9217
8814,147.047,524,927.87,229.22,984.4,373.16,0.3358
8814,147.047,531,314.97,329.84,398.39,523.56,0.7827
8814,147.047,539,924.9,336.64,1006.88,536.6,0.7232
8814,147.047,543,1638.81,432.25,1722.05,679.04,0.7494
8814,147.047,563,1538.75,349.08,1599.73,466.09,0.7528
8814,147.047,566,1228.69,281.04,1284.25,363.89,0.4147
8814,147.047,567,1056.53,312.42,1131.67,460.25,0.7938
8820,147.147,482,523.81,712.33,706.32,1080.0,0.9063
8820,147.147,531,286.38,330.46,356.33,522.11,0.7258
8820,147.147,539,901.17,339.45,979.61,537.22,0.7474
8820,147.147,543,1602.45,418.5,1699.35,670.63,0.8117
8820,147.147,563,1512.24,348.89,1562.28,462.48,0.6123
8820,147.147,566,1202.92,284.6,1261.42,365.01,0.4757
8820,147.147,567,1040.79,306.68,1109.66,452.39,0.6932
8826,147.247,482,500.1,705.68,656.63,1080.0,0.9025
8826,147.247,531,253.57,334.61,313.45,520.76,0.7491
8826,147.247,539,875.43,337.53,953.64,537.22,0.7096
8826,147.247,543,1567.23,407.33,1663.17,651.5,0.7908
8826,147.247,563,1463.56,349.57,1528.44,456.63,0.615
8826,147.247,567,1018.88,299.92,1079.27,450.92,0.7894
8832,147.347,482,475.91,704.02,623.77,1080.0,0.815
8832,147.347,531,211.58,339.46,269.99,522.85,0.7329
8832,147.347,539,847.27,331.34,924.64,536.4,0.7466
8832,147.347,543,1523.3,394.11,1613.81,638.88,0.7791
8832,147.347,563,1429.96,349.94,1487.92,456.61,0.6385
8832,147.347,566,1146.24,287.87,1202.64,361.6,0.3404
8832,147.347,567,994.33,296.01,1051.58,440.24,0.7367
8838,147.447,482,448.54,721.44,597.65,1080.0,0.8882
8838,147.447,531,167.32,339.58,229.76,526.43,0.7139
8838,147.447,539,818.16,319.69,898.13,529.02,0.7933
8838,147.447,543,1475.62,380.26,1564.61,618.28,0.7106
8838,147.447,563,1393.14,349.84,1444.77,451.1,0.6221
8838,147.447,566,1109.47,280.82,1170.22,354.42,0.4056
8838,147.447,567,967.02,291.6,1025.97,433.77,0.7849
8844,147.547,482,429.49,736.7,576.05,1080.0,0.8837
8844,147.547,531,114.64,339.03,191.16,526.81,0.7804
8844,147.547,539,786.34,322.8,869.48,523.22,0.7715
8844,147.547,543,1431.87,370.8,1516.12,606.09,0.7094
8844,147.547,563,1345.01,294.66,1401.97,443.38,0.7409
8844,147.547,566,1074.99,273.98,1134.08,352.74,0.3819
8844,147.547,567,938.93,288.48,999.47,428.08,0.7557
8850,147.648,482,402.45,737.27,555.54,1080.0,0.8762
8850,147.648,531,58.34,336.69,150.21,526.48,0.794
8850,147.648,539,753.94,323.54,840.51,520.93,0.7914
8850,147.648,543,1386.44,364.99,1462.73,590.92,0.7171
8850,147.648,563,1298.24,279.8,1361.2,438.41,0.7325
8850,147.648,566,1046.94,264.85,1102.11,352.44,0.5085
8850,147.648,567,913.12,285.47,974.18,420.97,0.7464
8856,147.748,482,375.67,737.93,552.43,1080.0,0.9081
8856,147.748,531,11.7,340.93,109.16,527.48,0.812
8856,147.748,539,724.96,318.73,813.94,517.35,0.7561
8856,147.748,543,1344.59,356.74,1418.95,580.14,0.7244
8856,147.748,563,1261.0,278.41,1326.67,435.77,0.736
8856,147.748,566,1016.31,257.08,1070.16,353.51,0.5852
8856,147.748,567,890.28,282.17,945.77,416.85,0.7017
8862,147.848,482,363.29,739.9,565.42,1080.0,0.9253
8862,147.848,531,0.0,343.61,80.44,529.01,0.7698
8862,147.848,539,707.45,318.01,793.16,510.73,0.6703
8862,147.848,543,1311.53,350.02,1389.04,568.87,0.7661
8862,147.848,563,1241.83,275.15,1304.03,432.63,0.6936
8862,147.848,566,999.33,249.0,1046.06,352.8,0.564
8862,147.848,567,872.18,283.09,928.32,412.08,0.7476
8868,147.948,482,375.68,740.61,590.85,1080.0,0.9026
8868,147.948,531,0.0,344.06,61.28,528.25,0.7901
8868,147.948,539,701.54,317.34,795.76,506.85,0.7664
8868,147.948,543,1292.46,346.03,1373.56,559.23,0.8242
8868,147.948,563,1233.38,270.05,1294.26,430.41,0.784
8868,147.948,566,990.36,242.01,1032.67,350.17,0.6256
8868,147.948,567,865.8,283.67,923.1,407.45,0.6921
8874,148.048,482,411.02,739.51,618.93,1080.0,0.9129
8874,148.048,531,0.0,340.67,54.41,527.64,0.7112
8874,148.048,539,712.63,312.58,809.64,502.98,0.7804
8874,148.048,543,1289.64,340.54,1364.35,554.17,0.7772
8874,148.048,563,1228.82,267.2,1292.46,424.0,0.7227
8874,148.048,566,990.12,238.88,1030.58,349.15,0.6115
8874,148.048,567,871.16,285.84,927.1,403.92,0.7286
8880,148.148,482,464.51,733.46,641.99,1080.0,0.9072
8880,148.148,531,0.0,340.87,37.33,525.31,0.6689
8880,148.148,539,732.01,311.97,820.61,496.44,0.7224
8880,148.148,543,1286.99,338.06,1361.74,547.81,0.7593
8880,148.148,563,1239.78,263.56,1291.54,417.09,0.695
8880,148.148,566,986.26,231.06,1028.21,350.14,0.6134
8880,148.148,567,873.07,282.44,928.01,401.34,0.72
8886,148.248,482,508.14,724.92,663.47,1080.0,0.9008
8886,148.248,531,0.0,356.57,24.24,519.84,0.6086
8886,148.248,539,755.14,302.53,834.46,490.53,0.7385
8886,148.248,543,1276.98,346.69,1358.4,541.3,0.6727
8886,148.248,563,1251.21,257.02,1294.81,413.6,0.5443
8886,148.248,566,986.8,227.17,1027.2,349.24,0.5983
8886,148.248,567,871.6,272.49,930.58,400.88,0.784
8892,148.348,482,534.65,717.13,688.92,1080.0,0.9091
8892,148.348,539,772.47,291.71,846.4,483.51,0.7522
8892,148.348,543,1276.91,347.24,1352.76,535.48,0.6652
8892,148.348,563,1255.43,253.09,1297.8,403.83,0.571
8892,148.348,566,990.55,225.14,1025.78,348.03,0.494
8892,148.348,567,870.39,268.94,933.59,398.88,0.4188
8898,148.448,482,554.62,718.5,713.18,1080.0,0.9069
8898,148.448,539,781.94,289.11,859.68,479.67,0.7902
8898,148.448,543,1274.84,340.63,1357.58,532.68,0.7526
8898,148.448,563,1251.21,247.86,1297.56,383.65,0.5672
8898,148.448,566,990.49,223.72,1025.11,347.37,0.4689
8898,148.448,567,861.57,273.06,933.9,397.9,0.5191
8904,148.548,482,573.65,719.5,739.13,1080.0,0.8955
8904,148.548,539,796.71,290.02,880.33,477.17,0.7473
8904,148.548,543,1272.38,335.56,1353.43,531.14,0.7326
8904,148.548,563,1243.63,245.46,1301.27,379.98,0.5454
8904,148.548,566,990.39,222.97,1026.73,347.09,0.4802
8904,148.548,567,858.93,280.1,933.34,411.31,0.522
8910,148.649,482,584.29,715.5,758.61,1080.0,0.9113
8910,148.649,539,813.42,285.78,899.01,475.07,0.6936
8910,148.649,543,1266.95,330.84,1355.4,529.92,0.7839
8910,148.649,563,1238.77,247.02,1302.42,365.52,0.4832
8910,148.649,566,989.59,221.29,1030.78,346.98,0.4893
8916,148.749,482,612.01,711.04,796.92,1079.68,0.904
8916,148.749,539,844.15,280.75,931.62,474.72,0.734
8916,148.749,543,1284.96,332.46,1378.21,528.03,0.7885
8916,148.749,563,1259.27,245.99,1316.79,359.73,0.4507
8916,148.749,566,1015.45,221.42,1058.95,347.09,0.6932
8922,148.849,482,663.44,709.96,865.7,1079.41,0.9024
8922,148.849,539,907.57,279.29,991.68,471.91,0.8204
8922,148.849,543,1331.66,338.1,1434.24,532.56,0.7726
8922,148.849,563,1323.12,243.76,1370.95,347.79,0.4256
8922,148.849,566,1080.35,221.6,1123.64,347.85,0.5327
8928,148.949,482,714.74,709.8,928.68,1079.24,0.916
8928,148.949,539,976.66,286.01,1062.45,469.32,0.7755
8928,148.949,543,1394.11,350.88,1503.2,535.4,0.7415
8928,148.949,566,1158.73,221.71,1197.83,349.01,0.6349
8928,148.949,589,75.2,318.14,153.5,491.06,0.7762
8934,149.049,482,748.16,716.34,964.88,1079.6,0.9068
8934,149.049,539,1023.64,292.66,1119.19,468.65,0.8112
8934,149.049,543,1444.36,361.64,1551.51,538.3,0.7364
8934,149.049,566,1218.71,225.11,1255.35,349.43,0.6141
8934,149.049,589,126.51,308.44,188.32,485.35,0.7108
8940,149.149,482,770.37,725.76,974.66,1080.0,0.906
8940,149.149,524,918.95,209.63,966.93,344.66,0.4181
8940,149.149,539,1048.87,292.12,1156.82,467.77,0.7567
8940,149.149,543,1475.13,356.27,1571.64,543.84,0.5201
8940,149.149,566,1258.34,225.57,1296.98,349.9,0.6522
8940,149.149,589,154.42,298.83,203.95,477.08,0.7258
8946,149.249,482,771.79,725.54,979.61,1079.63,0.9077
8946,149.249,524,948.99,207.65,998.23,341.35,0.5407
8946,149.249,539,1054.11,284.17,1181.26,466.48,0.734
8946,149.249,543,1486.78,353.7,1578.66,545.73,0.5926
8946,149.249,566,1292.01,230.24,1326.86,349.21,0.7284
8946,149.249,589,171.58,297.3,216.89,471.16,0.6694
8952,149.349,482,762.25,715.07,951.73,1080.0,0.9087
8952,149.349,524,976.68,213.13,1023.43,340.9,0.334
8952,149.349,539,1072.61,294.17,1178.43,461.3,0.4363
8952,149.349,543,1495.72,354.38,1576.09,551.88,0.5676
8952,149.349,566,1318.86,231.48,1355.94,351.74,0.3911
8952,149.349,589,168.85,298.85,248.51,472.6,0.743
8958,149.449,482,749.57,699.53,922.26,1080.0,0.9182
8958,149.449,524,997.1,210.92,1044.48,341.88,0.3478
8958,149.449,539,1078.9,284.96,1176.38,468.95,0.6974
8958,149.449,543,1496.19,369.67,1567.77,559.88,0.6804
8958,149.449,566,1339.27,232.24,1376.88,351.3,0.5222
8958,149.449,589,173.62,303.9,262.07,471.83,0.7757
8964,149.549,482,740.22,700.19,900.06,1080.0,0.9144
8964,149.549,524,1011.75,208.19,1059.49,327.63,0.4133
8964,149.549,539,1073.29,289.91,1174.81,475.23,0.7557
8964,149.549,543,1491.68,372.29,1564.85,568.98,0.7065
8964,149.549,566,1358.13,233.37,1395.56,353.38,0.4377
8964,149.549,589,181.85,301.6,270.34,468.47,0.7904
8970,149.649,482,719.24,716.67,885.63,1080.0,0.9098
8970,149.649,539,1073.8,290.69,1155.5,479.55,0.6891
8970,149.649,543,1496.34,370.4,1565.21,574.01,0.7316
8970,149.649,589,194.93,300.5,269.27,465.44,0.7937
8976,149.75,482,707.49,731.92,882.34,1080.0,0.9071
8976,149.75,539,1070.51,287.08,1153.95,480.12,0.7294
8976,149.75,543,1512.26,370.19,1577.71,578.44,0.7049
8976,149.75,589,219.32,303.94,285.49,461.83,0.7791
8982,149.85,482,699.55,729.62,879.32,1080.0,0.9209
8982,149.85,539,1074.11,303.06,1170.37,483.69,0.6661
8982,149.85,543,1531.2,370.2,1598.96,580.41,0.7259
8982,149.85,589,254.24,308.84,316.67,460.49,0.769
8988,149.95,482,690.87,716.07,861.87,1080.0,0.9221
8988,149.95,539,1082.88,299.94,1168.08,482.96,0.7129
8988,149.95,543,1556.13,373.93,1626.45,590.96,0.7746
8988,149.95,589,297.51,306.4,356.39,462.51,0.7839
8994,150.05,482,701.92,708.59,865.35,1080.0,0.9237
8994,150.05,539,1092.91,301.2,1184.45,483.3,0.8228
8994,150.05,543,1594.72,387.88,1667.06,610.95,0.8049
8994,150.05,589,351.95,300.03,406.05,463.23,0.7061
8994,150.05,607,1173.6,279.73,1238.07,419.21,0.704
9000,150.15,482,728.84,717.72,889.71,1079.69,0.9068
9000,150.15,539,1116.87,309.52,1215.34,483.59,0.6757
9000,150.15,543,1653.28,405.19,1727.52,629.93,0.7288
9000,150.15,589,422.12,293.87,484.38,463.35,0.8033
9000,150.15,607,1232.58,282.08,1293.74,423.02,0.7731
9006,150.25,482,762.03,734.72,932.37,1079.66,0.9031
9006,150.25,543,1740.68,417.66,1813.88,645.66,0.6604
9006,150.25,589,514.62,292.8,572.55,463.08,0.7773
9006,150.25,607,1307.52,287.05,1367.28,425.82,0.7227
9012,150.35,482,819.83,741.54,994.79,1079.23,0.8962
9012,150.35,543,1851.31,419.78,1914.59,662.47,0.7733
9012,150.35,589,621.7,289.41,682.4,460.52,0.8012
9012,150.35,607,1407.67,334.38,1455.85,431.83,0.5531
9018,150.45,482,873.19,734.13,1053.63,1080.0,0.9129
9018,150.45,589,724.43,286.12,788.75,460.3,0.7906
9018,150.45,607,1506.37,351.81,1559.64,441.75,0.6056
9024,150.55,482,921.02,724.1,1098.12,1080.0,0.9124
9024,150.55,589,811.1,283.87,884.64,461.04,0.8077
9024,150.55,607,1594.25,356.19,1650.03,447.48,0.7438
9030,150.65,482,954.64,729.85,1130.55,1080.0,0.8942
9030,150.65,589,885.37,285.21,961.52,462.22,0.8003
9030,150.65,607,1664.17,356.16,1724.74,455.69,0.7093
9036,150.751,482,962.71,750.14,1147.43,1080.0,0.9035
9036,150.751,589,940.92,288.42,1022.19,461.09,0.8697
9036,150.751,607,1716.0,354.61,1780.93,465.71,0.6662
9042,150.851,482,960.43,763.86,1146.07,1080.0,0.9033
9042,150.851,589,977.65,289.42,1068.69,463.44,0.7362
9042,150.851,607,1760.06,352.66,1820.68,472.68,0.6971
9048,150.951,482,939.84,766.06,1124.92,1080.0,0.8932
9048,150.951,589,994.7,294.98,1094.03,461.81,0.6919
9048,150.951,607,1793.49,351.1,1850.06,474.95,0.7151
9048,150.951,623,1397.58,350.93,1499.27,510.76,0.8096
9054,151.051,482,909.02,755.47,1087.28,1080.0,0.8944
9054,151.051,589,993.11,296.53,1090.85,464.46,0.7402
9054,151.051,607,1804.04,349.08,1865.86,482.09,0.7248
9054,151.051,623,1403.46,349.55,1485.49,513.5,0.7355
9060,151.151,482,869.12,753.04,1048.64,1080.0,0.8978
9060,151.151,589,991.0,296.02,1078.62,467.68,0.803
9060,151.151,607,1807.08,348.86,1871.83,487.14,0.7662
9060,151.151,623,1383.15,348.06,1442.89,515.21,0.6832
9066,151.251,482,823.23,770.99,1011.64,1080.0,0.8942
9066,151.251,589,970.34,298.03,1064.41,474.24,0.8092
9066,151.251,607,1808.08,348.57,1873.72,489.03,0.7538
9066,151.251,623,1342.54,324.68,1421.18,519.0,0.8175
9072,151.351,482,778.24,790.03,983.82,1078.85,0.7973
9072,151.351,589,960.78,298.72,1047.85,477.44,0.7436
9072,151.351,607,1813.42,348.47,1881.06,491.31,0.6802
9072,151.351,623,1303.1,320.03,1409.7,519.76,0.807
9078,151.451,482,743.85,792.35,955.23,1079.03,0.8852
9078,151.451,589,952.32,295.11,1043.02,479.03,0.6981
9078,151.451,607,1827.54,347.89,1889.7,495.99,0.7051
9078,151.451,623,1297.19,325.75,1386.71,526.17,0.7969
9084,151.551,482,717.98,787.39,933.52,1078.82,0.9066
9084,151.551,589,962.53,291.55,1050.42,480.97,0.7525
9084,151.551,607,1856.77,350.4,1915.12,503.03,0.7804
9084,151.551,623,1300.57,324.2,1374.65,527.73,0.8531
9090,151.651,482,716.24,784.69,920.18,1079.48,0.8982
9090,151.651,589,973.93,290.34,1068.47,480.6,0.7883
9090,151.651,623,1295.58,322.62,1388.44,527.16,0.8422
9096,151.752,482,713.86,795.09,927.17,1079.86,0.8822
9096,151.752,589,1010.08,295.14,1115.71,484.97,0.8459
9096,151.752,623,1327.14,331.35,1413.72,527.78,0.8176
9102,151.852,482,710.79,787.97,916.52,1080.0,0.9079
9102,151.852,589,1075.98,297.87,1171.03,485.59,0.7798
9102,151.852,623,1375.36,344.46,1453.15,532.08,0.765
9108,151.952,482,699.28,770.62,917.88,1078.48,0.8901
9108,151.952,589,1151.08,290.39,1230.12,488.31,0.7678
9108,151.952,623,1420.22,347.66,1510.99,537.64,0.8317
9114,152.052,482,729.3,747.67,929.55,1078.99,0.9065
9114,152.052,589,1222.85,286.81,1296.46,489.09,0.8043
9114,152.052,623,1473.16,352.09,1580.38,538.83,0.8458
9120,152.152,482,773.27,720.33,977.77,1078.58,0.9142
9120,152.152,589,1290.15,292.51,1371.29,486.09,0.8293
9120,152.152,623,1544.54,358.74,1654.01,550.05,0.8271
9126,152.252,482,792.19,702.62,1026.05,1076.04,0.9155
9126,152.252,589,1355.7,324.19,1443.45,488.92,0.8016
9126,152.252,623,1614.3,371.04,1728.1,562.83,0.8733
9132,152.352,482,789.6,696.21,1067.02,1073.89,0.9165
9132,152.352,589,1422.0,341.48,1510.03,490.72,0.8216
9132,152.352,623,1672.3,380.16,1794.88,580.54,0.8632
9138,152.452,482,800.65,686.88,1086.51,1069.98,0.8913
9138,152.452,589,1480.78,347.54,1567.81,490.79,0.7633
9138,152.452,623,1734.21,388.03,1850.55,586.19,0.8548
9144,152.552,482,849.12,669.95,1095.26,1064.04,0.8977
9144,152.552,589,1536.41,349.75,1614.66,489.06,0.7509
9144,152.552,623,1778.01,392.3,1900.41,594.02,0.8094
9150,152.653,482,793.96,702.62,974.48,983.95,0.8501
9156,152.753,482,742.51,720.96,888.21,952.57,0.6186
9156,152.753,627,298.27,732.25,437.42,956.53,0.7355
9156,152.753,629,928.43,740.46,981.39,852.68,0.7011
9162,152.853,482,697.77,723.67,804.34,941.28,0.717
9162,152.853,627,311.8,734.18,444.47,952.93,0.7594
9162,152.853,629,944.57,736.55,991.83,852.26,0.7606
9162,152.853,636,1711.71,717.63,1832.17,944.33,0.8373
9162,152.853,638,847.31,744.56,884.49,835.94,0.5998
9168,152.953,482,615.9,726.5,764.1,933.67,0.7637
9168,152.953,627,309.43,734.84,475.05,949.36,0.854
9168,152.953,629,960.82,733.96,1005.67,853.7,0.7428
9168,152.953,636,1701.09,703.51,1829.3,942.62,0.7694
9168,152.953,638,864.54,744.26,898.2,836.29,0.651
9174,153.053,482,584.43,734.91,699.89,934.4,0.7617
9174,153.053,627,325.56,743.42,494.0,942.38,0.439
9174,153.053,629,974.26,736.91,1020.56,856.85,0.7808
9174,153.053,636,1686.62,713.3,1821.56,946.18,0.5819
9174,153.053,638,877.33,747.3,910.48,835.95,0.5722
9174,153.053,643,1362.04,748.05,1425.65,898.91,0.5588
9174,153.053,644,1424.06,758.11,1470.24,861.03,0.6586
9180,153.153,482,552.88,740.13,676.98,928.79,0.6999
9180,153.153,627,344.93,744.71,515.91,939.64,0.5701
9180,153.153,629,986.25,739.2,1033.31,859.16,0.7911
9180,153.153,636,1669.37,716.45,1774.07,946.59,0.586
9180,153.153,638,890.25,746.71,924.39,834.55,0.6232
9180,153.153,644,1427.58,756.02,1479.99,857.36,0.6089
9180,153.153,646,353.62,756.4,447.71,940.05,0.4807
9186,153.253,482,511.35,744.55,649.77,929.06,0.7173
9186,153.253,627,351.66,745.76,508.27,936.51,0.7458
9186,153.253,629,994.44,735.98,1041.27,860.32,0.7782
9186,153.253,636,1641.49,719.16,1741.53,955.14,0.7903
9186,153.253,638,900.71,746.04,936.12,834.06,0.6299
9186,153.253,644,1437.59,754.45,1487.32,859.17,0.6553
9192,153.353,482,463.33,746.32,595.49,925.81,0.5841
9192,153.353,627,340.89,747.16,490.85,941.08,0.6624
9192,153.353,629,1002.59,734.87,1050.87,861.04,0.6855
9192,153.353,636,1623.53,724.57,1722.74,957.2,0.8105
9192,153.353,638,913.11,748.08,948.45,833.66,0.5782
9192,153.353,644,1441.48,754.45,1494.7,860.38,0.7616
9192,153.353,646,335.61,755.04,439.11,942.29,0.4784
9198,153.453,482,424.94,745.44,559.34,924.63,0.7247
9198,153.453,627,350.55,746.48,492.25,948.48,0.5699
9198,153.453,629,1009.31,737.77,1061.28,861.6,0.7417
9198,153.453,636,1595.64,734.41,1707.2,957.13,0.6434
9198,153.453,638,923.5,745.58,957.21,831.94,0.5105
9198,153.453,644,1445.87,754.55,1495.92,861.7,0.7168
9204,153.553,482,415.91,737.95,526.67,912.79,0.5469
9204,153.553,627,353.69,749.03,485.12,952.56,0.758
9204,153.553,629,1014.0,735.8,1066.89,861.6,0.8034
9204,153.553,636,1562.03,736.0,1683.29,959.05,0.8365
9204,153.553,638,934.83,748.88,966.04,830.06,0.6744
9204,153.553,644,1446.5,751.65,1497.95,861.95,0.7689
9210,153.654,482,363.24,744.41,477.74,937.28,0.3536
9210,153.654,627,361.85,738.2,506.6,948.45,0.6139
9210,153.654,629,1019.46,733.5,1071.24,860.94,0.7793
9210,153.654,636,1537.1,731.27,1665.83,963.67,0.8002
9210,153.654,638,944.67,753.16,975.25,829.81,0.4948
9210,153.654,644,1439.94,752.11,1500.95,862.78,0.7168
9216,153.754,627,365.69,761.64,498.23,950.33,0.6775
9216,153.754,629,1026.02,736.5,1076.08,860.91,0.7684
9216,153.754,636,1540.68,723.99,1652.36,965.75,0.8366
9216,153.754,638,951.63,754.01,984.05,831.44,0.6765
9216,153.754,644,1434.14,754.93,1498.1,862.99,0.777
9222,153.854,627,371.34,766.91,533.0,955.2,0.8663
9222,153.854,629,1033.02,738.99,1083.61,862.27,0.7892
9222,153.854,636,1531.78,726.83,1649.8,974.51,0.8426
9222,153.854,638,959.6,753.55,994.71,831.32,0.6522
9222,153.854,644,1437.23,757.88,1499.8,863.66,0.7535
9222,153.854,646,336.86,746.68,434.69,930.83,0.658
9228,153.954,627,380.65,757.36,581.05,961.85,0.8192
9228,153.954,629,1040.0,735.86,1093.66,864.78,0.7632
9228,153.954,636,1517.03,740.96,1663.68,984.96,0.8594
9228,153.954,638,969.95,753.51,1002.99,828.0,0.505
9228,153.954,644,1445.85,758.99,1504.76,865.07,0.7457
9228,153.954,646,328.8,741.93,431.29,930.13,0.8619
9234,154.054,627,411.14,751.03,612.39,966.06,0.8246
9234,154.054,629,1049.49,735.95,1103.42,863.99,0.7393
9234,154.054,636,1503.55,749.95,1670.82,996.11,0.8435
9234,154.054,638,979.75,748.43,1012.06,826.79,0.6358
9234,154.054,644,1454.34,758.39,1511.1,865.37,0.7667
9234,154.054,646,298.04,740.47,419.14,931.05,0.8268
9234,154.054,656,1670.15,743.74,1713.03,837.88,0.5098
9240,154.154,627,439.94,744.25,636.93,966.46,0.8956
9240,154.154,629,1061.09,743.33,1114.44,864.03,0.7217
9240,154.154,636,1479.17,752.17,1664.23,1000.4,0.8214
9240,154.154,638,986.16,746.3,1020.03,827.47,0.7035
9240,154.154,644,1460.92,760.46,1523.72,865.83,0.4807
9240,154.154,646,288.05,744.4,401.46,931.63,0.8116
9240,154.154,656,1685.37,745.17,1722.17,842.36,0.4458
9246,154.254,627,487.29,738.69,653.01,974.6,0.8121
9246,154.254,629,1066.66,745.37,1128.17,867.6,0.803
9246,154.254,636,1490.63,741.19,1671.01,1002.45,0.764
9246,154.254,638,991.63,751.72,1026.56,827.46,0.552
9246,154.254,643,1471.97,763.33,1543.84,866.52,0.5058
9246,154.254,646,276.05,743.8,389.3,932.33,0.8173
9246,154.254,656,1683.75,746.42,1735.07,844.64,0.3962
9252,154.354,627,543.04,738.02,714.71,978.83,0.7965
9252,154.354,629,1076.36,743.54,1139.07,869.83,0.7265
9252,154.354,636,1499.96,731.34,1744.8,1002.48,0.8341
9252,154.354,638,992.89,757.46,1032.72,829.21,0.6834
9252,154.354,643,1482.24,762.23,1551.34,870.14,0.6156
9252,154.354,646,264.39,743.94,387.35,935.9,0.8533
9258,154.454,627,569.1,725.63,775.95,978.17,0.9093
9258,154.454,629,1091.96,746.34,1151.66,872.07,0.7886
9258,154.454,636,1528.82,717.61,1776.36,1007.79,0.8076
9258,154.454,638,993.34,754.51,1037.55,830.34,0.6622
9258,154.454,643,1504.45,762.09,1565.42,869.56,0.7143
9258,154.454,646,250.66,741.43,386.84,938.44,0.848
9264,154.554,627,623.39,721.43,814.74,975.84,0.8694
9264,154.554,629,1094.06,742.33,1168.65,876.99,0.7898
9264,154.554,636,1589.62,715.62,1792.56,1024.81,0.8898
9264,154.554,638,999.76,755.18,1037.53,831.26,0.6931
9264,154.554,643,1509.2,756.36,1589.05,871.54,0.832
9264,154.554,646,243.42,742.98,387.02,938.97,0.8406
9270,154.655,627,717.35,720.98,856.17,976.08,0.7934
9270,154.655,629,1101.95,737.53,1176.89,878.91,0.6551
9270,154.655,636,1635.59,723.25,1868.51,1041.63,0.8912
9270,154.655,638,1003.01,753.87,1035.53,830.86,0.604
9270,154.655,643,1523.55,753.01,1605.95,875.9,0.6566
9270,154.655,646,239.6,741.85,391.55,943.93,0.8436
9276,154.755,627,753.56,717.23,927.2,973.11,0.8896
9276,154.755,629,1109.03,733.94,1180.95,879.62,0.7099
9276,154.755,636,1637.22,740.46,1868.37,1047.4,0.8943
9276,154.755,638,991.4,752.78,1026.21,830.48,0.4898
9276,154.755,643,1536.19,751.26,1611.41,878.26,0.6461
9276,154.755,646,236.38,739.37,380.56,945.96,0.8022
9282,154.855,627,812.3,722.0,963.79,975.37,0.8484
9282,154.855,629,1100.75,728.21,1181.28,881.39,0.7459
9282,154.855,636,1618.54,745.67,1841.07,1046.92,0.8568
9282,154.855,638,974.15,750.33,1012.22,830.37,0.5081
9282,154.855,643,1529.69,751.31,1612.35,874.94,0.6008
9282,154.855,644,1373.27,741.12,1455.54,918.1,0.7556
9282,154.855,646,226.24,737.44,358.8,948.3,0.8198
9288,154.955,627,868.54,737.08,991.74,974.16,0.7434
9288,154.955,636,1594.33,749.01,1829.41,1051.24,0.8522
9288,154.955,643,1525.32,749.61,1596.51,880.73,0.651
9288,154.955,644,1336.31,742.63,1446.99,922.07,0.8283
9288,154.955,646,186.68,736.41,335.13,952.71,0.8489
9294,155.055,627,863.84,724.46,1023.99,979.02,0.9024
9294,155.055,636,1536.81,767.52,1775.63,1047.71,0.8556
9294,155.055,644,1309.41,747.38,1417.72,924.75,0.6889
9294,155.055,646,151.05,739.49,297.53,962.8,0.549
9294,155.055,656,1509.23,751.33,1585.5,883.38,0.6055
9300,155.155,627,874.23,722.1,1024.9,987.33,0.8154
9300,155.155,636,1474.19,770.33,1692.15,1042.52,0.845
9300,155.155,638,862.96,747.9,892.74,831.99,0.7198
9300,155.155,646,116.71,738.29,270.62,969.36,0.774
9306,155.255,627,877.02,718.5,1023.35,985.98,0.8466
9306,155.255,636,1425.13,759.17,1590.26,1028.18,0.873
9306,155.255,638,803.61,752.36,840.34,830.0,0.5814
9306,155.255,646,49.03,730.52,233.39,975.25,0.895
9312,155.355,627,863.95,721.44,1037.41,992.55,0.7504
9312,155.355,636,1370.37,755.59,1498.59,1011.88,0.7763
9312,155.355,638,736.94,757.55,771.33,833.83,0.5704
9312,155.355,646,19.37,728.4,166.44,989.87,0.7953
9318,155.455,627,897.35,720.95,1049.62,994.09,0.7752
9318,155.455,636,1287.66,753.8,1435.15,1006.49,0.8376
9318,155.455,638,666.41,760.35,701.8,836.08,0.7133
9318,155.455,646,0.0,727.59,107.08,958.95,0.8295
9324,155.555,627,876.97,715.1,1051.27,997.92,0.8931
9324,155.555,636,1206.23,762.53,1379.72,1006.1,0.9044
9324,155.555,638,596.63,758.93,625.76,839.7,0.5484
9324,155.555,646,0.0,716.91,51.04,947.12,0.7133
9330,155.655,627,912.2,722.37,1054.97,1009.4,0.7282
9330,155.655,636,1129.03,765.87,1338.17,1005.49,0.9037
9330,155.655,638,520.29,766.08,553.47,843.92,0.6474
9330,155.655,644,881.84,739.5,968.89,931.34,0.4323
9330,155.655,656,1076.29,756.26,1133.64,906.51,0.5564
9336,155.756,627,940.68,721.74,1073.31,1022.06,0.711
9336,155.756,636,1092.27,775.42,1307.74,1005.67,0.8633
9336,155.756,638,444.2,767.82,488.96,851.09,0.6531
9336,155.756,644,838.02,741.79,948.34,924.52,0.774
9342,155.856,627,932.66,724.54,1103.21,1019.59,0.8637
9342,155.856,636,1091.63,773.5,1282.02,999.51,0.7065
9342,155.856,638,374.85,763.47,428.29,854.23,0.6668
9348,155.956,627,952.71,729.45,1163.19,1027.42,0.7743
9348,155.956,636,1094.44,762.66,1269.64,986.82,0.6934
9348,155.956,638,322.45,764.48,370.83,856.49,0.6729
9348,155.956,643,984.06,769.44,1022.99,886.38,0.6411
9354,156.056,627,1037.69,733.75,1183.02,1030.88,0.6564
9354,156.056,636,1128.56,751.06,1259.12,990.9,0.7321
9354,156.056,638,278.96,764.62,319.86,857.38,0.726
9354,156.056,643,952.22,779.14,1010.05,892.94,0.5447
9360,156.156,627,1068.67,752.47,1203.01,1025.45,0.6383
9360,156.156,636,1127.69,758.62,1238.8,994.05,0.3954
9360,156.156,638,230.75,764.24,274.85,860.17,0.6865
9360,156.156,656,851.75,752.37,911.28,922.22,0.6869
9366,156.256,627,1103.87,740.05,1250.97,1021.84,0.771
9366,156.256,638,182.76,765.11,234.93,861.25,0.7366
9366,156.256,643,923.26,779.09,970.36,889.57,0.6314
9366,156.256,656,830.88,746.0,905.18,919.79,0.6832
9372,156.356,627,1157.82,730.07,1278.06,1013.99,0.7307
9372,156.356,638,133.46,764.91,188.01,862.91,0.6805
9372,156.356,643,907.71,769.85,955.0,885.07,0.3887
9372,156.356,656,811.91,746.52,900.92,914.96,0.7507
9378,156.456,627,1162.64,723.94,1318.2,1001.55,0.8698
9378,156.456,638,87.06,765.92,138.35,864.39,0.6033
9378,156.456,643,898.37,769.5,949.46,884.18,0.5546
9384,156.556,627,1191.64,725.5,1344.22,998.12,0.8418
9384,156.556,643,882.41,767.84,931.08,881.54,0.5195
9384,156.556,684,1792.64,773.68,1892.67,931.84,0.7596
9390,156.656,627,1188.86,730.27,1351.42,993.6,0.789
9390,156.656,643,860.35,762.95,908.98,878.23,0.4961
9390,156.656,684,1752.81,768.83,1838.74,930.89,0.7891
9396,156.757,627,1184.32,747.56,1367.62,986.48,0.7395
9396,156.757,643,843.33,767.44,882.86,871.91,0.5132
9396,156.757,684,1703.46,763.58,1770.7,921.78,0.7052
9396,156.757,691,772.96,741.79,847.63,907.3,0.7678
9402,156.857,627,1231.9,754.98,1381.72,985.43,0.7692
9402,156.857,643,821.6,765.58,856.08,880.55,0.3997
9402,156.857,684,1649.24,764.54,1726.04,918.88,0.7756
9402,156.857,691,752.17,747.88,823.95,905.81,0.7007
9408,156.957,627,1233.52,755.15,1388.46,980.84,0.7626
9408,156.957,629,0.67,700.93,167.76,1021.26,0.8771
9408,156.957,643,793.42,767.92,838.79,879.19,0.4434
9408,156.957,684,1599.08,770.17,1696.98,916.87,0.7893
9408,156.957,691,730.4,754.35,792.86,906.12,0.7276
9408,156.957,693,1071.99,752.56,1151.6,906.62,0.4612
9414,157.057,627,1256.48,769.99,1383.34,977.19,0.5726
9414,157.057,629,0.0,702.1,146.76,1035.81,0.8244
9414,157.057,643,763.81,769.38,818.15,873.61,0.532
9414,157.057,684,1549.09,765.89,1652.73,914.35,0.8062
9414,157.057,691,701.25,758.79,764.84,907.88,0.7054
9414,157.057,693,1056.82,753.93,1134.21,907.8,0.6228
9420,157.157,643,746.59,771.87,789.83,869.6,0.521
9420,157.157,684,1522.78,753.0,1605.68,913.44,0.7837
9420,157.157,691,672.16,753.48,735.32,906.75,0.7202
9420,157.157,693,1035.37,752.71,1142.0,906.77,0.7057
9426,157.257,627,1299.05,766.78,1409.08,951.18,0.8244
9426,157.257,643,725.26,771.82,767.74,869.75,0.7205
9426,157.257,684,1500.56,750.35,1564.73,909.03,0.7625
9426,157.257,691,639.56,750.41,710.68,908.03,0.7527
9426,157.257,693,1033.55,752.68,1123.67,902.21,0.5263
9426,157.257,697,1201.86,778.4,1299.53,971.38,0.8485
9432,157.357,627,1315.52,763.88,1417.08,949.97,0.8251
9432,157.357,643,705.75,774.57,761.68,867.06,0.6319
9432,157.357,644,22.66,715.71,263.38,1038.54,0.861
9432,157.357,684,1481.23,745.97,1549.01,906.17,0.7527
9432,157.357,691,613.85,748.61,683.63,907.13,0.7747
9432,157.357,693,1034.58,766.59,1100.41,902.22,0.551
9432,157.357,697,1183.68,777.15,1285.96,971.34,0.7578
9438,157.457,627,1329.19,767.24,1434.02,948.88,0.7965
9438,157.457,643,700.83,775.38,749.9,864.32,0.627
9438,157.457,644,72.42,721.14,288.24,1037.77,0.8392
9438,157.457,684,1461.52,751.49,1548.57,908.94,0.7062
9438,157.457,691,592.42,749.06,657.62,907.46,0.7669
9438,157.457,693,1028.48,774.85,1077.33,901.03,0.539
9438,157.457,697,1169.78,774.72,1262.49,972.42,0.8267
9438,157.457,704,1647.4,737.08,1740.44,993.39,0.8223
9444,157.557,627,1339.36,766.33,1424.1,944.08,0.8104
9444,157.557,644,100.69,722.0,344.52,1040.92,0.8751
9444,157.557,684,1448.89,759.05,1537.89,907.51,0.7821
9444,157.557,691,578.47,748.81,640.44,907.33,0.7544
9444,157.557,693,1010.63,762.33,1072.77,902.16,0.6763
9444,157.557,697,1155.84,768.58,1241.69,975.21,0.8085
9444,157.557,704,1602.94,740.47,1708.11,988.39,0.8254
9450,157.657,627,1339.44,763.08,1429.71,942.45,0.7283
9450,157.657,643,698.9,762.25,739.53,865.41,0.492
9450,157.657,684,1440.13,761.46,1522.63,904.44,0.8021
9450,157.657,691,559.85,755.17,636.02,909.98,0.7498
9450,157.657,693,1008.29,762.61,1069.57,902.26,0.672
9450,157.657,697,1144.26,762.0,1227.26,976.14,0.8386
9450,157.657,704,1563.96,746.08,1685.01,987.69,0.8143
9456,157.758,627,1347.43,767.66,1455.75,943.93,0.765
9456,157.758,643,702.45,751.61,736.62,865.27,0.5643
9456,157.758,656,329.73,729.85,475.89,1011.09,0.8535
9456,157.758,684,1433.51,759.24,1503.68,904.0,0.7503
9456,157.758,691,544.5,767.04,638.19,909.97,0.8603
9456,157.758,693,1001.51,764.71,1062.3,904.16,0.5455
9456,157.758,697,1133.84,753.03,1216.81,973.22,0.8023
9456,157.758,704,1526.87,755.31,1645.44,989.56,0.8222
9462,157.858,627,1360.73,770.09,1464.65,946.05,0.7945
9462,157.858,643,702.77,746.37,737.79,864.0,0.709
9462,157.858,656,339.58,720.77,514.3,1007.71,0.8384
9462,157.858,684,1422.52,757.35,1495.99,901.19,0.6629
9462,157.858,691,537.26,766.26,642.96,908.41,0.7119
9462,157.858,693,990.02,762.93,1051.93,902.95,0.6286
9462,157.858,697,1120.04,747.59,1201.45,970.36,0.7651
9462,157.858,704,1498.15,756.69,1616.2,992.62,0.7242
9468,157.958,643,703.6,750.35,740.04,862.21,0.6669
9468,157.958,656,385.45,723.68,574.48,999.64,0.7882
9468,157.958,684,1417.01,755.39,1484.07,901.45,0.598
9468,157.958,691,562.19,756.0,649.06,908.59,0.5784
9468,157.958,693,980.49,762.2,1034.28,894.92,0.7209
9468,157.958,697,1106.39,741.56,1186.86,969.04,0.6901
9468,157.958,704,1469.62,752.44,1583.11,991.89,0.7557
9474,158.058,643,706.95,755.34,743.36,860.19,0.6315
9474,158.058,691,554.98,743.95,655.36,965.15,0.7543
9474,158.058,693,967.74,766.4,1022.89,893.99,0.6764
9474,158.058,697,1096.67,741.6,1188.31,967.35,0.7909
9474,158.058,704,1436.4,747.5,1557.47,995.11,0.598
9480,158.158,691,560.9,734.29,699.08,979.72,0.8118
9480,158.158,693,954.92,773.74,1013.85,894.94,0.7594
9480,158.158,697,1091.73,740.9,1205.12,964.26,0.7972
9480,158.158,704,1406.44,736.61,1538.83,996.87,0.8112
9486,158.258,691,591.0,734.63,760.23,988.16,0.8866
9486,158.258,693,944.0,768.14,1008.43,894.64,0.7898
9486,158.258,697,1095.57,740.95,1213.35,961.84,0.8238
9486,158.258,704,1374.92,743.85,1518.0,998.57,0.7723
9486,158.258,724,600.28,738.3,666.51,898.08,0.8151
9492,158.358,691,661.12,739.64,797.78,988.59,0.7699
9492,158.358,693,931.51,766.17,989.66,892.62,0.7124
9492,158.358,697,1113.2,736.26,1215.28,957.17,0.8164
9492,158.358,704,1341.96,737.22,1474.93,1002.16,0.7686
9492,158.358,724,610.61,744.99,679.12,899.26,0.7
9498,158.458,697,1139.41,731.33,1220.05,955.04,0.8094
9498,158.458,704,1289.05,731.17,1443.76,1003.99,0.7972
9498,158.458,724,618.56,752.7,697.37,897.46,0.7948
9498,158.458,731,701.49,757.11,735.9,856.52,0.7043
9504,158.558,697,1150.19,730.58,1229.92,952.43,0.7484
9504,158.558,704,1258.94,727.09,1413.16,1008.48,0.6925
9504,158.558,724,631.1,761.43,711.94,896.8,0.8322
9504,158.558,731,702.49,760.19,736.77,852.34,0.6619
9504,158.558,732,766.8,742.89,940.61,984.25,0.7359
9510,158.659,684,1357.74,753.67,1416.42,897.49,0.4936
9510,158.659,697,1152.42,740.82,1231.27,953.75,0.7449
9510,158.659,704,1245.71,737.43,1381.84,1011.59,0.7965
9510,158.659,724,636.22,765.41,719.74,896.96,0.8342
9510,158.659,731,698.83,765.79,734.9,846.98,0.596
9510,158.659,732,823.43,754.14,974.56,987.37,0.8261
9516,158.759,697,1153.95,746.92,1235.5,953.46,0.7324
9516,158.759,704,1236.73,734.95,1359.43,1013.37,0.7052
9516,158.759,724,636.74,764.03,723.62,897.27,0.7876
9516,158.759,731,692.76,768.7,731.97,847.79,0.5559
9516,158.759,732,893.0,767.74,1045.25,992.46,0.8204
9522,158.859,697,1154.22,746.08,1240.11,947.79,0.7152
9522,158.859,704,1223.19,736.23,1346.33,1023.26,0.7636
9522,158.859,724,637.9,760.49,721.78,896.38,0.8026
9522,158.859,732,938.83,766.4,1086.82,997.24,0.8618
9528,158.959,697,1152.39,743.8,1235.89,942.02,0.5395
9528,158.959,704,1196.04,734.14,1333.62,1039.1,0.7395
9528,158.959,724,630.87,749.12,712.1,895.21,0.7018
9528,158.959,731,691.55,757.6,724.53,844.04,0.3835
9528,158.959,732,965.73,764.99,1102.4,996.89,0.833
9534,159.059,704,1160.4,729.12,1319.05,1063.79,0.773
9534,159.059,724,629.95,744.63,706.57,892.4,0.7302
9534,159.059,731,689.25,759.09,723.8,847.0,0.3532
9534,159.059,732,978.54,754.55,1113.4,998.73,0.8394
9540,159.159,693,950.13,744.69,992.3,870.71,0.531
9540,159.159,704,1150.79,737.62,1317.26,1075.85,0.8144
9540,159.159,724,624.04,743.56,709.12,891.22,0.7565
9540,159.159,731,683.66,757.82,722.58,845.8,0.3125
9540,159.159,732,989.84,747.15,1120.06,999.01,0.8553
9546,159.259,693,942.75,743.24,989.02,864.92,0.6886
9546,159.259,704,1120.69,727.7,1313.95,1079.86,0.8539
9546,159.259,724,620.64,743.59,707.13,890.36,0.7876
9546,159.259,732,988.95,745.59,1124.65,999.28,0.8428
9552,159.359,693,931.17,742.15,984.56,863.12,0.5215
9552,159.359,704,1075.51,709.71,1294.18,1079.72,0.8563
9552,159.359,724,619.99,749.3,703.58,887.72,0.7558
9552,159.359,732,984.39,745.62,1108.18,1000.71,0.7621
9558,159.459,693,925.79,741.17,982.84,862.71,0.5397
9558,159.459,704,988.85,703.07,1246.52,1079.02,0.854
9558,159.459,724,616.48,740.24,688.79,885.18,0.7658
9564,159.559,704,909.29,698.28,1205.91,1079.26,0.8903
9564,159.559,724,615.62,738.54,679.04,880.32,0.7898
9570,159.66,691,971.89,709.13,1110.31,990.12,0.5236
9570,159.66,704,866.98,683.69,1155.52,1076.81,0.8878
9570,159.66,724,619.87,729.38,690.71,874.48,0.7902
9570,159.66,732,1061.36,731.22,1160.08,918.64,0.4669
9576,159.76,691,1001.16,709.09,1129.15,988.85,0.7741
9576,159.76,704,845.12,684.55,1053.33,1074.46,0.8506
9576,159.76,724,643.81,726.87,720.91,868.11,0.7702
9576,159.76,731,756.32,735.2,810.64,851.58,0.5709
9576,159.76,732,1094.35,725.23,1185.87,903.8,0.6084
9582,159.86,656,724.37,667.54,989.52,1076.83,0.8401
9582,159.86,691,1044.62,705.16,1161.79,982.82,0.6578
9582,159.86,724,695.65,726.93,745.68,856.0,0.5332
9582,159.86,732,1130.7,725.7,1233.13,891.07,0.5232
9588,159.96,656,739.68,655.27,1040.31,1067.23,0.8982
9588,159.96,691,1098.45,694.65,1237.82,983.8,0.8
9588,159.96,732,1195.16,720.13,1260.24,883.05,0.5067
9594,160.06,656,770.34,636.89,1031.26,1056.95,0.8526
9594,160.06,691,1170.71,676.9,1330.94,982.22,0.8073
9594,160.06,697,1386.45,708.42,1435.0,845.78,0.7547
9594,160.06,731,969.05,735.45,1013.57,828.0,0.5123
9594,160.06,732,1261.24,704.87,1348.96,879.77,0.5439
9600,160.16,691,1264.34,671.25,1452.04,993.03,0.8389
9600,160.16,697,1506.49,704.39,1557.86,843.84,0.746
9600,160.16,724,937.68,707.91,1006.43,832.08,0.5635
9600,160.16,731,1064.33,731.32,1116.61,825.1,0.5051
9600,160.16,732,1369.01,700.63,1472.56,883.82,0.713
9606,160.26,629,612.15,652.61,921.93,1078.77,0.9084
9606,160.26,691,1346.41,670.96,1528.76,1001.85,0.7905
9606,160.26,697,1622.04,702.99,1690.11,845.32,0.7225
9606,160.26,724,1026.8,707.27,1087.06,831.3,0.7291
9606,160.26,732,1462.53,694.6,1584.6,879.49,0.7329
9612,160.36,629,684.35,654.06,980.44,1070.84,0.9008
9612,160.36,691,1387.65,658.84,1580.8,999.28,0.8663
9612,160.36,724,1087.94,696.99,1153.21,826.76,0.7731
9612,160.36,731,1223.91,716.7,1273.93,816.18,0.548
9612,160.36,732,1529.87,694.53,1620.69,875.19,0.5554
9618,160.46,629,738.03,654.88,946.59,1073.14,0.8838
9618,160.46,691,1426.9,650.95,1638.49,1006.01,0.9066
9618,160.46,724,1144.89,694.65,1218.21,824.64,0.7421
9618,160.46,731,1279.45,712.45,1340.46,816.37,0.6006
9618,160.46,732,1585.92,684.04,1696.58,882.15,0.7394
9624,160.56,629,745.44,647.66,926.98,1062.51,0.812
9624,160.56,691,1447.9,654.9,1644.53,1004.24,0.7984
9624,160.56,724,1183.91,693.24,1244.02,821.47,0.7009
9624,160.56,731,1325.89,711.99,1375.97,813.36,0.637
9624,160.56,732,1617.24,673.5,1751.79,880.53,0.858
9630,160.661,629,729.32,647.34,917.55,1018.13,0.8714
9630,160.661,691,1454.56,654.34,1643.7,1005.31,0.8411
9630,160.661,724,1224.43,691.11,1284.02,819.75,0.7114
9630,160.661,731,1374.37,707.95,1419.81,810.81,0.651
9630,160.661,732,1654.05,667.6,1805.19,875.08,0.8196
9636,160.761,629,740.62,667.6,914.56,997.95,0.8127
9636,160.761,691,1451.28,644.42,1663.75,1007.53,0.8989
9636,160.761,724,1248.03,682.95,1323.01,818.42,0.7654
9636,160.761,731,1414.58,707.1,1459.37,802.12,0.3106
9636,160.761,732,1694.81,668.37,1831.55,877.97,0.7381
9642,160.861,629,757.83,662.02,906.8,990.39,0.8271
9642,160.861,691,1461.63,647.1,1657.9,992.38,0.8718
9642,160.861,724,1277.79,680.06,1352.08,817.67,0.662
9642,160.861,732,1727.07,660.59,1846.84,879.28,0.6812
9648,160.961,629,766.24,654.22,904.64,975.52,0.8283
9648,160.961,656,1440.59,656.14,1553.72,983.34,0.7814
9648,160.961,724,1298.55,683.47,1359.7,815.55,0.6255
9648,160.961,732,1725.71,657.46,1866.41,881.14,0.8492
9654,161.061,629,781.41,663.71,906.28,942.75,0.8542
9654,161.061,656,1422.03,658.55,1577.91,981.69,0.8409
9654,161.061,724,1305.72,687.9,1365.41,815.11,0.7893
9654,161.061,732,1736.61,668.99,1871.49,882.88,0.4174
9660,161.161,629,793.81,667.71,905.79,927.94,0.7657
9660,161.161,656,1411.68,663.95,1567.78,965.32,0.8499
9660,161.161,724,1295.37,688.62,1370.66,814.1,0.7237
9660,161.161,731,1524.23,707.24,1558.06,799.73,0.5329
9666,161.261,629,810.86,662.35,909.7,914.85,0.8135
9666,161.261,731,1530.23,707.83,1564.42,794.45,0.5808
9672,161.361,629,817.07,656.19,917.2,895.29,0.8419
9672,161.361,704,1362.02,661.67,1462.54,943.08,0.8659
9672,161.361,724,1279.75,687.87,1342.91,811.49,0.6604
9672,161.361,731,1530.94,706.75,1566.8,793.08,0.7072
9678,161.461,629,819.12,661.99,933.6,893.24,0.8691
9678,161.461,704,1339.05,657.86,1443.92,931.98,0.8066
9678,161.461,731,1528.17,706.4,1566.89,795.65,0.7791
9684,161.561,629,825.01,662.02,937.09,884.96,0.8249
9684,161.561,704,1322.33,665.41,1411.96,925.55,0.7144
9684,161.561,724,1267.57,692.79,1314.28,812.31,0.4626
9684,161.561,731,1525.36,707.27,1563.46,795.8,0.7458
9690,161.661,629,833.06,664.66,932.78,879.25,0.7098
9690,161.661,704,1294.51,669.88,1387.76,915.06,0.6775
9690,161.661,731,1518.6,706.45,1554.75,795.48,0.764
9696,161.762,629,842.99,673.13,919.98,869.21,0.6462
9696,161.762,704,1271.9,665.93,1367.62,910.35,0.6395
9696,161.762,731,1510.8,707.48,1547.69,798.14,0.7897
9702,161.862,629,845.75,675.71,920.46,866.06,0.6752
9702,161.862,704,1258.33,671.56,1342.65,898.54,0.6638
9702,161.862,731,1505.6,707.59,1543.09,801.1,0.7529
9708,161.962,629,843.41,676.99,944.13,857.19,0.6454
9708,161.962,704,1244.92,674.26,1325.42,893.36,0.7014
9708,161.962,731,1499.54,705.53,1532.11,799.58,0.4865
9714,162.062,629,849.07,675.25,946.17,852.6,0.6558
9714,162.062,704,1232.19,670.07,1305.3,892.84,0.5497
9720,162.162,629,866.23,678.68,966.68,852.33,0.6626
9720,162.162,704,1220.49,675.94,1292.31,880.68,0.6656
9726,162.262,629,884.07,683.25,973.73,849.82,0.7022
9726,162.262,704,1202.31,679.58,1266.7,875.42,0.6828
9732,162.362,629,888.26,695.18,970.63,849.16,0.7238
9732,162.362,704,1176.54,690.93,1240.61,869.15,0.7031
9744,162.562,822,805.51,502.48,943.9,809.29,0.8834
9744,162.562,823,1310.3,551.79,1427.21,835.6,0.8268
9744,162.562,824,1363.47,436.59,1509.58,644.56,0.8345
9744,162.562,825,323.18,276.97,384.18,436.83,0.7579
9744,162.562,827,851.16,246.6,913.65,361.08,0.7827
9744,162.562,828,1689.2,452.07,1778.93,718.16,0.7162
9744,162.562,830,1887.19,348.57,1919.23,501.37,0.5646
9750,162.662,822,795.66,484.57,939.81,793.77,0.8779
9750,162.662,823,1306.44,544.15,1418.38,832.94,0.7991
9750,162.662,824,1360.97,437.49,1506.63,642.4,0.8367
9750,162.662,825,320.03,276.85,384.32,436.48,0.7618
9750,162.662,827,848.18,243.67,900.32,359.73,0.7651
9750,162.662,828,1688.88,453.0,1765.15,710.64,0.7149
9750,162.662,830,1883.9,349.01,1918.43,502.93,0.5859
9756,162.763,822,769.14,476.02,934.26,780.71,0.8852
9756,162.763,823,1292.81,532.29,1404.21,821.26,0.7523
9756,162.763,824,1331.21,418.26,1480.27,638.92,0.7264
9756,162.763,825,306.07,274.85,380.09,436.58,0.7272
9756,162.763,827,831.15,238.52,881.55,357.55,0.7864
9756,162.763,828,1671.19,440.32,1740.65,696.85,0.7551
9756,162.763,830,1863.19,348.27,1915.66,503.05,0.7419
9762,162.863,822,751.46,472.46,911.7,760.23,0.8921
9762,162.863,823,1306.09,513.19,1405.99,794.93,0.6986
9762,162.863,824,1318.0,397.64,1447.53,621.9,0.5432
9762,162.863,825,299.56,275.43,382.99,435.43,0.7713
9762,162.863,827,823.75,239.09,872.05,357.84,0.7318
9762,162.863,828,1657.38,434.23,1730.33,686.8,0.777
9762,162.863,830,1851.67,349.26,1916.19,499.68,0.7028
9768,162.963,822,742.83,461.59,884.56,743.09,0.8545
9768,162.963,823,1320.32,511.99,1420.64,770.57,0.6751
9768,162.963,824,1316.44,380.94,1425.74,723.45,0.44
9768,162.963,825,300.49,276.84,387.84,434.51,0.7663
9768,162.963,827,823.32,238.91,869.39,357.82,0.7214
9768,162.963,828,1653.81,430.27,1737.74,684.74,0.762
9768,162.963,830,1844.6,350.5,1919.87,500.72,0.7012
9774,163.063,822,735.94,456.56,875.13,719.95,0.8679
9774,163.063,823,1332.31,488.69,1433.24,757.77,0.7899
9774,163.063,825,304.55,273.42,388.29,433.06,0.8043
9774,163.063,827,820.24,239.04,868.01,359.41,0.7063
9774,163.063,828,1651.86,428.34,1737.05,683.31,0.7007
9774,163.063,830,1838.83,349.43,1919.1,495.87,0.651
9780,163.163,822,731.03,447.87,844.72,707.01,0.8635
9780,163.163,823,1332.62,485.28,1443.12,757.44,0.7473
9780,163.163,824,1311.85,377.14,1379.17,631.07,0.5667
9780,163.163,825,315.41,273.44,387.28,430.46,0.762
9780,163.163,827,816.38,239.91,867.35,359.68,0.7211
9780,163.163,828,1648.05,417.85,1724.35,674.07,0.7359
9780,163.163,830,1828.63,349.74,1917.13,498.16,0.6994
9786,163.263,822,729.39,433.88,837.21,698.44,0.8288
9786,163.263,823,1343.68,486.43,1457.88,754.57,0.7811
9786,163.263,824,1298.15,375.6,1364.8,600.71,0.6023
9786,163.263,825,321.92,273.99,389.53,429.09,0.7536
9786,163.263,827,813.03,239.2,866.81,360.48,0.7562
9786,163.263,828,1638.97,410.83,1716.84,664.85,0.735
9786,163.263,830,1816.56,350.35,1909.47,495.74,0.7415
9792,163.363,822,732.19,421.13,852.5,688.26,0.8721
9792,163.363,823,1364.51,478.27,1466.93,748.9,0.8258
9792,163.363,824,1290.71,375.5,1367.21,602.02,0.7257
9792,163.363,825,325.56,275.98,395.94,429.07,0.8126
9792,163.363,827,809.15,240.21,864.34,361.42,0.7854
9792,163.363,828,1624.16,406.87,1697.99,659.75,0.74
9792,163.363,830,1807.06,349.96,1900.74,499.75,0.8044
9798,163.463,822,734.92,414.69,858.34,670.71,0.8671
9798,163.463,823,1382.44,458.65,1475.83,732.1,0.7562
9798,163.463,824,1277.96,368.85,1358.86,590.25,0.606
9798,163.463,825,332.19,276.05,400.13,427.58,0.7652
9798,163.463,827,807.2,239.3,862.08,360.48,0.7644
9798,163.463,828,1597.21,403.57,1696.3,658.74,0.722
9798,163.463,830,1804.39,349.98,1891.31,499.52,0.7789
9804,163.563,822,739.53,402.41,852.16,656.0,0.8476
9804,163.563,823,1394.26,440.34,1482.56,715.82,0.8417
9804,163.563,824,1265.82,360.54,1335.18,581.13,0.6977
9804,163.563,825,333.86,274.43,400.61,427.09,0.775
9804,163.563,827,806.05,239.14,860.14,360.03,0.7747
9804,163.563,828,1580.63,401.3,1688.33,655.46,0.8106
9804,163.563,830,1798.41,351.14,1878.15,498.12,0.6432
9810,163.663,822,750.3,392.49,851.09,647.49,0.8283
9810,163.663,823,1402.95,430.07,1491.36,706.31,0.7814
9810,163.663,824,1250.19,360.49,1325.19,577.83,0.7206
9810,163.663,825,334.31,271.22,397.44,427.45,0.7594
9810,163.663,827,806.85,238.0,859.35,359.68,0.7687
9810,163.663,828,1572.93,402.03,1681.97,650.18,0.8105
9810,163.663,830,1793.01,351.11,1855.05,491.03,0.6548
9816,163.764,822,757.42,391.91,852.28,632.58,0.8161
9816,163.764,823,1410.3,432.18,1502.5,708.23,0.8408
9816,163.764,824,1218.19,360.73,1319.23,577.82,0.7782
9816,163.764,825,334.48,270.14,393.96,427.2,0.7278
9816,163.764,827,806.95,237.87,859.52,359.44,0.7613
9816,163.764,828,1570.35,403.97,1667.81,641.91,0.7379
9816,163.764,830,1774.15,351.5,1835.09,483.81,0.5797
9822,163.864,822,767.0,390.33,854.33,619.61,0.8063
9822,163.864,823,1414.6,434.42,1510.68,707.06,0.8597
9822,163.864,824,1216.04,355.77,1309.14,574.94,0.7452
9822,163.864,825,335.67,271.45,392.56,427.29,0.7167
9822,163.864,827,809.27,237.93,860.41,359.29,0.7554
9822,163.864,828,1566.32,396.44,1654.5,638.32,0.6901
9822,163.864,830,1752.24,352.06,1830.98,485.9,0.6753
9828,163.964,822,771.76,382.83,863.66,614.72,0.8031
9828,163.964,823,1420.7,430.42,1515.41,702.84,0.7891
9828,163.964,824,1202.58,349.92,1293.23,566.85,0.7837
9828,163.964,825,335.82,271.43,393.54,426.07,0.7584
9828,163.964,827,810.36,237.61,862.05,361.6,0.7673
9828,163.964,828,1556.48,392.6,1643.08,636.77,0.7751
9828,163.964,830,1744.88,349.57,1820.06,486.53,0.6244
9834,164.064,822,777.96,377.9,878.8,595.71,0.7424
9834,164.064,823,1424.69,423.04,1512.72,688.34,0.7867
9834,164.064,824,1187.52,340.37,1275.26,562.3,0.7099
9834,164.064,825,333.65,271.17,399.13,426.1,0.6046
9834,164.064,827,813.49,238.06,863.63,362.77,0.7209
9834,164.064,828,1547.95,393.63,1640.44,636.92,0.7087
9834,164.064,830,1735.86,350.41,1798.74,481.34,0.6216
9840,164.164,822,804.3,375.03,905.06,588.49,0.7902
9840,164.164,823,1430.68,416.77,1516.37,681.51,0.7904
9840,164.164,824,1181.45,333.13,1264.65,554.22,0.7568
9840,164.164,825,339.59,271.19,408.57,424.07,0.6901
9840,164.164,827,822.52,238.58,871.88,362.19,0.6902
9840,164.164,828,1549.51,401.29,1651.16,636.53,0.7598
9840,164.164,830,1725.99,350.86,1786.64,480.33,0.6513
9846,164.264,822,854.13,367.13,944.4,580.19,0.8145
9846,164.264,823,1447.59,415.01,1538.07,677.88,0.7842
9846,164.264,824,1194.75,342.46,1275.83,551.32,0.8106
9846,164.264,825,364.74,270.45,430.69,422.17,0.7585
9846,164.264,827,847.07,238.12,895.57,362.39,0.6934
9846,164.264,828,1578.45,399.0,1669.71,636.16,0.715
9846,164.264,830,1725.46,350.18,1798.39,479.82,0.7157
9852,164.364,822,915.78,357.43,1006.09,570.94,0.7874
9852,164.364,823,1482.14,417.94,1580.73,675.21,0.7702
9852,164.364,824,1219.34,346.04,1301.34,548.69,0.758
9852,164.364,825,404.89,267.98,463.33,419.41,0.7355
9852,164.364,827,884.56,237.36,934.07,360.45,0.7251
9852,164.364,828,1622.14,391.97,1705.18,639.3,0.7888
9852,164.364,830,1752.19,350.14,1832.56,481.13,0.7478
9858,164.464,822,991.77,353.41,1072.42,563.76,0.7772
9858,164.464,823,1527.44,418.43,1617.08,667.42,0.771
9858,164.464,824,1256.22,344.06,1333.46,545.06,0.7509
9858,164.464,825,453.42,264.54,511.26,418.45,0.7366
9858,164.464,827,932.4,236.65,981.38,359.86,0.7707
9858,164.464,828,1665.96,400.58,1756.91,640.84,0.3591
9858,164.464,830,1797.52,350.93,1870.91,479.59,0.63
9864,164.564,822,1072.06,350.37,1143.43,554.86,0.7574
9864,164.564,823,1570.3,417.36,1660.13,661.92,0.8301
9864,164.564,824,1287.98,337.88,1371.2,540.78,0.7059
9864,164.564,825,505.2,260.74,564.97,415.64,0.7777
9864,164.564,827,982.04,237.02,1032.03,360.67,0.7452
9864,164.564,830,1845.29,352.43,1906.71,480.28,0.5584
9870,164.665,822,1140.34,343.22,1214.43,550.5,0.7202
9870,164.665,823,1622.53,419.03,1714.33,663.43,0.8101
9870,164.665,824,1333.86,338.15,1416.86,541.54,0.7697
9870,164.665,825,560.76,258.24,617.6,413.48,0.6938
9870,164.665,827,1032.84,237.76,1086.15,361.5,0.7579
9870,164.665,828,1768.14,423.77,1870.85,658.16,0.6394
9876,164.765,822,1202.74,336.99,1289.3,539.68,0.7631
9876,164.765,823,1677.71,424.58,1765.92,667.02,0.803
9876,164.765,824,1380.97,340.78,1459.94,538.8,0.7746
9876,164.765,825,613.13,256.72,671.26,410.26,0.7484
9876,164.765,827,1081.86,238.95,1135.57,360.79,0.7575
9882,164.865,822,1271.19,343.37,1360.48,534.8,0.6848
9882,164.865,823,1733.03,427.52,1815.19,670.41,0.7957
9882,164.865,824,1415.77,342.64,1494.92,534.41,0.7441
9882,164.865,825,662.65,253.66,719.33,407.22,0.779
9882,164.865,827,1128.21,238.01,1179.2,359.36,0.7336
9888,164.965,822,1347.55,344.84,1428.69,530.84,0.7496
9888,164.965,823,1782.16,430.91,1859.54,675.51,0.7863
9888,164.965,824,1446.95,347.63,1531.58,529.94,0.8104
9888,164.965,825,708.18,252.02,761.01,404.92,0.7216
9888,164.965,827,1169.71,237.64,1216.78,360.25,0.5913
9894,165.065,822,1414.01,350.68,1494.65,529.97,0.6076
9894,165.065,823,1834.03,436.3,1905.71,683.26,0.7355
9894,165.065,824,1485.02,349.47,1569.39,523.73,0.6989
9894,165.065,825,754.88,250.68,803.75,402.3,0.7719
9894,165.065,827,1212.47,236.25,1255.64,360.79,0.6539
9900,165.165,824,1509.04,350.08,1601.0,524.59,0.7025
9900,165.165,825,803.23,249.59,852.94,401.1,0.7987
9900,165.165,827,1257.34,239.53,1298.93,358.05,0.621
9906,165.265,824,1564.85,350.56,1653.41,526.65,0.5556
9906,165.265,825,851.78,249.23,907.69,400.85,0.8043
9906,165.265,827,1305.02,240.08,1346.1,360.46,0.6923
9912,165.365,822,1645.29,362.04,1728.25,525.4,0.6899
9912,165.365,824,1613.77,349.84,1685.2,519.79,0.703
9912,165.365,825,902.98,248.48,965.87,401.7,0.8009
9912,165.365,827,1356.23,239.51,1400.45,364.86,0.636
9918,165.465,822,1721.44,357.19,1822.47,531.8,0.7269
9918,165.465,824,1659.79,349.96,1736.62,520.12,0.6834
9918,165.465,825,942.19,247.83,1026.73,402.03,0.7655
9924,165.565,822,1811.88,362.76,1910.06,541.82,0.6884
9924,165.565,824,1696.85,345.55,1776.95,522.23,0.7768
9924,165.565,825,988.04,251.27,1091.14,401.69,0.741
9930,165.666,824,1730.01,344.87,1800.13,523.53,0.7481
9930,165.666,825,1030.85,255.97,1138.24,401.43,0.683
9936,165.766,824,1749.05,345.06,1827.59,525.18,0.7318
9936,165.766,825,1076.45,254.31,1151.81,402.01,0.6448
9942,165.866,824,1762.81,345.55,1845.56,524.33,0.7588
9942,165.866,825,1093.12,253.01,1170.56,402.02,0.7404
9948,165.966,824,1772.1,346.85,1841.75,523.58,0.7218
9948,165.966,825,1108.12,251.93,1191.24,401.15,0.7913
9954,166.066,824,1765.28,346.47,1836.52,522.76,0.7371
9954,166.066,825,1126.03,250.81,1211.06,402.06,0.862
9960,166.166,824,1753.62,348.76,1847.11,518.94,0.8185
9960,166.166,825,1142.56,251.09,1231.39,402.39,0.7719
9966,166.266,824,1779.2,348.28,1869.44,521.02,0.7589
9966,166.266,825,1177.03,251.27,1259.71,403.73,0.751
9972,166.366,824,1814.03,346.72,1884.09,522.4,0.6742
9972,166.366,825,1226.42,251.37,1289.26,402.95,0.7728
9978,166.466,824,1851.66,349.31,1920.0,531.94,0.7188
9978,166.466,825,1283.38,250.31,1335.92,403.57,0.8072
9984,166.566,825,1331.19,252.64,1400.04,404.78,0.7984
9990,166.667,867,64.45,271.08,123.75,478.8,0.8215
9996,166.767,867,145.91,263.72,206.26,471.42,0.812
10002,166.867,867,231.81,260.88,292.55,471.56,0.799
10008,166.967,867,318.93,259.14,382.05,468.55,0.7968
10014,167.067,867,405.03,255.25,476.27,463.42,0.8222
10020,167.167,867,486.74,249.98,558.34,461.23,0.8237
10026,167.267,867,556.62,248.49,625.2,461.85,0.8219
10032,167.367,867,612.35,247.91,678.26,460.85,0.8075
10038,167.467,867,647.87,251.71,716.27,460.8,0.7714
10044,167.567,867,673.18,252.79,739.9,460.27,0.793
10050,167.667,867,696.83,255.42,764.39,458.61,0.8111
10056,167.768,867,724.17,256.38,792.78,460.76,0.8008
10062,167.868,867,755.16,256.09,825.8,467.4,0.837
10068,167.968,867,784.44,256.29,861.84,472.5,0.8338
10074,168.068,867,806.35,256.99,884.62,475.91,0.8148
10080,168.168,867,819.45,256.83,901.07,481.2,0.8706
10086,168.268,867,826.03,259.29,905.56,481.97,0.8497
10092,168.368,867,826.33,263.57,902.39,484.25,0.8418
10098,168.468,867,825.38,268.27,904.84,495.27,0.8448
10104,168.568,867,829.26,271.13,912.69,506.02,0.8666
10110,168.668,867,834.9,279.4,917.07,512.65,0.8555
10116,168.769,867,836.71,278.56,916.17,514.6,0.8289
10122,168.869,867,836.79,275.71,919.52,515.98,0.8088
10128,168.969,867,831.28,279.85,921.94,521.72,0.8318
10134,169.069,867,830.99,284.68,924.96,533.31,0.8649
10134,169.069,878,1213.7,728.61,1410.77,1080.0,0.8973
10140,169.169,867,832.67,285.78,929.21,539.4,0.86
10140,169.169,878,1123.54,722.0,1332.75,1080.0,0.903
10146,169.269,867,829.43,285.96,927.34,546.46,0.8535
10146,169.269,878,1025.54,693.97,1230.79,1079.91,0.8995
10152,169.369,867,817.96,289.09,921.35,554.11,0.8805
10152,169.369,878,898.44,680.22,1142.05,1079.97,0.9155
10158,169.469,867,808.75,289.74,915.35,558.36,0.8685
10158,169.469,878,835.01,681.78,1056.61,1077.27,0.8932
10164,169.569,867,793.8,294.23,914.77,565.17,0.8765
10164,169.569,878,755.31,671.55,957.88,1077.54,0.895
10170,169.669,867,777.38,306.71,912.95,571.18,0.8942
10170,169.669,878,649.31,651.59,882.0,1077.26,0.93
10176,169.77,867,774.6,313.53,904.14,573.99,0.8632
10176,169.77,878,601.77,645.9,814.64,1072.66,0.9016
10182,169.87,867,776.26,308.56,889.73,570.94,0.8627
10182,169.87,878,569.76,639.26,756.31,1065.59,0.8964
10188,169.97,867,774.06,306.56,883.82,560.86,0.8267
10188,169.97,878,541.24,624.43,709.26,1063.54,0.8812
10194,170.07,867,758.21,315.11,879.78,567.3,0.8735
10194,170.07,878,491.57,616.49,674.19,1063.92,0.8803
10200,170.17,867,734.52,328.06,864.52,572.39,0.8635
10200,170.17,878,438.75,613.45,634.46,1039.5,0.8969
10206,170.27,867,709.87,331.26,850.18,567.49,0.8836
10206,170.27,878,369.26,597.96,580.05,1025.68,0.9149
10212,170.37,867,683.67,325.07,837.18,567.4,0.8835
10212,170.37,878,288.76,580.67,496.97,1019.34,0.8863
10218,170.47,867,663.12,321.85,821.29,565.85,0.8893
10218,170.47,878,215.34,578.24,424.72,1016.0,0.8819
10218,170.47,880,1807.54,718.03,1914.23,1074.47,0.8055
10224,170.57,867,681.46,320.54,791.53,566.45,0.8034
10224,170.57,878,152.12,591.49,355.92,1024.02,0.9052
10224,170.57,880,1777.45,679.87,1909.02,1068.2,0.8924
10230,170.671,867,666.99,319.29,802.26,563.28,0.8733
10230,170.671,878,101.44,601.94,278.3,1017.75,0.9022
10230,170.671,880,1736.24,653.21,1878.77,1057.28,0.8824
10236,170.771,867,631.94,319.96,781.6,564.32,0.8512
10236,170.771,878,60.52,596.22,213.38,1019.2,0.8907
10236,170.771,880,1689.04,637.99,1836.22,1046.09,0.8675
10242,170.871,867,584.42,318.96,736.99,566.6,0.8718
10242,170.871,878,13.83,591.72,151.32,1014.85,0.8712
10242,170.871,880,1634.5,624.46,1788.07,1038.56,0.8654
10248,170.971,867,524.76,319.27,674.91,569.06,0.8762
10248,170.971,878,0.0,602.33,96.35,1003.74,0.8886
10248,170.971,880,1568.5,602.73,1727.05,995.08,0.8836
10254,171.071,867,461.64,320.27,606.36,572.35,0.8705
10254,171.071,880,1492.67,585.74,1658.06,970.45,0.8896
10260,171.171,867,388.43,321.38,521.77,577.17,0.822
10260,171.171,880,1428.92,575.37,1590.76,956.43,0.8927
10266,171.271,867,301.59,325.94,446.62,589.63,0.8354
10266,171.271,880,1374.51,566.06,1529.15,933.98,0.8974
10272,171.371,867,239.09,330.14,387.22,600.12,0.8734
10272,171.371,880,1330.18,553.99,1475.33,912.96,0.8609
10272,171.371,884,1292.33,231.16,1362.84,386.58,0.7474
10278,171.471,867,205.04,333.53,330.96,607.43,0.8679
10278,171.471,880,1288.05,541.51,1427.95,891.32,0.8685
10278,171.471,884,1255.84,231.02,1315.19,386.74,0.7339
10284,171.571,867,185.31,338.88,278.37,613.07,0.8561
10284,171.571,880,1248.02,534.66,1389.74,881.72,0.8911
10284,171.571,884,1217.26,231.71,1272.49,388.66,0.7609
10284,171.571,885,1825.09,424.74,1910.81,679.61,0.8367
10290,171.672,867,151.13,343.28,236.88,618.76,0.8408
10290,171.672,880,1211.99,529.79,1364.99,874.99,0.9018
10290,171.672,884,1179.72,230.73,1235.56,388.7,0.7633
10290,171.672,885,1788.82,414.81,1888.33,671.37,0.8566
10296,171.772,867,115.68,348.1,200.04,622.89,0.8606
10296,171.772,880,1196.76,520.27,1345.35,859.2,0.884
10296,171.772,884,1144.86,230.11,1203.07,390.23,0.777
10296,171.772,885,1758.18,408.32,1859.55,662.9,0.8044
10302,171.872,867,80.63,352.3,171.2,623.62,0.8294
10302,171.872,880,1203.38,509.56,1333.24,835.74,0.8788
10302,171.872,884,1115.64,231.95,1173.15,390.17,0.7728
10302,171.872,885,1731.55,402.77,1837.33,652.61,0.8632
10308,171.972,867,44.32,352.57,147.92,621.01,0.864
10308,171.972,880,1196.77,504.17,1330.71,831.37,0.8736
10308,171.972,884,1093.11,231.7,1148.59,390.62,0.7679
10308,171.972,885,1712.11,393.75,1813.64,640.25,0.876
10314,172.072,867,19.76,349.93,126.3,620.15,0.845
10314,172.072,880,1187.62,502.45,1329.88,827.06,0.8885
10314,172.072,884,1074.26,230.14,1129.22,391.2,0.8151
10314,172.072,885,1698.3,385.3,1793.23,632.82,0.8622
10320,172.172,867,9.32,345.2,107.49,614.61,0.8677
10320,172.172,880,1193.5,498.14,1336.42,822.79,0.8751
10320,172.172,884,1062.69,230.15,1116.19,391.05,0.7841
10320,172.172,885,1686.69,382.31,1781.43,623.53,0.8448
10326,172.272,867,2.8,343.65,97.91,611.79,0.8473
10326,172.272,880,1217.05,488.47,1339.79,803.93,0.8736
10326,172.272,884,1053.82,230.77,1105.8,391.26,0.781
10326,172.272,885,1681.04,381.63,1774.07,619.27,0.8675
10332,172.372,867,0.0,344.61,92.51,608.67,0.8494
10332,172.372,880,1233.9,484.93,1346.64,794.27,0.8931
10332,172.372,884,1045.51,230.27,1097.35,390.45,0.7341
10332,172.372,885,1679.17,380.28,1764.21,612.1,0.8469
10338,172.472,867,0.0,344.19,83.87,605.14,0.8378
10338,172.472,880,1235.16,484.02,1366.74,789.1,0.8906
10338,172.472,884,1036.96,232.47,1088.22,391.54,0.7363
10338,172.472,885,1673.39,374.68,1757.74,605.42,0.8584
10344,172.572,867,0.0,342.36,77.72,601.47,0.832
10344,172.572,880,1237.72,482.5,1375.88,786.38,0.8972
10344,172.572,884,1026.22,232.81,1077.31,392.62,0.7605
10344,172.572,885,1669.14,371.66,1752.92,600.26,0.83
10350,172.673,867,0.0,338.72,78.52,596.55,0.8183
10350,172.673,880,1264.3,473.91,1394.48,773.61,0.884
10350,172.673,884,1021.29,233.1,1072.38,394.72,0.7258
10350,172.673,885,1668.89,371.08,1756.06,597.05,0.8545
10356,172.773,867,0.19,333.84,82.98,592.97,0.8557
10356,172.773,880,1303.16,465.93,1422.79,764.24,0.8666
10356,172.773,884,1019.14,233.5,1069.45,398.92,0.7643
10356,172.773,885,1669.72,371.74,1761.7,594.02,0.8585
10362,172.873,867,0.0,332.78,81.57,592.06,0.7855
10362,172.873,880,1312.95,463.83,1447.4,761.53,0.8893
10362,172.873,884,1011.94,235.39,1064.01,400.38,0.7966
10362,172.873,885,1667.79,363.71,1757.86,584.59,0.8388
10362,172.873,887,1293.98,172.81,1341.58,275.49,0.4381
10368,172.973,867,0.0,335.48,72.12,589.58,0.7192
10368,172.973,880,1314.81,464.23,1461.79,759.24,0.8799
10368,172.973,884,998.78,235.93,1050.83,401.72,0.7989
10368,172.973,885,1658.83,358.59,1743.61,576.5,0.79
10374,173.073,867,0.0,336.16,54.3,587.22,0.8047
10374,173.073,880,1316.35,461.67,1459.85,746.86,0.886
10374,173.073,884,975.18,236.98,1028.81,404.29,0.8159
10374,173.073,885,1643.97,356.43,1722.7,573.44,0.7847
10374,173.073,887,1255.32,171.51,1305.42,276.88,0.4035
10374,173.073,889,0.0,705.46,127.99,1076.65,0.8904
10380,173.173,880,1320.33,454.87,1436.43,736.53,0.8375
10380,173.173,884,941.36,237.96,992.57,406.38,0.7677
10380,173.173,885,1611.33,356.83,1687.89,570.23,0.7965
10380,173.173,887,1220.9,173.83,1269.05,276.27,0.3592
10380,173.173,889,0.0,718.23,130.33,1075.45,0.8904
10386,173.273,880,1301.21,449.01,1422.76,744.7,0.8776
10386,173.273,884,901.85,239.29,952.1,410.69,0.7587
10386,173.273,885,1576.7,354.23,1648.9,560.54,0.7967
10386,173.273,887,1182.2,173.08,1232.97,274.66,0.3259
10386,173.273,889,0.0,728.55,119.3,1073.59,0.8611
10392,173.373,880,1280.69,449.04,1420.67,735.21,0.9007
10392,173.373,884,869.34,241.94,920.32,413.53,0.7997
10392,173.373,885,1551.28,348.09,1616.72,553.88,0.6862
10392,173.373,889,0.0,730.15,87.47,1078.33,0.8308
10398,173.473,880,1267.65,447.31,1414.94,727.07,0.902
10398,173.473,884,841.19,242.35,891.74,413.99,0.7802
10398,173.473,885,1529.56,345.71,1591.13,551.45,0.7154
10398,173.473,889,0.0,739.05,92.08,1078.95,0.829
10404,173.573,880,1279.3,443.22,1409.42,720.79,0.8636
10404,173.573,884,813.99,242.69,865.66,412.18,0.7803
10404,173.573,885,1504.13,346.03,1564.26,547.61,0.6957
10404,173.573,889,0.0,753.64,116.91,1080.0,0.8896
10410,173.673,880,1289.45,437.39,1399.86,719.73,0.859
10410,173.673,884,787.45,243.79,842.47,416.15,0.8226
10410,173.673,885,1480.77,348.54,1538.35,545.84,0.6944
10410,173.673,889,1.43,765.55,140.04,1080.0,0.8967
10416,173.774,880,1295.91,436.28,1393.88,718.07,0.8524
10416,173.774,884,769.89,246.14,824.43,420.24,0.8371
10416,173.774,885,1466.49,347.18,1519.39,544.75,0.6007
10416,173.774,887,1064.75,170.65,1110.61,270.69,0.3946
10416,173.774,889,14.24,769.98,153.71,1080.0,0.8558
10422,173.874,880,1309.03,441.61,1400.77,716.47,0.8388
10422,173.874,884,764.56,246.77,818.98,419.39,0.8654
10422,173.874,885,1460.62,346.29,1513.6,547.34,0.6747
10422,173.874,887,1061.09,169.38,1106.37,272.92,0.3513
10422,173.874,889,37.57,769.91,159.15,1078.91,0.8642
10422,173.874,892,1844.03,351.62,1875.66,393.88,0.4407
10428,173.974,880,1325.94,444.47,1412.71,714.46,0.8595
10428,173.974,884,764.97,246.47,820.18,419.26,0.8496
10428,173.974,885,1456.81,346.92,1512.61,549.48,0.6478
10428,173.974,887,1062.29,169.22,1106.85,273.38,0.324
10428,173.974,889,67.98,775.03,217.34,1079.05,0.8981
10428,173.974,892,1847.61,351.51,1876.88,394.58,0.3903
10434,174.074,880,1336.88,444.96,1441.13,712.77,0.849
10434,174.074,884,762.77,252.91,820.85,423.18,0.7982
10434,174.074,885,1456.89,349.07,1512.11,552.2,0.6864
10434,174.074,889,102.43,789.25,285.13,1078.79,0.8964
10440,174.174,880,1343.24,449.08,1469.63,709.37,0.8504
10440,174.174,884,757.9,257.85,822.18,427.21,0.7582
10440,174.174,885,1457.44,351.98,1510.83,554.03,0.671
10440,174.174,889,139.84,797.05,340.91,1078.68,0.8991
10446,174.274,880,1350.3,457.87,1482.43,709.67,0.8586
10446,174.274,884,754.59,260.63,822.35,429.62,0.8012
10446,174.274,885,1458.45,350.72,1509.84,551.82,0.7004
10446,174.274,887,1063.19,169.6,1107.43,272.65,0.3392
10446,174.274,889,175.91,800.61,373.03,1079.39,0.884
10446,174.274,892,1852.95,350.34,1880.7,391.08,0.3583
10452,174.374,880,1371.31,470.29,1490.45,706.06,0.8435
10452,174.374,884,753.92,263.66,823.14,432.47,0.8097
10452,174.374,885,1457.6,349.91,1510.04,550.45,0.6611
10452,174.374,887,1063.51,169.61,1108.14,272.16,0.354
10452,174.374,889,206.11,798.37,375.55,1079.22,0.885
10452,174.374,892,1852.77,350.97,1882.42,391.81,0.4677
10458,174.474,880,1385.85,487.07,1498.1,715.19,0.853
10458,174.474,884,757.37,263.17,824.49,432.99,0.7605
10458,174.474,885,1454.56,350.7,1509.59,550.38,0.6963
10458,174.474,887,1063.58,169.11,1108.83,272.14,0.3604
10458,174.474,889,241.57,802.89,394.69,1078.94,0.8293
10458,174.474,892,1853.05,350.51,1886.77,393.54,0.4667
10464,174.574,880,1395.65,504.01,1509.14,737.33,0.8622
10464,174.574,884,757.69,264.03,826.23,436.39,0.7538
10464,174.574,885,1441.18,361.44,1512.84,551.99,0.7192
10464,174.574,887,1062.9,169.52,1108.93,272.69,0.3747
10464,174.574,889,272.16,813.6,452.22,1079.58,0.8856
10464,174.574,892,1854.34,350.36,1891.13,394.56,0.4917
10470,174.674,880,1401.04,510.27,1520.94,747.35,0.8363
10470,174.674,884,752.61,268.55,826.42,439.66,0.7909
10470,174.674,885,1443.78,365.93,1513.07,552.97,0.7157
10470,174.674,887,1062.41,169.46,1109.31,272.65,0.3638
10470,174.674,889,290.88,825.95,498.14,1079.91,0.8716
10476,174.775,880,1406.65,507.69,1527.98,744.4,0.8139
10476,174.775,884,742.23,275.61,826.98,444.3,0.7621
10476,174.775,885,1446.39,361.57,1518.17,547.66,0.6925
10476,174.775,887,1062.04,169.82,1108.6,272.51,0.3818
10476,174.775,889,327.51,828.7,502.64,1079.84,0.8555
10476,174.775,892,1858.17,350.04,1898.28,395.8,0.4774
10482,174.875,880,1411.96,506.71,1530.3,751.67,0.855
10482,174.875,884,747.29,279.95,822.47,445.65,0.7639
10482,174.875,885,1459.97,354.78,1519.72,542.79,0.6666
10482,174.875,887,1061.84,169.99,1107.78,272.92,0.3997
10482,174.875,889,345.26,829.27,492.99,1078.43,0.8389
10482,174.875,892,1859.5,348.64,1902.02,396.59,0.5196
10488,174.975,880,1420.27,510.76,1532.53,772.41,0.8565
10488,174.975,884,750.47,279.71,817.55,448.64,0.8061
10488,174.975,885,1467.04,350.68,1520.0,538.88,0.6487
10488,174.975,887,1061.28,169.04,1107.38,273.1,0.4092
10488,174.975,889,351.24,831.62,496.62,1078.54,0.888
10488,174.975,892,1860.09,349.44,1905.45,396.26,0.4791
10494,175.075,880,1425.67,520.76,1530.87,788.67,0.8642
10494,175.075,884,752.16,278.85,816.53,455.72,0.8023
10494,175.075,885,1471.15,352.36,1523.21,539.39,0.6629
10494,175.075,887,1060.83,169.02,1107.38,273.35,0.4182
10494,175.075,889,351.24,834.69,516.02,1079.45,0.8878
10494,175.075,892,1862.19,350.41,1906.8,396.29,0.4742
10500,175.175,880,1393.46,530.93,1525.46,802.66,0.7614
10500,175.175,884,746.81,288.38,815.39,460.35,0.7659
10500,175.175,885,1471.17,357.07,1529.76,539.47,0.6676
10500,175.175,887,1060.48,170.58,1106.96,273.68,0.3244
10500,175.175,889,354.69,835.34,534.72,1078.99,0.891
10500,175.175,892,1865.12,349.87,1915.73,397.49,0.4495
10506,175.275,880,1402.32,547.15,1516.18,803.13,0.7251
10506,175.275,884,733.89,292.79,811.39,470.72,0.8058
10506,175.275,885,1472.55,364.08,1538.07,541.94,0.7063
10506,175.275,887,1060.45,170.74,1106.95,273.9,0.3148
10506,175.275,889,360.19,837.68,561.02,1078.39,0.8881
10506,175.275,892,1868.43,352.48,1917.92,407.6,0.3914
10512,175.375,880,1399.4,554.49,1508.0,817.0,0.775
10512,175.375,884,726.85,293.53,804.67,478.17,0.8034
10512,175.375,885,1480.63,357.44,1545.9,542.33,0.7204
10512,175.375,887,1060.62,169.83,1107.59,273.86,0.3858
10512,175.375,889,364.11,840.47,586.34,1078.22,0.8934
10512,175.375,892,1866.3,350.3,1919.14,412.17,0.4596
10518,175.475,880,1377.86,560.27,1499.57,848.09,0.8424
10518,175.475,884,722.89,303.2,797.8,485.36,0.8066
10518,175.475,885,1489.42,352.14,1562.26,542.07,0.7734
10518,175.475,887,1062.12,168.83,1108.05,273.59,0.3896
10518,175.475,889,377.52,841.67,601.35,1078.09,0.8862
10518,175.475,892,1856.91,350.24,1914.78,417.02,0.5051
10524,175.575,880,1378.46,572.67,1499.49,866.3,0.848
10524,175.575,884,731.78,309.34,801.49,493.72,0.8503
10524,175.575,885,1508.77,349.14,1584.15,542.16,0.7761
10524,175.575,887,1075.12,169.01,1121.35,274.42,0.3552
10524,175.575,889,403.88,846.39,619.66,1077.97,0.8807
10524,175.575,892,1858.31,350.45,1913.38,419.12,0.5855
10536,175.776,889,534.71,731.77,666.99,995.33,0.8406
10536,175.776,898,893.68,777.56,934.12,874.48,0.7149
10536,175.776,899,1824.35,740.17,1919.24,1002.59,0.7386
10536,175.776,900,419.17,775.22,469.0,882.69,0.7103
10536,175.776,901,1040.14,740.99,1133.66,974.93,0.7345
10536,175.776,902,1119.3,753.9,1193.68,946.97,0.7356
10536,175.776,903,1298.62,775.61,1346.65,885.8,0.6763
10536,175.776,904,1581.61,791.62,1628.61,886.12,0.5528
10536,175.776,906,1559.92,789.14,1592.39,864.65,0.4392
10542,175.876,889,566.45,735.66,682.72,1017.42,0.7525
10542,175.876,898,885.36,781.11,924.41,874.3,0.7462
10542,175.876,899,1815.72,732.85,1919.22,1016.03,0.791
10542,175.876,900,416.3,776.49,464.07,882.93,0.6985
10542,175.876,901,1022.74,743.49,1097.48,969.17,0.7706
10542,175.876,902,1094.8,752.56,1182.52,953.87,0.7698
10542,175.876,903,1298.84,775.4,1345.38,886.0,0.7301
10542,175.876,904,1585.21,788.18,1628.25,886.88,0.6761
10542,175.876,906,1560.07,787.63,1592.5,860.45,0.5278
10548,175.976,889,577.11,737.05,702.24,1025.81,0.8617
10548,175.976,898,872.77,773.59,911.09,875.9,0.6703
10548,175.976,899,1805.61,725.79,1919.11,1028.09,0.8714
10548,175.976,900,412.97,777.65,461.73,882.4,0.7046
10548,175.976,901,983.92,736.65,1067.5,961.64,0.6978
10548,175.976,902,1089.18,754.03,1169.64,957.67,0.7782
10548,175.976,903,1300.06,775.99,1344.05,885.25,0.7297
10548,175.976,904,1589.43,785.94,1634.31,888.21,0.7341
10548,175.976,906,1561.34,786.94,1593.75,859.39,0.5865
10554,176.076,889,578.82,737.46,709.58,1028.04,0.8506
10554,176.076,898,857.99,769.68,899.74,876.87,0.6241
10554,176.076,899,1796.67,735.26,1919.39,1037.96,0.8563
10554,176.076,900,408.55,777.3,456.97,881.77,0.6685
10554,176.076,901,967.46,736.16,1039.11,953.74,0.8006
10554,176.076,902,1075.58,757.93,1158.37,963.83,0.7306
10554,176.076,903,1298.14,769.54,1341.23,887.03,0.7203
10554,176.076,904,1594.81,787.34,1639.34,889.29,0.8095
10554,176.076,906,1562.76,787.19,1594.64,860.64,0.6165
10560,176.176,889,580.94,741.82,705.59,1028.33,0.8521
10560,176.176,898,846.24,774.01,884.23,878.31,0.6428
10560,176.176,899,1788.48,738.74,1919.37,1043.35,0.8146
10560,176.176,900,406.71,776.76,452.89,881.7,0.6962
10560,176.176,901,945.52,741.93,1010.64,953.84,0.7755
10560,176.176,902,1058.89,764.92,1141.6,969.4,0.7699
10560,176.176,903,1293.42,767.53,1337.04,886.85,0.7032
10560,176.176,904,1598.38,788.14,1645.33,891.16,0.7132
10560,176.176,906,1565.59,788.42,1596.37,862.2,0.4969
10560,176.176,912,1475.98,783.48,1511.1,859.01,0.6466
10566,176.276,889,587.5,744.45,701.76,1029.03,0.8695
10566,176.276,898,833.65,775.9,871.75,878.93,0.6634
10566,176.276,899,1783.54,729.5,1919.12,1044.64,0.8007
10566,176.276,900,404.42,777.92,449.83,880.93,0.6616
10566,176.276,901,924.24,744.52,985.54,949.61,0.8028
10566,176.276,902,1045.39,768.24,1128.72,978.34,0.7825
10566,176.276,903,1283.98,768.4,1333.84,886.73,0.7087
10566,176.276,904,1607.79,784.73,1652.58,892.55,0.6475
10566,176.276,906,1566.08,789.91,1597.06,863.51,0.6084
10566,176.276,912,1469.79,793.59,1507.42,863.36,0.6447
10572,176.376,889,588.33,745.93,707.67,1027.8,0.8516
10572,176.376,898,818.94,776.2,863.93,881.98,0.7142
10572,176.376,899,1772.33,725.79,1918.49,1049.93,0.8506
10572,176.376,900,400.59,777.55,451.12,880.82,0.6381
10572,176.376,901,898.53,746.98,965.07,943.48,0.8154
10572,176.376,902,1039.28,769.44,1119.06,985.86,0.7822
10572,176.376,903,1276.73,770.63,1328.37,889.21,0.7186
10572,176.376,904,1616.45,786.1,1663.29,895.29,0.725
10572,176.376,906,1565.32,790.88,1597.15,863.6,0.6554
10572,176.376,912,1467.42,791.86,1505.62,864.76,0.6945
10578,176.476,889,587.04,744.21,716.79,1028.15,0.8639
10578,176.476,898,811.69,779.62,856.87,882.99,0.6992
10578,176.476,899,1759.29,728.97,1919.17,1056.03,0.8682
10578,176.476,900,399.09,778.1,452.4,880.34,0.7015
10578,176.476,901,879.6,753.48,945.45,940.86,0.7676
10578,176.476,902,1026.8,760.89,1109.78,988.72,0.766
10578,176.476,903,1272.75,765.77,1323.95,890.8,0.7225
10578,176.476,904,1624.61,784.23,1678.84,897.81,0.6655
10578,176.476,906,1563.24,791.33,1597.19,863.9,0.7051
10578,176.476,912,1466.59,788.53,1505.48,861.86,0.6791
10584,176.576,889,584.39,746.53,720.87,1028.69,0.8891
10584,176.576,898,808.06,778.54,850.53,884.01,0.7328
10584,176.576,899,1744.22,745.61,1919.3,1057.26,0.8671
10584,176.576,900,398.5,777.79,451.39,880.57,0.6309
10584,176.576,901,853.64,758.44,930.32,936.69,0.7573
10584,176.576,902,1012.35,757.23,1097.97,993.41,0.7673
10584,176.576,903,1270.45,766.24,1322.16,893.17,0.7047
10584,176.576,904,1631.23,776.36,1686.21,899.68,0.6102
10584,176.576,906,1561.76,791.59,1595.28,863.8,0.6778
10584,176.576,912,1466.68,786.58,1508.26,861.77,0.6677
10584,176.576,918,1593.75,786.01,1624.97,863.85,0.4968
10590,176.677,889,583.15,749.5,725.26,1027.5,0.8857
10590,176.677,898,805.9,775.47,846.48,883.06,0.7612
10590,176.677,899,1724.99,753.72,1919.05,1065.14,0.8555
10590,176.677,900,397.97,776.47,450.95,880.69,0.6561
10590,176.677,901,838.04,764.46,915.15,934.16,0.7777
10590,176.677,902,1005.93,764.5,1086.31,997.37,0.7731
10590,176.677,903,1269.82,769.2,1319.79,893.59,0.7205
10590,176.677,904,1639.68,776.07,1694.27,899.39,0.6841
10590,176.677,906,1559.42,790.59,1593.76,863.95,0.6877
10590,176.677,912,1466.37,793.51,1511.61,864.35,0.6821
10590,176.677,918,1593.16,786.06,1625.62,864.8,0.4879
10596,176.777,889,575.99,745.17,727.4,1028.22,0.8898
10596,176.777,898,804.52,772.35,843.96,882.95,0.717
10596,176.777,899,1707.69,751.43,1896.29,1060.98,0.7971
10596,176.777,900,396.46,774.81,447.85,880.13,0.7122
10596,176.777,901,834.12,758.97,907.11,931.67,0.7388
10596,176.777,902,994.52,773.52,1080.79,1003.49,0.8078
10596,176.777,903,1262.44,771.11,1318.33,895.77,0.7819
10596,176.777,904,1652.99,778.61,1709.73,901.91,0.6674
10596,176.777,906,1559.4,790.03,1592.43,864.46,0.6937
10596,176.777,912,1465.76,797.14,1513.92,865.95,0.6491
10596,176.777,918,1593.71,785.01,1626.13,865.65,0.4526
10602,176.877,889,564.17,745.18,718.8,1019.24,0.8772
10602,176.877,898,804.33,775.58,841.58,882.24,0.6719
10602,176.877,899,1700.67,748.91,1853.69,1055.97,0.7716
10602,176.877,900,394.32,774.45,444.88,879.64,0.7181
10602,176.877,901,835.49,751.31,903.85,929.51,0.7218
10602,176.877,902,988.79,775.33,1079.95,1005.56,0.8184
10602,176.877,903,1251.89,769.58,1312.7,896.25,0.7695
10602,176.877,904,1660.98,774.99,1720.56,904.26,0.6615
10602,176.877,906,1559.65,789.9,1592.25,864.91,0.708
10602,176.877,912,1466.27,796.21,1518.51,864.11,0.6413
10602,176.877,918,1595.47,789.69,1632.06,866.39,0.5156
10608,176.977,889,561.76,747.18,700.07,1014.72,0.862
10608,176.977,898,804.84,777.93,843.21,881.95,0.6215
10608,176.977,899,1688.95,749.45,1830.72,1054.09,0.8244
10608,176.977,900,393.22,777.33,440.11,880.23,0.6943
10608,176.977,901,834.32,749.31,897.91,925.5,0.7609
10608,176.977,902,991.65,775.6,1080.46,1006.83,0.7829
10608,176.977,903,1241.48,773.46,1300.45,897.32,0.6942
10608,176.977,904,1670.88,762.21,1735.83,904.65,0.3898
10608,176.977,906,1560.69,791.05,1592.28,865.08,0.7303
10608,176.977,912,1472.97,790.38,1519.62,861.62,0.6766
10608,176.977,918,1593.97,790.68,1627.86,866.75,0.5145
10614,177.077,889,564.66,748.17,689.9,1010.09,0.8473
10614,177.077,898,804.88,776.21,847.01,884.08,0.6833
10614,177.077,899,1679.24,744.82,1822.63,1053.35,0.8812
10614,177.077,900,390.32,778.07,438.15,880.43,0.6669
10614,177.077,901,834.72,755.37,894.31,922.87,0.7556
10614,177.077,902,990.53,772.38,1083.07,1007.62,0.8102
10614,177.077,903,1224.52,771.96,1283.67,899.27,0.7357
10614,177.077,906,1561.86,790.91,1593.39,865.1,0.744
10614,177.077,912,1485.21,778.23,1523.98,861.55,0.5548
10614,177.077,918,1592.25,789.25,1624.17,869.93,0.4212
10620,177.177,889,565.22,747.59,680.79,1007.61,0.8342
10620,177.177,898,804.95,777.41,848.78,884.82,0.7271
10620,177.177,899,1674.49,742.2,1827.33,1053.97,0.8561
10620,177.177,900,386.98,778.39,436.54,880.95,0.6807
10620,177.177,901,835.15,761.46,891.19,921.76,0.7357
10620,177.177,902,994.98,773.48,1093.65,1008.56,0.7807
10620,177.177,903,1199.55,781.45,1274.76,903.06,0.7762
10620,177.177,906,1562.22,790.53,1592.88,867.45,0.7222
10620,177.177,912,1497.64,781.58,1527.11,861.89,0.4984
10620,177.177,918,1590.23,790.78,1622.15,872.58,0.3949
10626,177.277,889,562.37,746.73,675.05,1007.16,0.8315
10626,177.277,898,809.22,776.45,846.97,884.14,0.5792
10626,177.277,899,1671.47,745.7,1855.47,1055.9,0.8704
10626,177.277,900,384.99,779.03,433.67,880.82,0.6548
10626,177.277,901,835.07,765.45,887.53,920.29,0.6154
10626,177.277,902,999.35,771.76,1096.52,1006.4,0.7739
10626,177.277,903,1188.03,785.97,1267.24,904.33,0.7978
10626,177.277,906,1561.65,790.08,1591.15,867.65,0.6128
10626,177.277,912,1504.71,787.26,1536.4,863.68,0.6156
10626,177.277,918,1585.79,790.68,1620.74,872.69,0.5127
10632,177.377,889,560.11,746.46,675.38,1007.0,0.8156
10632,177.377,898,813.65,778.7,845.53,881.14,0.4812
10632,177.377,899,1677.73,749.03,1891.98,1058.0,0.8538
10632,177.377,900,382.94,780.67,431.62,881.04,0.5954
10632,177.377,901,831.93,764.54,885.02,919.12,0.6212
10632,177.377,902,999.06,767.14,1090.88,1003.74,0.8006
10632,177.377,903,1182.24,787.24,1261.52,906.48,0.7938
10632,177.377,906,1562.15,790.88,1591.48,867.7,0.5629
10632,177.377,912,1510.62,792.54,1543.45,863.23,0.694
10632,177.377,918,1583.03,791.36,1617.25,871.61,0.5896
10638,177.477,889,545.35,748.28,669.34,1008.69,0.833
10638,177.477,899,1692.64,752.85,1906.81,1058.14,0.8648
10638,177.477,900,382.76,781.54,428.57,881.75,0.6268
10638,177.477,901,826.21,763.04,880.09,917.83,0.695
10638,177.477,902,994.37,761.36,1084.79,1000.09,0.8052
10638,177.477,903,1179.97,780.18,1259.73,906.96,0.8401
10638,177.477,906,1562.02,791.16,1590.45,867.93,0.5237
10638,177.477,912,1517.64,795.12,1546.49,863.28,0.5505
10638,177.477,918,1577.1,790.87,1613.82,871.43,0.6019
10644,177.577,889,520.75,749.63,656.81,1007.13,0.8778
10644,177.577,899,1702.78,751.92,1914.35,1058.32,0.886
10644,177.577,900,382.08,780.77,429.44,883.65,0.6324
10644,177.577,901,821.22,765.0,879.08,916.72,0.749
10644,177.577,902,974.61,759.3,1082.4,996.9,0.8058
10644,177.577,903,1182.41,775.02,1259.64,907.2,0.8469
10644,177.577,906,1559.05,790.99,1588.2,869.3,0.508
10644,177.577,912,1526.21,790.28,1555.31,861.69,0.4827
10644,177.577,918,1572.88,790.26,1613.14,874.01,0.6438
10644,177.577,919,1644.98,772.19,1712.26,915.03,0.609
10650,177.678,889,506.19,754.44,651.96,1007.5,0.9011
10650,177.678,899,1731.0,741.27,1917.36,1057.27,0.8829
10650,177.678,900,381.47,780.75,430.19,884.13,0.6405
10650,177.678,901,818.13,768.01,877.87,914.85,0.7447
10650,177.678,902,949.63,765.29,1080.04,995.52,0.8314
10650,177.678,903,1193.93,767.03,1260.93,907.23,0.7838
10650,177.678,906,1559.31,790.73,1589.12,870.18,0.3438
10650,177.678,912,1531.34,788.93,1561.2,864.34,0.5572
10650,177.678,918,1571.23,790.15,1609.66,873.04,0.6692
10650,177.678,919,1639.58,770.04,1702.88,916.99,0.7324
10656,177.778,889,495.08,752.72,635.89,1006.53,0.8165
10656,177.778,899,1749.38,734.85,1919.41,1054.34,0.8074
10656,177.778,900,379.86,778.97,428.07,883.42,0.6403
10656,177.778,901,815.94,769.04,874.44,914.12,0.7276
10656,177.778,902,924.81,772.37,1077.21,996.12,0.8873
10656,177.778,903,1201.49,763.75,1266.43,908.64,0.7529
10656,177.778,906,1553.57,790.92,1587.71,871.44,0.3574
10656,177.778,912,1538.28,789.76,1569.4,866.8,0.5736
10656,177.778,918,1568.3,789.2,1607.17,874.53,0.5542
10656,177.778,919,1627.2,765.46,1694.79,919.68,0.7716
10662,177.878,889,466.86,752.09,629.85,1000.57,0.7668
10662,177.878,899,1762.16,731.92,1919.97,1054.01,0.7994
10662,177.878,900,378.29,777.93,425.2,882.96,0.6409
10662,177.878,901,814.52,764.86,872.2,911.99,0.6306
10662,177.878,902,911.52,772.47,1065.69,999.08,0.8776
10662,177.878,903,1205.69,764.17,1272.99,908.09,0.684
10662,177.878,912,1545.41,790.87,1576.02,867.44,0.5387
10662,177.878,918,1569.71,788.23,1609.93,875.39,0.5898
10662,177.878,919,1614.63,768.6,1690.9,924.06,0.6173
10668,177.978,889,503.56,760.51,627.11,997.69,0.7802
10668,177.978,899,1769.58,736.51,1920.0,1058.37,0.8639
10668,177.978,900,377.51,778.97,421.31,881.96,0.6177
10668,177.978,901,801.89,763.18,870.26,912.79,0.7382
10668,177.978,902,898.94,767.93,1016.7,1002.11,0.8485
10668,177.978,903,1213.1,770.78,1276.4,908.52,0.7261
10668,177.978,906,1549.96,790.87,1583.4,873.19,0.4305
10668,177.978,919,1596.65,774.53,1677.75,926.04,0.7758
10674,178.078,889,509.13,772.39,650.74,998.84,0.8534
10674,178.078,899,1776.75,739.23,1919.58,1057.31,0.6967
10674,178.078,900,375.97,779.47,418.01,881.72,0.7029
10674,178.078,901,792.7,764.08,869.37,912.1,0.7139
10674,178.078,902,870.49,760.5,982.14,998.58,0.8078
10674,178.078,903,1222.09,769.06,1281.95,908.63,0.7162
10674,178.078,906,1546.1,790.28,1578.23,870.66,0.5164
10674,178.078,919,1584.62,771.24,1660.46,928.64,0.7993
10680,178.178,889,514.31,776.65,653.57,1000.25,0.8496
10680,178.178,899,1792.93,742.75,1920.0,1056.17,0.4101
10680,178.178,900,374.73,779.89,417.21,880.09,0.6875
10680,178.178,902,855.57,759.23,952.04,996.66,0.5028
10680,178.178,903,1228.59,772.54,1287.62,908.69,0.7179
10680,178.178,919,1569.31,773.24,1650.21,929.52,0.7743
10686,178.278,889,521.36,768.38,634.98,998.77,0.8066
10686,178.278,900,373.45,780.62,415.62,880.15,0.6917
10686,178.278,901,786.34,766.07,842.5,901.6,0.4436
10686,178.278,902,779.44,763.38,965.52,995.45,0.6099
10686,178.278,903,1235.34,768.2,1292.32,908.65,0.7034
10686,178.278,918,1551.72,788.93,1601.71,923.05,0.4511
10686,178.278,919,1556.14,782.27,1635.64,931.15,0.7189
10692,178.378,889,524.83,762.77,620.53,1000.16,0.7624
10692,178.378,900,372.11,780.2,413.61,880.73,0.718
10692,178.378,901,783.64,764.41,832.7,908.22,0.58
10692,178.378,902,750.99,767.45,941.0,998.02,0.8967
10692,178.378,903,1242.84,761.62,1297.89,913.5,0.7663
10692,178.378,919,1551.49,785.39,1629.49,931.62,0.7292
10698,178.478,889,527.1,757.7,616.74,1002.28,0.8043
10698,178.478,900,370.73,779.16,411.4,880.85,0.7286
10698,178.478,901,781.64,762.53,828.76,890.61,0.3367
10698,178.478,902,731.3,774.9,916.71,1000.26,0.8813
10698,178.478,903,1247.37,760.86,1306.95,912.92,0.7621
10698,178.478,919,1544.72,784.76,1631.03,932.76,0.7264
10704,178.578,889,517.65,754.19,644.87,1002.18,0.8623
10704,178.578,900,366.48,779.53,407.18,878.7,0.7038
10704,178.578,902,720.42,767.57,889.36,998.93,0.8427
10704,178.578,903,1254.17,763.36,1315.89,915.62,0.7669
10704,178.578,919,1537.65,786.15,1642.8,933.41,0.799
10710,178.679,889,502.14,763.71,647.17,998.66,0.7731
10710,178.679,900,351.71,779.22,394.04,881.9,0.7684
10710,178.679,902,705.82,780.61,862.93,1002.08,0.7383
10710,178.679,903,1253.9,756.81,1315.76,917.85,0.787
10710,178.679,919,1531.33,780.33,1635.29,933.0,0.7829
10716,178.779,889,465.25,757.47,619.04,996.57,0.8333
10716,178.779,900,313.81,776.84,358.88,881.75,0.6831
10716,178.779,902,676.92,768.18,821.64,1004.23,0.8364
10716,178.779,903,1229.24,757.47,1292.92,919.16,0.7656
10716,178.779,904,1750.46,761.83,1819.71,928.42,0.8065
10716,178.779,919,1509.92,781.08,1614.21,942.27,0.7019
10722,178.879,889,365.11,752.83,524.27,995.58,0.8483
10722,178.879,902,608.85,796.31,737.29,1003.43,0.3859
10722,178.879,903,1143.46,761.3,1208.11,916.91,0.7606
10722,178.879,904,1622.22,769.31,1700.81,922.97,0.7756
10722,178.879,919,1412.43,789.12,1519.38,939.79,0.739
10728,178.979,902,424.27,767.26,579.52,1002.67,0.8058
10728,178.979,903,967.56,757.61,1026.91,911.9,0.7587
10728,178.979,904,1391.25,775.95,1473.64,920.35,0.721
10728,178.979,919,1214.27,795.0,1323.52,937.46,0.7192
10734,179.079,919,1152.96,785.51,1244.79,917.95,0.6317
10740,179.179,919,961.17,787.12,1043.32,909.98,0.5473
10764,179.579,919,342.45,786.33,468.92,950.57,0.6528
10770,179.679,918,129.49,797.64,187.29,885.56,0.7003
10770,179.679,963,1679.72,697.31,1915.58,1080.0,0.9149
10776,179.78,904,279.98,773.04,399.26,957.08,0.7485
10776,179.78,963,1616.35,704.19,1890.97,1080.0,0.8437
10782,179.88,904,221.91,765.46,368.58,961.23,0.8031
10782,179.88,963,1545.38,716.34,1821.89,1080.0,0.8797
10788,179.98,963,1491.05,716.22,1773.53,1077.65,0.9158
10788,179.98,971,1734.46,462.95,1917.38,1076.35,0.8792
10788,179.98,972,1106.25,764.39,1165.22,917.63,0.7308
10794,180.08,963,1459.81,708.92,1708.79,1077.14,0.8937
10794,180.08,971,1701.22,463.65,1907.62,1075.64,0.8726
10794,180.08,972,1077.55,758.54,1156.68,904.7,0.738
10800,180.18,963,1439.21,703.37,1647.08,1078.72,0.9006
10800,180.18,971,1638.21,466.11,1912.19,1074.44,0.8736
10800,180.18,972,1073.12,753.75,1156.66,903.92,0.6197
10806,180.28,963,1414.47,706.21,1597.6,1079.53,0.8857
10806,180.28,971,1594.2,468.25,1915.43,1073.63,0.9143
10806,180.28,972,1091.81,753.23,1153.54,901.95,0.6949
10812,180.38,963,1381.02,709.89,1556.26,1075.93,0.8474
10812,180.38,971,1546.39,473.06,1871.24,1069.56,0.7606
10812,180.38,972,1079.29,750.34,1149.85,896.26,0.7627
10818,180.48,963,1354.41,713.54,1519.89,1076.68,0.9077
10818,180.48,971,1505.84,473.85,1870.97,1071.51,0.6427
10818,180.48,972,1069.11,747.06,1158.49,893.12,0.6157
10818,180.48,981,221.58,733.17,347.3,959.74,0.8395
10818,180.48,982,838.71,768.45,873.43,852.76,0.7112
10824,180.58,963,1333.86,711.79,1503.91,1077.27,0.8917
10824,180.58,971,1476.91,470.99,1858.37,1071.66,0.8007
10824,180.58,972,1085.29,747.15,1153.09,892.98,0.7267
10824,180.58,981,205.04,733.86,348.94,964.13,0.7084
10824,180.58,982,809.86,767.13,838.78,852.09,0.7226
10830,180.68,963,1314.06,706.91,1481.38,1077.09,0.848
10830,180.68,971,1445.35,464.53,1854.99,1070.61,0.8332
10830,180.68,972,1090.94,740.91,1151.94,890.07,0.773
10830,180.68,981,189.12,732.48,329.93,929.26,0.5747
10830,180.68,982,783.41,763.13,810.64,852.76,0.7406
10836,180.781,963,1296.73,704.58,1455.94,1076.05,0.8666
10836,180.781,971,1456.8,460.88,1855.88,1071.87,0.8737
10836,180.781,972,1085.67,736.5,1164.01,884.21,0.7543
10836,180.781,982,758.47,761.04,786.26,846.55,0.739
10842,180.881,963,1279.84,709.57,1430.02,1073.94,0.8694
10842,180.881,971,1446.15,459.26,1856.07,1072.77,0.8495
10842,180.881,972,1095.02,738.56,1165.81,882.91,0.7034
10842,180.881,982,734.53,763.81,765.54,843.62,0.7932
10842,180.881,985,945.03,743.16,1019.68,912.54,0.7056
10848,180.981,963,1263.76,711.44,1396.88,1076.85,0.8301
10848,180.981,971,1442.63,459.01,1862.18,1074.67,0.8759
10848,180.981,972,1106.85,738.68,1160.15,880.54,0.727
10848,180.981,982,711.96,761.07,743.05,841.21,0.7807
10848,180.981,985,943.56,737.53,1005.82,907.02,0.7186
10854,181.081,963,1248.44,712.39,1377.58,1077.01,0.8622
10854,181.081,971,1437.94,460.47,1861.57,1074.81,0.8278
10854,181.081,972,1107.26,737.22,1161.55,876.66,0.7444
10854,181.081,982,689.08,757.41,719.73,836.96,0.7368
10854,181.081,985,933.28,734.11,1001.2,900.33,0.7633
10854,181.081,988,350.79,728.27,462.42,970.32,0.8518
10860,181.181,963,1232.67,715.15,1361.78,1074.64,0.8643
10860,181.181,971,1431.7,460.86,1857.73,1073.49,0.8379
10860,181.181,972,1107.27,745.03,1163.79,873.62,0.6586
10860,181.181,982,664.34,753.66,695.45,839.22,0.7673
10860,181.181,985,920.11,734.93,985.0,894.73,0.7571
10860,181.181,988,346.63,723.34,484.28,963.89,0.8758
10866,181.281,963,1218.46,713.74,1341.62,1058.48,0.859
10866,181.281,971,1435.98,455.12,1859.21,1071.62,0.8751
10866,181.281,972,1110.02,746.49,1166.61,867.43,0.6525
10866,181.281,982,642.3,754.04,674.9,837.86,0.778
10866,181.281,985,907.41,736.84,970.64,891.82,0.7744
10866,181.281,992,1430.47,684.47,1500.94,1078.41,0.5279
10872,181.381,963,1201.21,706.81,1313.28,1039.74,0.8433
10872,181.381,971,1441.23,451.0,1863.45,1072.05,0.8785
10872,181.381,972,1110.01,740.65,1177.04,864.35,0.72
10872,181.381,982,625.4,748.78,657.38,831.35,0.751
10872,181.381,985,892.22,734.35,947.31,883.49,0.6752
10872,181.381,992,1413.71,678.28,1498.41,1077.0,0.6297
10878,181.481,963,1192.17,702.9,1304.32,1030.43,0.8938
10878,181.481,971,1444.95,440.36,1871.41,1070.75,0.881
10878,181.481,972,1113.2,731.62,1180.95,858.95,0.7076
10878,181.481,982,615.52,742.56,645.98,826.89,0.5051
10878,181.481,985,880.54,723.42,933.79,876.41,0.7414
10878,181.481,992,1402.95,672.63,1498.68,1075.78,0.6719
10878,181.481,997,488.19,706.74,625.56,942.22,0.8867
10884,181.581,963,1185.84,699.03,1294.41,1011.99,0.8533
10884,181.581,971,1447.19,426.49,1881.69,1071.09,0.8862
10884,181.581,972,1120.83,719.5,1177.81,847.99,0.7361
10884,181.581,985,873.4,706.72,922.02,863.38,0.6572
10884,181.581,988,303.87,712.26,394.72,867.35,0.7255
10884,181.581,992,1393.42,665.55,1499.18,1026.56,0.636
10884,181.581,997,533.37,707.81,663.09,931.28,0.8638
10890,181.681,963,1179.29,691.77,1287.86,991.55,0.8294
10890,181.681,971,1450.03,411.33,1887.36,1067.65,0.8979
10890,181.681,972,1132.26,706.18,1177.24,838.24,0.6486
10890,181.681,981,1.65,647.14,259.31,1074.31,0.9079
10890,181.681,985,866.45,692.25,910.79,850.19,0.6732
10890,181.681,988,313.84,703.78,394.85,853.67,0.7149
10890,181.681,992,1385.34,658.21,1502.47,1055.32,0.5771
10890,181.681,997,599.22,702.41,688.65,921.64,0.764
10896,181.782,963,1175.53,676.7,1281.76,972.57,0.8451
10896,181.782,971,1452.73,393.94,1892.66,1065.37,0.921
10896,181.782,972,1139.56,694.83,1184.72,828.68,0.6521
10896,181.782,981,10.25,638.61,303.89,1079.64,0.9124
10896,181.782,982,603.71,715.49,634.14,802.79,0.7325
10896,181.782,985,857.0,688.3,902.42,839.41,0.7026
10896,181.782,988,338.54,690.15,400.58,840.13,0.7064
10896,181.782,992,1378.86,645.09,1502.76,1058.96,0.6674
10896,181.782,997,626.11,688.79,750.88,910.36,0.8446
10902,181.882,963,1177.72,663.8,1281.26,955.9,0.8146
10902,181.882,971,1453.57,372.47,1895.75,1064.47,0.9233
10902,181.882,972,1151.31,687.71,1194.1,816.97,0.6881
10902,181.882,981,75.4,633.95,357.84,1068.77,0.8778
10902,181.882,982,603.71,706.47,633.98,792.34,0.7739
10902,181.882,985,852.3,688.01,898.06,826.67,0.6931
10902,181.882,988,340.92,680.64,413.95,834.84,0.6211
10902,181.882,992,1377.57,631.02,1502.29,1057.97,0.6832
10902,181.882,997,665.74,683.46,780.34,892.63,0.7519
10908,181.982,963,1182.43,649.0,1283.88,939.48,0.7689
10908,181.982,971,1452.01,355.58,1896.63,1064.02,0.9073
10908,181.982,981,193.67,629.37,422.38,1042.65,0.8823
10908,181.982,982,604.64,691.62,635.15,778.0,0.7495
10908,181.982,985,851.26,680.07,898.32,812.04,0.6871
10908,181.982,992,1376.35,615.49,1502.95,1040.8,0.6217
10908,181.982,997,716.65,663.75,804.93,874.49,0.7977
10914,182.082,963,1191.44,631.42,1293.0,910.42,0.8061
10914,182.082,971,1451.19,346.65,1897.11,1061.84,0.9209
10914,182.082,981,263.1,610.48,497.62,1008.04,0.8796
10914,182.082,982,606.77,670.87,637.98,758.84,0.7324
10914,182.082,985,853.25,658.88,901.75,792.84,0.6799
10914,182.082,992,1375.62,596.02,1498.88,959.47,0.6416
10914,182.082,997,751.34,641.07,833.23,849.87,0.8044
10914,182.082,1002,1162.55,658.9,1208.2,789.67,0.6354
10920,182.182,963,1190.49,605.09,1294.25,879.09,0.8549
10920,182.182,971,1441.52,341.54,1897.45,1060.1,0.9201
10920,182.182,981,357.52,594.1,579.51,945.36,0.8824
10920,182.182,982,609.85,650.22,639.74,736.39,0.6106
10920,182.182,985,859.81,632.68,903.68,768.54,0.7111
10920,182.182,988,398.93,629.41,450.39,767.48,0.7068
10920,182.182,992,1375.47,570.41,1496.52,916.75,0.6216
10920,182.182,997,782.43,623.12,863.55,822.77,0.7624
10920,182.182,1002,1171.35,635.0,1211.41,764.34,0.4593
10926,182.282,963,1202.37,581.27,1297.07,847.98,0.8448
10926,182.282,971,1426.32,337.17,1901.26,1061.39,0.8881
10926,182.282,981,447.51,584.31,623.01,904.05,0.7896
10926,182.282,985,865.56,605.01,906.12,738.25,0.7207
10926,182.282,988,411.64,606.11,460.16,746.06,0.7211
10926,182.282,992,1375.01,543.94,1497.83,913.83,0.5695
10926,182.282,997,811.2,609.96,885.51,799.19,0.662
10926,182.282,1002,1178.56,612.82,1218.02,739.52,0.5111
10932,182.382,963,1201.24,557.68,1301.59,820.74,0.8151
10932,182.382,971,1429.23,338.3,1907.0,1063.98,0.9032
10932,182.382,981,506.67,566.15,673.17,857.14,0.8679
10932,182.382,985,869.55,584.76,911.73,713.63,0.4474
10932,182.382,988,420.29,579.23,467.63,718.56,0.7423
10932,182.382,992,1376.11,519.67,1498.89,881.78,0.7033
10932,182.382,997,828.41,586.95,902.58,773.01,0.6531
10938,182.482,963,1206.08,545.08,1304.82,802.08,0.8113
10938,182.482,971,1421.33,340.69,1912.53,1066.98,0.9043
10938,182.482,981,585.3,548.15,728.85,819.13,0.8815
10938,182.482,988,427.97,558.59,473.37,696.11,0.7785
10938,182.482,992,1377.68,502.4,1498.14,841.99,0.6598
10938,182.482,997,843.79,574.4,916.8,749.0,0.7429
10938,182.482,1002,1183.55,572.64,1222.17,691.23,0.4824
10944,182.582,963,1211.38,532.92,1305.2,789.22,0.7907
10944,182.582,971,1444.72,344.04,1919.57,1072.36,0.8911
10944,182.582,981,641.46,534.21,765.14,787.91,0.7718
10944,182.582,988,433.61,548.63,478.43,682.81,0.7879
10944,182.582,992,1379.91,491.0,1503.74,820.84,0.6351
10944,182.582,997,853.42,556.25,934.76,730.03,0.7249
10944,182.582,1002,1182.99,560.29,1228.38,684.47,0.6077
10950,182.683,963,1217.57,524.93,1306.51,774.07,0.7618
10950,182.683,971,1446.91,346.45,1920.0,1072.61,0.8346
10950,182.683,981,677.63,525.16,773.52,758.85,0.7415
10950,182.683,988,439.52,541.79,482.83,671.12,0.7536
10950,182.683,992,1382.46,479.23,1513.93,828.47,0.7143
10950,182.683,997,864.42,548.57,941.9,713.23,0.6509
10950,182.683,1002,1182.8,546.5,1230.12,675.75,0.7387
10950,182.683,1005,590.93,565.73,638.1,644.13,0.7278
10956,182.783,963,1222.18,512.78,1311.13,758.85,0.7973
10956,182.783,971,1488.56,349.05,1920.0,1074.89,0.7536
10956,182.783,981,704.73,520.32,785.9,736.02,0.7988
10956,182.783,988,445.44,533.32,489.94,660.11,0.7881
10956,182.783,992,1387.15,468.86,1527.64,818.67,0.5906
10956,182.783,997,870.55,537.3,950.85,700.85,0.7613
10956,182.783,1002,1186.5,536.92,1232.63,664.99,0.8042
10956,182.783,1005,590.13,553.93,639.58,635.39,0.7393
10962,182.883,963,1228.04,505.57,1316.18,744.43,0.8158
10962,182.883,971,1520.74,352.77,1920.0,1072.1,0.6275
10962,182.883,981,723.01,513.15,834.93,722.58,0.815
10962,182.883,985,863.04,525.4,937.18,684.8,0.62
10962,182.883,988,454.95,525.77,501.44,650.43,0.6937
10962,182.883,992,1396.21,461.3,1546.41,803.99,0.7108
10962,182.883,1002,1191.4,531.6,1236.61,657.0,0.783
10962,182.883,1005,595.04,547.24,638.27,625.56,0.7655
10962,182.883,1007,1.63,417.52,209.2,1012.91,0.9187
10968,182.983,963,1239.7,499.26,1330.49,734.71,0.7766
10968,182.983,971,1544.88,353.2,1920.0,1070.62,0.7687
10968,182.983,981,757.89,512.63,853.93,699.52,0.8186
10968,182.983,985,867.59,519.93,947.57,682.67,0.5573
10968,182.983,988,468.54,519.05,518.39,639.34,0.759
10968,182.983,992,1411.27,452.74,1568.16,805.72,0.831
10968,182.983,1002,1197.21,533.33,1244.72,648.61,0.6409
10968,182.983,1005,603.31,541.96,640.44,618.09,0.6878
10968,182.983,1007,33.03,407.69,270.85,993.78,0.9013
10968,182.983,1008,865.36,523.07,923.16,675.45,0.4506
10974,183.083,963,1257.11,499.82,1347.41,724.21,0.7567
10974,183.083,971,1536.36,352.77,1920.0,1072.36,0.8034
10974,183.083,981,792.91,510.72,871.32,687.21,0.8123
10974,183.083,988,485.84,513.87,537.49,634.76,0.8032
10974,183.083,992,1429.56,448.52,1593.93,805.79,0.8151
10974,183.083,1002,1202.57,530.11,1250.74,644.61,0.5953
10974,183.083,1005,610.58,532.93,651.35,613.51,0.7666
10974,183.083,1007,95.96,404.96,341.58,952.98,0.8871
10974,183.083,1008,871.64,526.53,945.16,678.32,0.5396
10980,183.183,963,1276.29,495.73,1367.32,725.44,0.7995
10980,183.183,971,1534.6,352.74,1920.0,1073.56,0.6189
10980,183.183,981,824.35,512.07,892.53,672.23,0.7496
10980,183.183,988,507.67,511.42,558.02,629.95,0.8086
10980,183.183,992,1447.97,446.56,1603.22,804.68,0.713
10980,183.183,1002,1206.05,523.82,1268.47,641.16,0.4317
10980,183.183,1005,624.91,531.12,664.34,609.48,0.7166
10980,183.183,1007,168.1,421.73,430.93,896.46,0.8913
10980,183.183,1008,885.88,537.1,946.32,671.79,0.4333
10986,183.283,963,1301.89,490.29,1387.88,720.93,0.7754
10986,183.283,971,1627.85,356.03,1920.0,1071.11,0.8612
10986,183.283,981,849.76,511.38,909.57,663.81,0.5964
10986,183.283,988,529.37,510.9,575.79,626.4,0.7247
10986,183.283,992,1468.65,443.83,1646.0,804.28,0.814
10986,183.283,1002,1209.19,523.72,1268.71,642.11,0.5298
10986,183.283,1005,639.44,530.1,678.47,606.92,0.7711
10986,183.283,1007,250.12,431.8,490.63,871.78,0.9279
10986,183.283,1008,891.52,542.18,953.66,671.06,0.4882
10992,183.383,963,1320.65,487.14,1404.42,715.52,0.7999
10992,183.383,971,1684.53,359.6,1920.0,1070.61,0.8022
10992,183.383,981,863.96,506.17,931.61,657.71,0.5792
10992,183.383,988,546.27,509.92,593.71,624.86,0.729
10992,183.383,992,1486.4,439.14,1649.17,804.46,0.6459
10992,183.383,1002,1199.26,518.9,1272.96,640.37,0.578
10992,183.383,1005,654.45,529.61,694.46,602.88,0.7433
10992,183.383,1007,315.65,428.96,516.35,851.56,0.8851
10992,183.383,1008,908.62,531.92,967.0,665.98,0.4139
10992,183.383,1011,1282.0,510.89,1335.41,645.3,0.5416
10998,183.483,963,1342.54,487.13,1424.47,709.07,0.7825
10998,183.483,971,1714.77,358.23,1920.0,1072.89,0.4252
10998,183.483,981,882.28,503.74,953.58,655.05,0.6717
10998,183.483,988,566.0,506.56,612.14,622.32,0.7427
10998,183.483,992,1509.08,436.64,1667.97,806.49,0.7479
10998,183.483,1002,1201.44,513.65,1275.58,633.5,0.6575
10998,183.483,1005,671.65,526.94,710.99,601.87,0.7195
10998,183.483,1007,375.37,434.35,568.47,815.79,0.9035
10998,183.483,1008,928.34,529.2,985.76,661.01,0.5468
10998,183.483,1011,1294.45,510.72,1345.78,645.21,0.5431
10998,183.483,1012,5.95,480.48,94.33,684.82,0.7405
10998,183.483,1013,1598.43,351.03,1887.38,1070.97,0.6371
11004,183.583,963,1360.23,486.89,1441.79,712.07,0.7767
11004,183.583,971,1751.41,358.02,1920.0,1073.27,0.6166
11004,183.583,981,899.18,506.28,967.13,647.63,0.6471
11004,183.583,988,587.33,506.19,631.63,621.47,0.773
11004,183.583,992,1528.29,434.98,1685.73,807.35,0.7821
11004,183.583,1002,1205.6,515.09,1262.82,632.39,0.6195
11004,183.583,1005,688.7,526.03,726.84,600.41,0.7856
11004,183.583,1007,432.56,443.94,603.92,802.07,0.8802
11004,183.583,1008,955.12,532.94,1011.29,656.05,0.7024
11004,183.583,1011,1305.77,508.48,1352.25,643.86,0.6522
11004,183.583,1012,32.26,477.4,130.35,676.35,0.516
11004,183.583,1013,1614.72,352.75,1911.05,1071.07,0.3894
11010,183.684,963,1374.97,486.77,1456.0,708.15,0.7811
11010,183.684,971,1770.62,357.48,1920.0,1073.29,0.3056
11010,183.684,981,910.19,505.72,984.68,647.95,0.7206
11010,183.684,988,606.1,503.59,653.28,618.36,0.5613
11010,183.684,992,1548.82,434.07,1715.3,809.79,0.7581
11010,183.684,997,1193.88,524.96,1249.1,631.62,0.6881
11010,183.684,1005,704.9,525.14,744.64,600.21,0.6724
11010,183.684,1007,482.61,441.51,636.21,794.56,0.8551
11010,183.684,1008,981.85,526.83,1034.4,646.45,0.632
11010,183.684,1011,1309.61,509.7,1362.63,643.57,0.7342
11010,183.684,1012,88.07,475.28,187.7,671.37,0.784
11010,183.684,1013,1637.69,353.31,1920.0,1074.36,0.4652
11016,183.784,963,1385.55,487.79,1465.52,706.15,0.8195
11016,183.784,981,921.74,504.07,1005.37,642.97,0.6721
11016,183.784,988,624.42,503.65,669.78,617.72,0.4802
11016,183.784,992,1563.52,433.1,1741.35,807.04,0.7632
11016,183.784,1005,718.83,527.51,756.84,599.69,0.639
11016,183.784,1007,516.22,440.33,646.32,782.73,0.8146
11016,183.784,1008,1001.67,532.55,1060.28,634.68,0.5042
11016,183.784,1011,1310.89,520.41,1366.5,643.46,0.6487
11016,183.784,1012,132.18,483.72,227.98,669.65,0.7405
11016,183.784,1013,1651.65,354.0,1915.79,1074.42,0.5662
11022,183.884,963,1389.93,485.54,1472.2,704.64,0.7932
11022,183.884,981,935.78,511.28,1012.63,639.35,0.705
11022,183.884,985,1011.82,531.43,1124.64,643.9,0.719
11022,183.884,988,641.05,505.94,681.67,616.92,0.4974
11022,183.884,992,1572.71,432.21,1747.29,811.48,0.7529
11022,183.884,1005,728.92,527.26,768.9,598.34,0.6819
11022,183.884,1007,522.91,454.21,675.5,760.42,0.8802
11022,183.884,1008,1013.83,530.3,1069.62,638.34,0.392
11022,183.884,1011,1311.31,523.15,1368.11,644.65,0.6504
11022,183.884,1012,173.97,489.56,247.38,664.46,0.5076
11022,183.884,1013,1655.18,354.56,1918.7,1073.03,0.6032
11022,183.884,1020,1181.79,518.2,1239.4,629.71,0.7792
11028,183.984,963,1392.35,485.55,1476.81,701.72,0.7441
11028,183.984,981,958.1,511.88,1022.5,639.04,0.7281
11028,183.984,985,1029.28,527.69,1124.75,642.62,0.6837
11028,183.984,988,657.29,507.45,693.45,617.33,0.5427
11028,183.984,992,1579.21,431.06,1764.25,811.76,0.8127
11028,183.984,1005,737.69,528.68,780.03,597.58,0.6686
11028,183.984,1007,558.07,461.94,686.99,746.81,0.8527
11028,183.984,1011,1316.82,520.39,1367.24,644.54,0.6265
11028,183.984,1012,201.55,494.71,259.13,663.38,0.6039
11028,183.984,1013,1654.18,353.69,1918.76,1076.4,0.7103
11028,183.984,1020,1172.43,512.67,1234.31,629.42,0.7675
11034,184.084,963,1393.99,486.88,1479.15,701.25,0.8031
11034,184.084,981,978.62,509.72,1036.55,638.87,0.7319
11034,184.084,985,1051.91,529.3,1125.63,638.59,0.7
11034,184.084,992,1585.61,430.05,1772.9,813.31,0.8023
11034,184.084,1005,744.32,529.85,787.6,597.5,0.7058
11034,184.084,1007,577.28,454.65,696.91,741.38,0.873
11034,184.084,1011,1320.32,510.18,1373.91,645.73,0.7107
11034,184.084,1012,224.51,498.39,281.97,657.67,0.4646
11034,184.084,1013,1654.06,353.58,1918.63,1078.1,0.7028
11034,184.084,1020,1158.24,507.87,1225.43,627.8,0.7103
11034,184.084,1026,194.27,483.59,252.92,660.57,0.6147
11040,184.184,963,1396.19,486.68,1481.19,700.9,0.7959
11040,184.184,981,991.37,508.42,1047.15,636.25,0.7235
11040,184.184,985,1067.04,525.93,1121.87,635.43,0.7309
11040,184.184,992,1589.03,427.6,1774.52,811.96,0.8374
11040,184.184,1005,752.96,526.4,792.34,595.12,0.7154
11040,184.184,1007,583.93,456.44,710.14,731.15,0.8289
11040,184.184,1011,1322.64,503.17,1380.31,647.3,0.6983
11040,184.184,1013,1655.19,353.2,1918.37,1077.93,0.7292
11040,184.184,1020,1142.49,508.05,1213.39,629.73,0.8195
11040,184.184,1026,200.97,481.86,260.78,658.32,0.7606
11046,184.284,963,1401.48,486.39,1487.15,701.33,0.8087
11046,184.284,981,1000.07,510.56,1058.46,634.01,0.7257
11046,184.284,985,1071.4,528.82,1119.03,630.68,0.7478
11046,184.284,992,1591.76,425.49,1776.45,809.93,0.8226
11046,184.284,1005,761.79,522.28,799.11,596.09,0.7179
11046,184.284,1007,605.62,463.85,724.11,721.44,0.8079
11046,184.284,1011,1323.11,499.53,1386.96,649.38,0.6869
11046,184.284,1012,272.4,509.81,333.41,623.91,0.485
11046,184.284,1013,1658.91,352.61,1918.24,1079.01,0.6736
11046,184.284,1020,1136.45,512.18,1208.67,633.3,0.7022
11046,184.284,1026,206.01,480.68,273.8,658.61,0.6698
11052,184.384,963,1406.79,484.53,1490.98,698.57,0.7841
11052,184.384,981,1006.47,510.35,1050.34,630.82,0.6475
11052,184.384,985,1075.8,524.58,1116.09,631.27,0.5428
11052,184.384,992,1593.89,424.14,1787.34,807.21,0.8023
11052,184.384,1005,768.23,524.9,806.57,594.79,0.6077
11052,184.384,1007,637.69,462.31,736.63,717.13,0.79
11052,184.384,1008,1053.62,516.16,1113.41,633.09,0.4071
11052,184.384,1011,1324.58,501.07,1389.93,652.12,0.7352
11052,184.384,1012,302.26,509.96,359.82,616.42,0.5017
11052,184.384,1013,1661.93,353.2,1918.54,1075.7,0.6553
11052,184.384,1020,1131.83,515.66,1197.99,634.26,0.6872
11052,184.384,1026,212.91,479.07,274.05,658.73,0.6803
11058,184.484,963,1414.68,481.45,1493.41,692.17,0.7901
11058,184.484,981,1011.96,514.8,1052.06,628.97,0.5318
11058,184.484,985,1074.29,523.43,1110.68,627.28,0.4914
11058,184.484,992,1597.54,423.57,1794.19,805.38,0.711
11058,184.484,1005,772.95,525.42,814.57,592.13,0.5504
11058,184.484,1007,660.31,462.69,749.79,712.52,0.7476
11058,184.484,1008,1056.27,516.23,1112.12,630.53,0.4311
11058,184.484,1011,1322.14,502.48,1393.59,655.22,0.7259
11058,184.484,1012,324.51,510.7,388.03,611.37,0.4153
11058,184.484,1013,1665.41,352.16,1918.86,1073.84,0.7727
11058,184.484,1020,1129.59,514.84,1188.95,632.3,0.6349
11058,184.484,1026,217.59,478.82,272.98,657.62,0.7411
11064,184.584,963,1421.34,485.37,1494.15,688.0,0.8283
11064,184.584,981,1015.24,515.8,1057.13,625.78,0.5007
11064,184.584,985,1076.52,518.07,1111.53,625.58,0.5431
11064,184.584,992,1601.1,423.89,1793.69,807.5,0.7718
11064,184.584,1005,783.47,525.58,820.51,590.83,0.7083
11064,184.584,1007,675.34,465.66,763.49,699.9,0.7821
11064,184.584,1008,1057.32,509.25,1111.95,629.3,0.4554
11064,184.584,1011,1312.45,500.88,1391.7,655.66,0.7583
11064,184.584,1012,342.51,511.43,407.27,611.13,0.6397
11064,184.584,1013,1668.92,352.15,1919.11,1074.07,0.6677
11064,184.584,1020,1130.4,509.71,1186.56,630.2,0.748
11064,184.584,1026,221.1,479.51,275.97,655.72,0.7456
11070,184.685,963,1426.79,490.06,1494.99,686.82,0.7905
11070,184.685,981,1018.87,514.01,1072.13,623.7,0.5596
11070,184.685,985,1078.16,511.26,1111.98,621.71,0.5305
11070,184.685,992,1608.78,423.85,1800.7,808.21,0.7628
11070,184.685,1005,792.75,528.78,826.53,589.48,0.5652
11070,184.685,1007,685.88,471.58,774.84,695.21,0.813
11070,184.685,1008,1060.5,504.37,1113.52,627.27,0.4365
11070,184.685,1011,1292.37,494.92,1385.01,655.29,0.7422
11070,184.685,1012,364.56,515.09,432.85,614.27,0.6513
11070,184.685,1013,1686.5,353.46,1919.89,1074.44,0.7312
11070,184.685,1020,1131.86,504.26,1179.24,629.1,0.673
11070,184.685,1026,222.78,476.64,281.89,653.65,0.7584
11076,184.785,963,1429.3,494.93,1497.13,678.49,0.7801
11076,184.785,981,1020.23,512.02,1074.12,621.3,0.6082
11076,184.785,992,1613.32,423.71,1783.31,805.37,0.8379
11076,184.785,1007,692.84,469.29,772.64,692.56,0.8028
11076,184.785,1008,1057.99,502.34,1110.65,626.19,0.666
11076,184.785,1011,1281.99,483.68,1372.01,656.75,0.7368
11076,184.785,1012,386.0,512.59,466.79,612.05,0.6942
11076,184.785,1013,1693.82,352.79,1918.93,1074.69,0.7854
11076,184.785,1020,1131.77,497.65,1171.35,627.73,0.7332
11076,184.785,1026,225.82,473.28,294.52,652.07,0.764
11082,184.885,963,1432.32,500.17,1501.23,685.08,0.8116
11082,184.885,981,1024.54,511.53,1076.16,613.7,0.6557
11082,184.885,992,1618.12,424.5,1779.04,809.43,0.845
11082,184.885,1007,705.88,469.56,778.43,685.31,0.7004
11082,184.885,1008,1060.86,497.48,1111.14,626.7,0.714
11082,184.885,1011,1278.95,484.04,1358.07,660.52,0.7669
11082,184.885,1013,1702.66,354.18,1918.42,1075.39,0.7407
11082,184.885,1020,1129.17,496.88,1169.66,627.07,0.7577
11082,184.885,1026,239.1,472.13,308.57,649.15,0.6943
11088,184.985,963,1435.47,505.36,1506.49,683.67,0.804
11088,184.985,981,1026.37,509.25,1076.82,613.26,0.6916
11088,184.985,992,1622.69,426.99,1786.96,813.32,0.8201
11088,184.985,1005,802.68,513.4,854.5,601.0,0.6854
11088,184.985,1007,711.37,477.85,784.93,683.46,0.7833
11088,184.985,1008,1065.43,494.7,1112.93,624.79,0.6232
11088,184.985,1011,1264.02,492.73,1353.18,665.15,0.8107
11088,184.985,1012,453.04,512.78,526.92,610.85,0.5458
11088,184.985,1013,1707.93,355.24,1920.0,1076.18,0.6911
11088,184.985,1020,1123.9,495.84,1172.15,627.75,0.7024
11088,184.985,1026,249.95,478.27,324.61,649.97,0.693
11094,185.085,963,1441.04,504.45,1515.79,679.35,0.7683
11094,185.085,981,1029.0,509.97,1074.79,616.42,0.647
11094,185.085,992,1631.14,430.66,1795.48,817.31,0.6396
11094,185.085,1005,815.63,511.2,869.56,603.0,0.6372
11094,185.085,1007,713.63,482.43,791.1,682.87,0.8192
11094,185.085,1008,1067.46,496.03,1114.05,627.51,0.7597
11094,185.085,1011,1253.48,497.72,1350.63,666.85,0.8231
11094,185.085,1012,506.58,512.3,561.05,605.53,0.5781
11094,185.085,1013,1718.65,354.35,1920.0,1074.4,0.3762
11094,185.085,1020,1123.62,497.34,1170.99,628.76,0.641
11094,185.085,1026,259.89,484.66,339.66,652.21,0.7759
11100,185.185,963,1449.3,501.0,1524.32,681.25,0.7831
11100,185.185,981,1031.41,512.82,1074.64,618.58,0.7089
11100,185.185,992,1638.14,433.31,1805.92,822.0,0.7713
11100,185.185,1005,825.82,511.8,878.23,605.32,0.6712
11100,185.185,1007,721.5,482.28,795.72,681.11,0.7783
11100,185.185,1008,1072.28,498.55,1117.4,631.92,0.7684
11100,185.185,1011,1237.04,497.25,1332.18,667.97,0.7953
11100,185.185,1012,535.29,512.91,586.32,606.7,0.4323
11100,185.185,1013,1729.73,359.93,1920.0,1074.8,0.6543
11100,185.185,1020,1122.27,497.21,1166.13,631.08,0.6405
11100,185.185,1026,272.04,489.6,350.91,654.21,0.7554
11106,185.285,963,1459.23,504.04,1534.14,677.63,0.8098
11106,185.285,981,1032.51,515.73,1073.11,612.59,0.5625
11106,185.285,992,1644.89,435.23,1811.18,822.02,0.685
11106,185.285,1002,1214.93,484.02,1277.8,665.22,0.699
11106,185.285,1005,828.19,515.55,885.12,600.81,0.5149
11106,185.285,1007,724.7,485.52,804.0,676.9,0.7068
11106,185.285,1008,1073.93,502.0,1121.06,633.19,0.7042
11106,185.285,1012,566.2,515.11,620.65,609.98,0.6024
11106,185.285,1013,1736.41,373.17,1920.0,1074.89,0.6976
11106,185.285,1020,1119.23,498.92,1161.74,631.75,0.6921
11106,185.285,1026,290.82,492.06,370.16,650.21,0.7463
11112,185.385,963,1472.85,504.27,1541.72,673.37,0.7559
11112,185.385,981,1031.78,515.56,1072.31,615.71,0.5493
11112,185.385,992,1654.4,435.29,1821.03,822.95,0.8554
11112,185.385,1002,1202.97,480.39,1262.79,668.87,0.7595
11112,185.385,1005,851.84,516.07,900.12,603.0,0.5588
11112,185.385,1007,731.8,491.07,802.24,673.4,0.6936
11112,185.385,1008,1078.87,507.87,1122.15,623.84,0.4674
11112,185.385,1012,596.44,515.78,646.67,607.97,0.5736
11112,185.385,1013,1749.39,381.11,1920.0,1074.84,0.743
11112,185.385,1020,1117.41,501.99,1161.39,632.33,0.758
11112,185.385,1026,317.65,497.06,394.05,648.96,0.761
11118,185.485,963,1486.25,505.27,1549.76,667.04,0.7147
11118,185.485,981,1033.91,517.09,1069.25,612.62,0.5179
11118,185.485,992,1665.97,434.69,1832.07,825.43,0.8458
11118,185.485,1002,1188.23,486.96,1243.66,671.94,0.7651
11118,185.485,1005,874.56,516.38,913.94,607.4,0.6296
11118,185.485,1007,735.51,492.55,801.25,670.78,0.706
11118,185.485,1012,629.9,520.05,668.46,609.1,0.5772
11118,185.485,1013,1761.64,385.06,1920.0,1073.99,0.791
11118,185.485,1020,1118.56,506.18,1162.19,634.87,0.7421
11118,185.485,1026,336.85,498.08,412.01,650.3,0.766
11118,185.485,1048,835.12,536.38,875.59,600.01,0.6293
11124,185.585,963,1500.43,506.08,1560.8,675.09,0.7397
11124,185.585,981,1035.74,520.18,1069.23,610.42,0.6451
11124,185.585,992,1681.92,437.2,1849.18,828.53,0.7412
11124,185.585,1002,1155.38,509.99,1243.1,675.39,0.7871
11124,185.585,1005,892.78,516.14,927.57,609.34,0.65
11124,185.585,1007,732.75,494.17,808.14,669.97,0.6856
11124,185.585,1012,656.32,524.68,694.65,608.88,0.5363
11124,185.585,1013,1781.14,392.61,1920.0,1075.0,0.7479
11124,185.585,1020,1097.83,506.39,1163.69,640.2,0.7041
11124,185.585,1026,356.99,500.68,431.45,649.81,0.7965
11124,185.585,1048,841.98,541.15,881.68,602.33,0.6499
11130,185.685,963,1515.85,512.49,1578.93,675.02,0.7708
11130,185.685,981,1040.32,520.51,1077.14,616.65,0.6391
11130,185.685,992,1697.53,441.6,1871.24,834.54,0.8163
11130,185.685,1002,1142.2,509.19,1242.11,677.02,0.5182
11130,185.685,1005,909.72,519.67,946.29,609.56,0.6775
11130,185.685,1007,735.4,500.1,820.53,669.17,0.699
11130,185.685,1008,1098.6,510.63,1153.81,635.4,0.3017
11130,185.685,1012,686.22,527.01,724.01,607.5,0.563
11130,185.685,1013,1803.71,513.82,1920.0,1073.53,0.7313
11130,185.685,1020,1110.8,507.08,1166.69,658.96,0.3588
11130,185.685,1026,382.23,504.08,452.41,650.25,0.8168
11130,185.685,1048,848.31,540.47,889.15,602.65,0.5728
11136,185.786,963,1530.66,511.72,1594.66,681.75,0.7783
11136,185.786,981,1044.83,523.87,1086.19,618.24,0.6026
11136,185.786,992,1716.9,443.14,1890.27,838.75,0.8041
11136,185.786,1005,929.17,522.85,963.31,610.92,0.7208
11136,185.786,1007,747.25,498.83,818.2,669.9,0.7005
11136,185.786,1013,1831.03,597.23,1920.0,1071.16,0.6909
11136,185.786,1020,1125.62,509.13,1188.47,671.76,0.5592
11136,185.786,1026,408.34,504.35,472.56,650.59,0.8223
11136,185.786,1048,858.69,540.0,899.61,604.88,0.6835
11142,185.886,963,1546.15,509.17,1609.41,676.23,0.8011
11142,185.886,981,1053.81,525.23,1092.13,619.94,0.7336
11142,185.886,992,1736.15,445.21,1914.02,844.23,0.8312
11142,185.886,1005,947.02,526.1,979.78,611.65,0.7072
11142,185.886,1007,755.97,499.84,817.55,667.87,0.7005
11142,185.886,1013,1854.01,593.56,1920.0,1067.77,0.5639
11142,185.886,1020,1123.02,504.34,1191.05,677.54,0.716
11142,185.886,1026,433.54,506.23,493.09,649.91,0.7955
11142,185.886,1048,868.2,541.63,913.2,608.21,0.6209
11148,185.986,963,1564.65,513.52,1630.2,677.63,0.7363
11148,185.986,981,1063.93,529.78,1099.15,618.62,0.5399
11148,185.986,992,1758.38,447.13,1920.0,850.14,0.8648
11148,185.986,1005,962.82,527.78,997.09,614.59,0.7209
11148,185.986,1007,762.04,506.3,829.92,665.38,0.7329
11148,185.986,1020,1111.89,502.55,1194.67,681.34,0.6927
11148,185.986,1026,452.86,512.74,511.48,650.36,0.7245
11148,185.986,1048,880.53,540.11,926.3,609.32,0.7413
11154,186.086,963,1578.66,517.33,1643.24,675.23,0.7736
11154,186.086,992,1709.68,446.68,1920.0,850.98,0.8228
11154,186.086,1005,977.86,528.94,1009.7,612.27,0.6944
11154,186.086,1007,765.6,511.57,835.49,664.49,0.7622
11154,186.086,1008,1155.8,518.52,1201.57,636.68,0.3609
11154,186.086,1020,1096.62,507.28,1186.63,681.93,0.6231
11154,186.086,1026,468.31,516.37,527.01,651.43,0.7692
11154,186.086,1048,890.27,541.32,937.31,610.29,0.6077
11160,186.186,963,1588.87,518.3,1648.0,667.47,0.7636
11160,186.186,992,1678.06,445.65,1920.0,852.55,0.7528
11160,186.186,1005,987.9,528.06,1019.35,613.55,0.7003
11160,186.186,1007,768.16,512.67,833.91,663.96,0.7063
11160,186.186,1020,1085.73,512.5,1159.38,681.37,0.7079
11160,186.186,1026,478.0,516.31,538.75,650.91,0.706
11160,186.186,1048,900.98,538.71,946.91,610.83,0.6744
11166,186.286,963,1595.4,517.65,1653.68,663.79,0.7211
11166,186.286,992,1687.29,444.86,1920.0,856.15,0.8851
11166,186.286,1005,996.39,526.14,1027.1,616.91,0.626
11166,186.286,1007,770.32,514.37,834.21,663.32,0.6134
11166,186.286,1020,1069.52,512.28,1138.2,680.65,0.7779
11166,186.286,1026,488.32,515.1,549.7,651.0,0.7458
11166,186.286,1048,912.05,533.63,952.25,610.65,0.58
11166,186.286,1064,1132.03,515.73,1184.85,650.61,0.7011
11172,186.386,963,1596.44,519.88,1656.22,668.78,0.7287
11172,186.386,992,1682.52,444.3,1920.0,857.65,0.8827
11172,186.386,1005,1002.97,530.36,1033.56,617.44,0.6032
11172,186.386,1007,771.87,520.36,824.96,661.21,0.5794
11172,186.386,1020,1042.03,513.02,1128.53,681.5,0.767
11172,186.386,1026,492.36,516.49,563.46,651.14,0.7389
11172,186.386,1048,922.19,529.92,958.7,611.3,0.5978
11172,186.386,1064,1128.26,523.15,1183.8,648.41,0.6551
11172,186.386,1067,295.54,541.64,328.15,601.04,0.5295
11178,186.486,963,1594.77,522.43,1653.74,669.58,0.7824
11178,186.486,992,1702.41,445.03,1920.0,873.83,0.8531
11178,186.486,1007,772.45,519.73,821.87,662.52,0.7092
11178,186.486,1012,930.95,531.21,962.89,613.89,0.6004
11178,186.486,1020,1027.47,517.28,1113.39,682.6,0.7096
11178,186.486,1026,497.09,517.48,570.89,652.33,0.78
11178,186.486,1064,1128.31,528.73,1176.65,649.35,0.4844
11178,186.486,1067,304.76,539.96,336.88,601.4,0.4217
11178,186.486,1069,1196.42,558.1,1242.11,622.38,0.4729
11184,186.586,963,1594.68,523.11,1652.67,667.26,0.7781
11184,186.586,992,1718.1,439.1,1919.54,1003.91,0.8443
11184,186.586,1007,775.04,518.24,820.68,661.09,0.7452
11184,186.586,1020,1013.37,513.6,1082.42,681.92,0.7723
11184,186.586,1026,503.76,522.01,573.29,651.09,0.6834
11184,186.586,1048,932.07,534.32,962.66,612.44,0.5611
11184,186.586,1064,1132.05,532.81,1175.11,650.59,0.6264
11184,186.586,1067,310.06,541.25,340.36,600.66,0.4226
11184,186.586,1069,1204.1,560.19,1249.55,624.34,0.4641
11190,186.686,963,1597.41,522.21,1652.66,670.17,0.7369
11190,186.686,992,1687.48,413.76,1918.87,1051.57,0.8695
11190,186.686,1007,776.12,519.12,821.15,660.12,0.6584
11190,186.686,1020,996.76,514.17,1061.6,680.99,0.765
11190,186.686,1026,514.28,519.06,575.1,649.28,0.7218
11190,186.686,1048,933.69,538.17,962.05,614.03,0.622
11190,186.686,1064,1130.12,530.72,1176.54,651.99,0.5539
11190,186.686,1067,310.82,541.56,341.27,602.48,0.4556
11190,186.686,1069,1208.42,557.7,1254.21,625.09,0.5164
11196,186.787,963,1594.98,525.54,1654.92,669.68,0.7143
11196,186.787,992,1716.14,399.21,1918.39,1072.32,0.7376
11196,186.787,1007,777.24,528.62,821.51,662.35,0.7043
11196,186.787,1020,972.87,516.35,1049.88,681.79,0.7989
11196,186.787,1026,529.83,518.92,577.39,649.43,0.716
11196,186.787,1048,933.61,539.4,960.98,615.29,0.6579
11196,186.787,1064,1129.32,527.04,1175.7,642.51,0.5868
11196,186.787,1067,311.15,539.34,342.56,604.71,0.4286
11196,186.787,1069,1214.87,551.81,1255.11,625.55,0.651
11202,186.887,963,1594.31,529.52,1655.3,671.85,0.748
11202,186.887,992,1697.78,369.81,1917.91,1077.72,0.8694
11202,186.887,1005,1011.37,531.48,1045.82,621.87,0.5518
11202,186.887,1007,778.47,536.53,823.27,663.27,0.7472
11202,186.887,1020,957.7,522.68,1036.47,681.96,0.683
11202,186.887,1026,537.15,520.71,576.72,650.04,0.6518
11202,186.887,1048,931.03,537.63,957.49,616.64,0.5752
11202,186.887,1064,1128.03,528.4,1176.42,644.25,0.5691
11202,186.887,1067,311.66,539.96,341.93,605.03,0.4048
11202,186.887,1069,1216.93,548.88,1254.52,625.65,0.6702
11202,186.887,1076,1085.64,527.5,1123.25,652.85,0.6689
11208,186.987,963,1597.15,532.07,1653.04,669.58,0.6732
11208,186.987,992,1683.55,356.84,1917.47,1079.06,0.9374
11208,186.987,1005,1012.63,534.74,1045.5,622.0,0.5896
11208,186.987,1007,780.4,537.77,825.5,661.64,0.7281
11208,186.987,1020,947.36,521.01,1011.82,681.63,0.7479
11208,186.987,1026,537.24,520.51,577.38,651.59,0.6807
11208,186.987,1048,928.49,535.7,958.34,617.39,0.3972
11208,186.987,1064,1124.83,533.33,1174.04,646.16,0.6217
11208,186.987,1067,311.37,541.06,340.09,604.4,0.356
11208,186.987,1069,1220.56,546.7,1254.48,626.45,0.5737
11208,186.987,1076,1077.15,529.12,1112.22,654.56,0.5946
11214,187.087,963,1597.92,530.11,1651.33,664.45,0.6664
11214,187.087,992,1662.29,350.01,1917.16,1078.17,0.9297
11214,187.087,1005,1013.34,536.6,1043.08,623.17,0.7004
11214,187.087,1007,780.48,541.19,823.15,659.99,0.6821
11214,187.087,1020,927.48,516.46,985.65,681.16,0.695
11214,187.087,1026,536.27,520.2,577.71,652.07,0.6975
11214,187.087,1064,1120.05,534.95,1167.77,644.36,0.6694
11214,187.087,1067,310.57,542.3,337.94,606.63,0.4853
11214,187.087,1076,1059.97,535.27,1103.87,656.33,0.6225
11220,187.187,963,1597.23,531.55,1649.84,665.18,0.5403
11220,187.187,992,1638.48,350.33,1916.78,1077.46,0.9256
11220,187.187,1005,1009.27,537.92,1040.45,623.37,0.5501
11220,187.187,1007,778.18,542.32,820.23,662.21,0.721
11220,187.187,1020,903.32,517.81,973.68,682.19,0.7937
11220,187.187,1026,532.89,520.42,575.51,652.1,0.6965
11220,187.187,1064,1113.25,532.39,1160.37,646.94,0.7326
11220,187.187,1067,307.75,542.03,335.71,608.36,0.458
11220,187.187,1069,1224.25,553.32,1256.3,629.78,0.3004
11220,187.187,1076,1049.18,537.96,1091.87,657.93,0.6534
11226,187.287,992,1617.1,350.61,1916.51,1078.73,0.9175
11226,187.287,1005,1005.08,535.82,1038.33,622.22,0.6204
11226,187.287,1007,773.42,537.79,817.97,663.56,0.6806
11226,187.287,1020,878.13,520.72,965.55,682.96,0.8108
11226,187.287,1026,527.66,519.76,570.69,651.95,0.7102
11226,187.287,1064,1107.34,530.71,1149.95,647.81,0.6356
11226,187.287,1067,303.5,541.67,331.91,608.53,0.3689
11226,187.287,1069,1221.32,551.91,1256.15,633.81,0.3134
11226,187.287,1076,1039.88,533.24,1082.92,659.05,0.6822
11232,187.387,992,1591.74,350.46,1916.37,1077.73,0.9137
11232,187.387,1005,1001.76,534.48,1035.23,624.48,0.5276
11232,187.387,1007,774.62,540.37,813.73,663.96,0.5858
11232,187.387,1020,865.99,529.57,951.78,682.91,0.6223
11232,187.387,1026,515.99,520.8,564.72,651.83,0.7109
11232,187.387,1064,1101.21,530.97,1142.49,645.71,0.721
11232,187.387,1067,297.47,543.94,325.63,609.66,0.3811
11232,187.387,1069,1214.65,552.08,1263.95,637.52,0.4091
11232,187.387,1076,1028.9,532.55,1074.66,662.09,0.7356
11238,187.487,981,994.18,536.4,1026.16,624.69,0.3342
11238,187.487,992,1565.68,350.19,1916.42,1079.77,0.9387
11238,187.487,1007,775.0,534.28,812.24,667.49,0.5288
11238,187.487,1020,855.62,530.47,923.36,682.39,0.7899
11238,187.487,1026,506.28,521.81,561.28,655.11,0.5748
11238,187.487,1048,913.91,538.11,943.42,620.92,0.5292
11238,187.487,1064,1095.76,532.45,1135.79,645.77,0.7412
11238,187.487,1067,290.22,544.08,319.85,610.73,0.4928
11238,187.487,1076,1017.82,536.89,1067.65,664.52,0.5388
11244,187.587,992,1550.32,349.72,1916.77,1078.24,0.932
11244,187.587,1007,772.94,541.95,807.28,666.78,0.608
11244,187.587,1020,841.75,529.3,895.34,683.08,0.7522
11244,187.587,1026,497.96,522.97,554.41,656.23,0.6972
11244,187.587,1048,911.45,539.6,940.55,622.07,0.5982
11244,187.587,1064,1089.83,535.55,1129.02,648.0,0.6728
11244,187.587,1067,278.61,545.67,313.75,611.11,0.345
11244,187.587,1076,1012.77,539.08,1062.09,666.22,0.6099
11250,187.688,992,1527.8,348.99,1917.54,1079.75,0.9266
11250,187.688,1005,986.74,539.43,1019.36,627.81,0.5848
11250,187.688,1007,769.97,542.44,804.12,666.22,0.696
11250,187.688,1020,816.6,529.07,879.94,682.73,0.8107
11250,187.688,1026,491.72,522.71,548.12,655.99,0.7018
11250,187.688,1048,906.38,542.96,937.83,623.91,0.6711
11250,187.688,1064,1083.43,536.41,1122.39,648.43,0.6806
11250,187.688,1067,271.6,546.09,304.34,612.14,0.4103
11250,187.688,1076,1009.38,538.37,1059.51,666.16,0.652
11256,187.788,992,1509.44,349.38,1917.14,1078.74,0.9242
11256,187.788,1005,981.73,540.55,1014.94,632.63,0.6699
11256,187.788,1007,765.64,540.7,804.33,668.2,0.6234
11256,187.788,1020,795.59,530.74,867.43,682.65,0.7235
11256,187.788,1026,488.93,523.15,541.64,657.01,0.6702
11256,187.788,1048,903.65,544.12,932.28,624.01,0.5923
11256,187.788,1064,1078.1,537.93,1117.38,648.38,0.688
11256,187.788,1067,264.15,546.21,294.92,613.05,0.5973
11256,187.788,1076,1006.7,539.31,1056.26,667.11,0.6101
11262,187.888,992,1497.19,349.84,1909.11,1077.77,0.893
11262,187.888,1005,978.42,539.32,1012.48,634.14,0.7348
11262,187.888,1007,761.67,544.78,799.77,673.32,0.4339
11262,187.888,1020,782.74,530.84,843.46,679.97,0.6089
11262,187.888,1026,485.83,523.19,538.77,658.11,0.6067
11262,187.888,1048,901.07,544.53,929.28,624.72,0.5561
11262,187.888,1064,1070.55,536.8,1110.84,650.27,0.7215
11262,187.888,1069,1218.87,560.43,1258.5,640.13,0.3345
11262,187.888,1076,1004.04,540.24,1050.13,667.64,0.7568
11268,187.988,992,1491.63,350.44,1885.59,1077.66,0.8613
11268,187.988,1005,975.87,540.0,1011.05,631.69,0.7115
11268,187.988,1020,763.24,530.27,821.26,681.56,0.6448
11268,187.988,1026,481.65,523.86,536.85,661.08,0.6678
11268,187.988,1048,897.94,547.58,925.54,624.77,0.5012
11268,187.988,1064,1065.17,538.51,1105.32,651.34,0.6989
11268,187.988,1076,1001.63,540.64,1045.49,669.18,0.7682
11268,187.988,1084,1778.59,461.44,1917.12,874.16,0.651
11274,188.088,992,1484.85,350.51,1858.35,1076.51,0.8838
11274,188.088,1005,974.18,540.27,1008.23,631.16,0.6753
11274,188.088,1020,746.09,528.36,805.53,680.95,0.7581
11274,188.088,1026,477.23,525.03,533.46,661.33,0.6618
11274,188.088,1048,893.97,545.38,921.95,624.78,0.6449
11274,188.088,1064,1058.57,542.34,1097.27,650.04,0.662
11274,188.088,1076,1001.33,540.45,1043.65,669.26,0.7349
11274,188.088,1084,1767.11,460.68,1915.16,871.89,0.6507
11280,188.188,992,1479.31,351.45,1842.12,1075.35,0.901
11280,188.188,1005,970.74,541.25,1003.87,634.31,0.7245
11280,188.188,1020,720.56,527.88,792.33,680.95,0.7059
11280,188.188,1026,471.89,525.08,530.82,660.64,0.7043
11280,188.188,1048,891.01,543.62,919.38,625.13,0.7684
11280,188.188,1064,1054.36,543.36,1091.26,648.36,0.7321
11280,188.188,1076,1004.05,539.9,1044.19,667.48,0.7339
11280,188.188,1084,1758.2,461.93,1909.6,866.07,0.5948
11286,188.288,992,1470.37,352.97,1830.31,1075.3,0.915
11286,188.288,1005,968.7,539.95,1000.24,632.68,0.6577
11286,188.288,1007,740.65,530.74,790.34,680.05,0.4267
11286,188.288,1020,708.48,528.56,781.85,681.63,0.5024
11286,188.288,1026,466.25,525.63,525.41,661.19,0.7152
11286,188.288,1048,887.15,545.11,915.3,623.99,0.7185
11286,188.288,1064,1048.74,542.46,1083.43,646.15,0.6035
11286,188.288,1076,1006.33,540.62,1044.37,667.69,0.6311
11286,188.288,1084,1750.74,462.56,1911.42,895.12,0.5884
11292,188.388,992,1472.75,354.04,1817.14,1074.7,0.8876
11292,188.388,1005,963.89,540.31,996.88,634.36,0.6622
11292,188.388,1007,742.15,531.81,791.68,675.23,0.493
11292,188.388,1020,699.04,528.43,764.02,680.18,0.5882
11292,188.388,1026,461.72,525.48,519.85,660.68,0.726
11292,188.388,1048,882.2,543.13,911.45,624.27,0.6793
11292,188.388,1064,1042.12,539.65,1076.76,643.75,0.5285
11292,188.388,1069,1217.78,563.99,1269.47,644.22,0.4266
11292,188.388,1076,1006.94,542.39,1047.55,669.49,0.5844
11292,188.388,1084,1744.5,463.03,1912.62,905.54,0.6485
11298,188.488,992,1481.7,356.09,1803.76,1074.09,0.867
11298,188.488,1005,957.92,540.62,992.93,636.42,0.7097
11298,188.488,1007,743.23,538.47,790.48,671.78,0.6435
11298,188.488,1020,685.96,533.74,743.43,680.47,0.7274
11298,188.488,1026,457.38,525.33,513.73,659.18,0.6924
11298,188.488,1048,877.7,541.84,906.84,624.49,0.6533
11298,188.488,1064,1030.1,539.09,1072.15,659.81,0.3749
11298,188.488,1069,1211.24,561.68,1278.56,649.77,0.4405
11298,188.488,1076,1006.68,539.31,1063.18,670.79,0.5612
11298,188.488,1084,1741.02,466.34,1915.38,904.98,0.5975
11298,188.488,1095,1269.5,564.89,1323.85,652.53,0.4802
11298,188.488,1096,194.02,554.94,220.45,615.85,0.4911
11304,188.588,992,1486.98,355.93,1810.33,1073.61,0.8241
11304,188.588,1005,952.02,540.52,988.01,635.23,0.7581
11304,188.588,1007,737.52,544.43,793.16,671.42,0.6371
11304,188.588,1020,665.72,530.01,728.1,679.55,0.6842
11304,188.588,1026,451.85,525.43,509.38,659.04,0.7156
11304,188.588,1048,870.97,545.1,902.05,625.66,0.6146
11304,188.588,1069,1206.04,555.34,1278.05,651.8,0.5354
11304,188.588,1076,1006.96,539.42,1067.87,671.41,0.6022
11304,188.588,1084,1739.75,469.51,1916.2,899.54,0.4538
11304,188.588,1095,1271.74,563.23,1320.75,652.66,0.5045
11304,188.588,1096,184.21,552.95,212.91,616.83,0.4327
11310,188.689,992,1489.23,358.86,1802.73,1072.99,0.8723
11310,188.689,1005,946.43,539.53,979.46,635.28,0.6282
11310,188.689,1007,732.3,544.03,800.16,672.02,0.6465
11310,188.689,1020,649.54,528.41,714.15,677.89,0.705
11310,188.689,1026,443.15,524.83,503.5,659.65,0.7226
11310,188.689,1048,864.19,547.0,895.34,624.92,0.6951
11310,188.689,1069,1202.86,551.95,1278.44,653.29,0.5277
11310,188.689,1076,1003.69,538.5,1063.42,674.37,0.6484
11310,188.689,1084,1734.26,466.69,1877.91,876.38,0.3293
11310,188.689,1095,1275.83,561.67,1334.11,652.83,0.5406
11310,188.689,1096,173.11,550.27,201.92,617.03,0.517
11316,188.789,992,1482.63,360.31,1785.51,1072.34,0.85
11316,188.789,1005,935.32,543.11,971.21,636.8,0.6486
11316,188.789,1007,732.74,545.73,796.03,671.69,0.6778
11316,188.789,1020,636.11,529.44,697.95,678.04,0.7732
11316,188.789,1026,436.7,523.0,496.09,661.48,0.6976
11316,188.789,1048,855.89,545.93,887.6,625.99,0.6306
11316,188.789,1069,1213.6,555.48,1268.42,654.96,0.5073
11316,188.789,1076,999.79,538.22,1059.66,675.6,0.6432
11316,188.789,1084,1722.93,465.48,1859.39,867.47,0.3013
11316,188.789,1095,1278.76,564.38,1333.82,659.49,0.4765
11316,188.789,1096,160.57,544.82,190.89,617.81,0.4983
11322,188.889,992,1471.3,369.95,1777.66,1074.81,0.8734
11322,188.889,1005,926.93,541.86,962.52,636.59,0.695
11322,188.889,1007,744.97,544.64,797.3,672.27,0.6994
11322,188.889,1020,625.56,532.23,680.46,678.18,0.6657
11322,188.889,1026,429.57,525.19,488.84,663.11,0.6506
11322,188.889,1048,848.37,547.56,878.42,626.67,0.5517
11322,188.889,1069,1216.78,565.52,1262.72,654.54,0.4768
11322,188.889,1076,993.32,537.86,1053.24,676.54,0.7143
11322,188.889,1095,1286.47,570.19,1331.71,661.97,0.5267
11322,188.889,1096,146.17,546.0,176.32,617.81,0.5749
11328,188.989,992,1462.98,377.53,1765.23,1076.54,0.8937
11328,188.989,1005,919.95,543.97,953.31,637.65,0.6445
11328,188.989,1007,752.88,543.93,803.94,673.19,0.7538
11328,188.989,1020,609.38,529.31,667.49,678.73,0.7388
11328,188.989,1026,418.69,525.89,481.72,664.28,0.7391
11328,188.989,1048,839.43,551.66,869.88,627.09,0.7289
11328,188.989,1069,1218.5,573.38,1258.0,655.33,0.4837
11328,188.989,1076,985.97,536.99,1048.45,678.44,0.7361
11328,188.989,1095,1291.39,574.98,1330.61,663.08,0.5334
11328,188.989,1096,130.15,542.66,162.04,618.4,0.4788
11328,188.989,1101,687.24,554.2,711.75,626.01,0.4244
11334,189.089,992,1453.59,387.5,1756.27,1076.16,0.9051
11334,189.089,1005,910.61,546.28,943.95,637.09,0.6329
11334,189.089,1007,750.84,541.65,810.26,676.22,0.7421
11334,189.089,1020,593.48,530.52,653.43,679.54,0.7827
11334,189.089,1026,411.05,528.2,472.7,664.46,0.7131
11334,189.089,1048,831.27,554.24,862.9,628.39,0.6985
11334,189.089,1069,1215.16,572.29,1263.6,658.84,0.5572
11334,189.089,1076,986.97,535.3,1045.14,680.41,0.6996
11334,189.089,1084,1678.71,472.42,1841.28,865.13,0.458
11334,189.089,1095,1289.51,576.97,1335.3,664.45,0.591
11334,189.089,1096,113.54,544.73,145.65,622.05,0.5555
11334,189.089,1101,677.53,556.69,702.93,632.94,0.506
11340,189.189,992,1445.13,397.03,1742.0,1074.21,0.9238
11340,189.189,1005,902.32,551.46,936.65,644.79,0.6625
11340,189.189,1007,749.56,542.74,812.24,679.97,0.6757
11340,189.189,1020,577.37,537.01,637.83,681.95,0.687
11340,189.189,1026,403.83,531.59,465.31,668.05,0.7164
11340,189.189,1048,826.04,554.05,855.12,626.81,0.4834
11340,189.189,1069,1209.17,563.84,1265.34,662.72,0.596
11340,189.189,1076,985.25,536.61,1043.44,682.48,0.6748
11340,189.189,1084,1659.38,474.56,1845.57,865.46,0.4359
11340,189.189,1095,1286.64,575.06,1328.96,666.74,0.5847
11340,189.189,1096,100.8,551.07,131.38,625.3,0.5457
11340,189.189,1101,665.14,562.41,690.47,634.33,0.5075
11346,189.289,992,1439.65,403.19,1734.75,1074.71,0.8936
11346,189.289,1005,895.69,552.72,928.07,647.49,0.6527
11346,189.289,1007,758.1,540.89,819.15,682.77,0.6546
11346,189.289,1020,565.97,537.4,628.56,683.86,0.6727
11346,189.289,1026,395.4,533.94,459.45,669.41,0.801
11346,189.289,1069,1209.21,563.6,1265.61,665.65,0.5969
11346,189.289,1076,981.5,536.22,1040.86,686.72,0.7262
11346,189.289,1084,1647.94,476.58,1838.14,861.8,0.537
11346,189.289,1095,1288.65,572.88,1326.49,666.68,0.6758
11346,189.289,1096,84.47,551.23,117.03,627.73,0.3886
11346,189.289,1101,651.92,559.42,679.95,634.98,0.5952
11352,189.389,992,1436.92,405.72,1719.5,1072.68,0.8708
11352,189.389,1005,884.8,553.91,921.51,650.35,0.6268
11352,189.389,1007,772.88,537.46,829.66,686.93,0.6601
11352,189.389,1020,557.73,537.17,616.25,685.32,0.7552
11352,189.389,1026,387.91,536.38,451.72,670.33,0.7892
11352,189.389,1069,1218.47,563.74,1269.3,664.23,0.5634
11352,189.389,1076,982.65,537.53,1037.28,689.15,0.6851
11352,189.389,1095,1286.62,572.87,1336.26,665.53,0.6362
11352,189.389,1096,68.17,552.8,101.59,629.03,0.557
11352,189.389,1101,642.42,558.15,670.63,638.73,0.6862
11358,189.489,992,1432.45,408.28,1692.09,1071.93,0.8626
11358,189.489,1005,876.31,555.01,915.24,650.59,0.7642
11358,189.489,1007,773.24,536.36,836.88,688.98,0.7062
11358,189.489,1020,551.17,538.56,604.46,686.38,0.79
11358,189.489,1026,380.93,537.66,445.08,672.33,0.7581
11358,189.489,1069,1218.89,563.06,1289.14,666.45,0.5793
11358,189.489,1076,986.55,535.6,1036.38,691.57,0.7598
11358,189.489,1084,1633.63,480.02,1791.9,867.14,0.4436
11358,189.489,1095,1288.32,572.26,1341.78,663.47,0.4483
11358,189.489,1096,53.78,554.49,85.0,629.68,0.4908
11358,189.489,1101,630.26,559.13,660.49,639.15,0.5591
11364,189.589,992,1426.16,411.82,1672.39,1070.94,0.8878
11364,189.589,1005,870.36,557.72,908.75,651.43,0.6807
11364,189.589,1007,770.16,538.2,842.51,691.47,0.7566
11364,189.589,1020,545.12,539.85,592.47,687.03,0.7414
11364,189.589,1026,376.48,539.31,440.47,673.29,0.7831
11364,189.589,1076,985.39,534.45,1040.24,693.43,0.7302
11364,189.589,1084,1613.43,482.15,1775.37,871.59,0.6498
11364,189.589,1095,1293.84,573.4,1341.93,663.21,0.5016
11364,189.589,1096,38.25,555.99,72.96,632.13,0.5832
11364,189.589,1101,619.35,560.65,651.59,638.34,0.7239
11364,189.589,1105,491.99,538.69,528.74,653.25,0.6991
11370,189.69,992,1419.13,413.72,1664.66,1071.51,0.847
11370,189.69,1005,867.69,557.88,904.29,652.22,0.6751
11370,189.69,1007,772.65,537.42,843.86,690.53,0.7163
11370,189.69,1020,539.1,541.13,584.95,688.18,0.7916
11370,189.69,1026,383.37,538.84,434.42,673.16,0.7433
11370,189.69,1069,1243.81,561.99,1295.02,665.94,0.6306
11370,189.69,1076,981.49,537.65,1034.8,693.71,0.6582
11370,189.69,1084,1608.64,483.8,1765.58,872.23,0.6792
11370,189.69,1095,1294.98,570.92,1342.56,664.99,0.5719
11370,189.69,1096,22.16,556.15,61.01,634.47,0.5733
11370,189.69,1101,612.95,561.41,645.57,638.78,0.681
11370,189.69,1105,472.67,543.03,510.54,653.42,0.8342
11376,189.79,992,1411.96,413.99,1694.61,1072.44,0.8042
11376,189.79,1005,864.07,558.21,900.37,651.97,0.5932
11376,189.79,1007,787.93,538.26,846.65,689.37,0.5665
11376,189.79,1020,534.13,543.43,578.85,689.74,0.7787
11376,189.79,1026,390.19,538.08,435.74,673.88,0.6974
11376,189.79,1069,1252.9,563.15,1290.17,664.08,0.5447
11376,189.79,1076,976.77,541.05,1032.47,693.92,0.6449
11376,189.79,1084,1601.55,483.45,1754.46,869.26,0.7493
11376,189.79,1095,1292.33,566.39,1335.35,663.27,0.6026
11376,189.79,1096,13.04,557.25,48.45,634.91,0.5346
11376,189.79,1101,607.4,561.3,639.59,639.39,0.6345
11376,189.79,1105,452.0,547.0,493.51,659.72,0.7366
11382,189.89,992,1410.08,412.68,1665.47,1070.25,0.8848
11382,189.89,1005,862.79,561.73,893.9,651.54,0.45
11382,189.89,1007,804.81,545.24,853.5,689.39,0.6349
11382,189.89,1020,530.6,542.66,576.59,686.98,0.7146
11382,189.89,1026,386.93,543.14,444.92,674.52,0.6048
11382,189.89,1048,788.04,562.03,818.58,636.66,0.5113
11382,189.89,1069,1256.34,563.12,1290.01,663.32,0.6128
11382,189.89,1076,976.26,542.7,1037.52,697.57,0.7252
11382,189.89,1084,1594.36,483.83,1745.3,876.59,0.3341
11382,189.89,1095,1289.23,566.66,1327.39,660.54,0.5872
11382,189.89,1096,9.42,557.86,40.1,635.66,0.3532
11382,189.89,1101,601.27,562.35,634.78,640.83,0.7253
11382,189.89,1105,434.65,547.92,476.39,669.12,0.5268
11388,189.99,992,1408.11,413.09,1650.39,1067.54,0.8646
11388,189.99,1007,808.92,549.57,872.63,691.16,0.7609
11388,189.99,1020,526.06,542.85,574.47,684.9,0.7176
11388,189.99,1026,384.28,543.18,455.06,675.57,0.7364
11388,189.99,1048,785.95,559.94,817.87,639.91,0.6497
11388,189.99,1069,1255.35,562.92,1292.03,663.9,0.6259
11388,189.99,1076,975.69,541.21,1037.15,700.7,0.7916
11388,189.99,1084,1590.87,486.99,1726.83,869.75,0.5271
11388,189.99,1095,1291.23,570.77,1325.55,652.71,0.4869
11388,189.99,1096,0.0,555.01,28.1,636.69,0.4682
11388,189.99,1101,596.99,563.63,630.71,643.39,0.7737
11394,190.09,992,1404.48,414.75,1644.12,1065.65,0.8949
11394,190.09,1007,809.74,551.24,884.55,692.81,0.7284
11394,190.09,1020,522.26,545.89,573.25,685.03,0.7362
11394,190.09,1026,381.32,548.94,455.3,678.27,0.7522
11394,190.09,1048,783.4,559.76,814.04,641.83,0.6896
11394,190.09,1069,1253.96,561.35,1290.58,664.58,0.6859
11394,190.09,1076,976.2,541.6,1039.36,704.91,0.7985
11394,190.09,1084,1583.42,488.03,1727.22,872.13,0.6539
11394,190.09,1095,1292.67,574.56,1325.74,654.82,0.5009
11394,190.09,1101,593.01,563.62,628.8,647.78,0.7709
11400,190.19,992,1401.64,415.89,1638.92,1065.84,0.8942
11400,190.19,1007,814.31,550.91,894.89,692.82,0.7318
11400,190.19,1020,516.67,545.67,570.38,685.27,0.7578
11400,190.19,1026,401.66,548.37,455.64,674.74,0.5262
11400,190.19,1048,781.97,559.46,809.74,642.07,0.5708
11400,190.19,1069,1251.02,560.82,1292.0,665.51,0.6727
11400,190.19,1076,977.16,540.78,1043.06,707.07,0.7684
11400,190.19,1084,1581.2,489.77,1724.21,872.53,0.7559
11400,190.19,1101,588.94,561.9,628.16,649.18,0.7964
11400,190.19,1105,384.37,551.23,429.7,674.48,0.5201
11406,190.29,992,1401.91,417.32,1640.65,1066.1,0.8902
11406,190.29,1007,833.33,547.96,903.66,691.39,0.704
11406,190.29,1020,511.95,548.75,565.94,685.44,0.7397
11406,190.29,1026,411.03,545.38,456.89,674.6,0.6774
11406,190.29,1048,779.17,558.18,806.75,643.84,0.586
11406,190.29,1069,1252.83,560.08,1292.81,665.76,0.5946
11406,190.29,1076,979.92,541.69,1042.32,708.99,0.7385
11406,190.29,1084,1581.63,492.8,1721.38,873.21,0.7684
11406,190.29,1095,1291.51,579.58,1325.0,658.39,0.5004
11406,190.29,1101,588.56,561.89,627.01,648.8,0.7563
11406,190.29,1105,374.2,554.05,416.16,666.89,0.67
11412,190.39,992,1404.52,418.73,1638.51,1067.12,0.8844
11412,190.39,1007,849.1,552.81,909.37,692.82,0.6483
11412,190.39,1020,509.31,547.83,559.11,684.82,0.7634
11412,190.39,1026,423.82,545.19,466.87,674.97,0.7703
11412,190.39,1048,777.09,558.24,806.82,644.98,0.5682
11412,190.39,1069,1256.39,561.1,1299.44,663.36,0.6105
11412,190.39,1076,984.09,543.1,1041.4,710.55,0.7478
11412,190.39,1084,1583.02,494.7,1719.13,875.74,0.8031
11412,190.39,1101,593.56,563.44,627.29,648.41,0.7398
11412,190.39,1105,368.83,548.93,411.67,667.04,0.7564
11418,190.49,992,1408.39,420.65,1639.92,1068.09,0.894
11418,190.49,1005,843.28,562.67,875.82,655.41,0.4966
11418,190.49,1007,859.9,554.66,927.11,693.3,0.7679
11418,190.49,1020,508.99,550.66,554.29,684.27,0.6985
11418,190.49,1026,427.73,546.85,477.28,676.12,0.7759
11418,190.49,1048,777.51,563.41,805.13,646.22,0.5015
11418,190.49,1069,1260.36,560.51,1302.27,665.93,0.6027
11418,190.49,1076,988.42,543.94,1047.38,715.04,0.689
11418,190.49,1084,1583.37,497.0,1718.57,874.09,0.7989
11418,190.49,1101,601.51,565.02,628.83,650.83,0.6977
11418,190.49,1105,366.56,551.18,405.86,667.24,0.7641
11424,190.59,992,1411.64,421.41,1640.86,1068.55,0.8943
11424,190.59,1005,835.54,562.79,868.02,653.55,0.7026
11424,190.59,1007,865.98,556.99,947.46,696.12,0.9033
11424,190.59,1020,507.99,553.31,552.19,685.66,0.7732
11424,190.59,1026,428.75,548.86,489.28,677.6,0.7454
11424,190.59,1048,776.11,565.78,805.71,648.0,0.59
11424,190.59,1069,1264.97,562.02,1303.39,667.36,0.6031
11424,190.59,1076,995.72,551.94,1059.89,716.05,0.6078
11424,190.59,1084,1582.51,499.58,1715.79,876.76,0.7522
11424,190.59,1101,605.41,563.73,632.71,651.81,0.5747
11424,190.59,1105,364.49,553.15,399.81,667.92,0.7147
11424,190.59,1112,990.42,559.3,1020.12,663.92,0.4354
11430,190.691,992,1416.97,421.35,1646.1,1068.78,0.8766
11430,190.691,1005,829.53,563.56,861.56,653.14,0.6981
11430,190.691,1007,874.68,558.87,955.0,696.8,0.661
11430,190.691,1020,508.89,555.85,552.28,686.17,0.7287
11430,190.691,1026,438.48,548.81,496.07,678.78,0.7248
11430,190.691,1048,774.99,566.44,803.81,648.09,0.6423
11430,190.691,1069,1270.12,564.63,1305.43,667.7,0.4988
11430,190.691,1076,999.66,556.99,1072.8,718.98,0.7355
11430,190.691,1084,1582.38,500.7,1714.67,876.61,0.7577
11430,190.691,1101,607.76,564.25,635.23,653.38,0.6228
11430,190.691,1105,361.94,555.09,394.96,668.07,0.6802
11430,190.691,1112,990.7,560.78,1022.47,666.26,0.6127
11436,190.791,992,1419.1,421.31,1643.43,1068.82,0.8718
11436,190.791,1005,821.17,563.41,856.41,654.26,0.6807
11436,190.791,1007,893.5,556.82,960.52,695.66,0.7007
11436,190.791,1020,511.99,558.37,553.4,687.85,0.7795
11436,190.791,1026,453.62,549.13,500.03,678.32,0.7119
11436,190.791,1048,773.18,566.72,802.11,649.11,0.567
11436,190.791,1069,1273.34,565.82,1307.16,667.18,0.4842
11436,190.791,1076,1008.81,557.05,1081.07,718.51,0.733
11436,190.791,1084,1581.57,499.97,1713.1,876.17,0.7255
11436,190.791,1101,608.14,563.36,635.34,654.67,0.576
11436,190.791,1105,359.8,554.92,389.95,667.07,0.6271
11436,190.791,1112,988.72,560.45,1022.39,663.42,0.6787
11436,190.791,1115,1655.14,667.77,1842.33,894.62,0.4539
11442,190.891,992,1418.57,421.08,1638.73,1068.47,0.8655
11442,190.891,1005,813.09,563.82,848.17,655.88,0.7083
11442,190.891,1007,912.6,554.87,966.82,695.69,0.692
11442,190.891,1020,514.73,557.39,556.27,688.23,0.8057
11442,190.891,1026,461.53,549.54,504.15,680.71,0.7347
11442,190.891,1048,771.6,569.17,799.01,649.03,0.6733
11442,190.891,1069,1274.28,570.56,1315.12,666.83,0.5882
11442,190.891,1076,1023.08,556.8,1085.55,718.19,0.7065
11442,190.891,1084,1580.1,498.83,1710.3,874.52,0.7278
11442,190.891,1101,607.11,568.54,633.94,654.51,0.6445
11442,190.891,1105,355.54,552.92,387.29,668.47,0.6975
11442,190.891,1112,989.58,559.74,1021.79,664.49,0.7688
11448,190.991,992,1413.46,420.4,1638.39,1068.34,0.8531
11448,190.991,1005,805.12,564.26,838.65,653.83,0.5948
11448,190.991,1007,916.68,553.77,973.1,698.14,0.7324
11448,190.991,1020,515.28,557.29,558.69,685.7,0.7951
11448,190.991,1026,464.42,549.85,508.07,681.7,0.7437
11448,190.991,1048,768.37,568.94,795.79,648.49,0.6413
11448,190.991,1069,1272.51,577.03,1315.16,666.06,0.5687
11448,190.991,1076,1035.86,550.36,1093.62,718.14,0.7713
11448,190.991,1084,1578.96,497.89,1706.57,874.11,0.6224
11448,190.991,1101,605.3,571.59,633.07,655.32,0.7592
11448,190.991,1105,350.08,555.93,383.21,670.45,0.7693
11448,190.991,1112,988.95,557.72,1021.48,665.6,0.775
11454,191.091,992,1409.28,419.49,1637.8,1066.75,0.8661
11454,191.091,1005,795.0,564.36,829.89,654.04,0.7041
11454,191.091,1007,921.64,557.21,977.55,699.45,0.6799
11454,191.091,1020,515.01,556.81,557.98,683.86,0.7654
11454,191.091,1026,466.31,549.61,508.67,681.62,0.6939
11454,191.091,1048,763.68,573.03,794.43,649.23,0.5647
11454,191.091,1069,1265.5,577.68,1309.26,666.85,0.5319
11454,191.091,1076,1041.13,546.32,1108.76,717.3,0.7968
11454,191.091,1084,1576.07,497.61,1703.17,870.82,0.5567
11454,191.091,1101,601.95,569.92,632.19,656.33,0.8051
11454,191.091,1105,345.68,558.26,380.57,671.03,0.7312
11454,191.091,1112,986.4,556.01,1020.07,664.44,0.7464
11460,191.191,992,1405.31,419.77,1669.86,1064.89,0.8366
11460,191.191,1005,785.97,563.91,823.34,656.25,0.5836
11460,191.191,1007,927.71,559.97,978.37,698.1,0.6779
11460,191.191,1020,515.58,556.31,557.69,684.14,0.7648
11460,191.191,1026,469.4,548.66,508.24,679.47,0.7027
11460,191.191,1048,760.57,574.58,789.01,650.9,0.4199
11460,191.191,1069,1261.83,576.01,1309.51,666.54,0.6301
11460,191.191,1076,1046.36,547.47,1119.9,716.38,0.7838
11460,191.191,1084,1574.61,496.59,1698.28,870.57,0.5223
11460,191.191,1101,598.5,571.49,629.59,653.8,0.7903
11460,191.191,1105,342.25,556.16,378.77,671.56,0.6657
11460,191.191,1112,984.44,555.49,1020.38,663.53,0.62
11466,191.291,992,1404.41,419.18,1684.24,1065.21,0.8538
11466,191.291,1005,783.89,563.51,818.08,656.82,0.4255
11466,191.291,1007,932.51,563.1,979.27,698.26,0.7396
11466,191.291,1020,517.18,557.41,559.28,685.18,0.798
11466,191.291,1026,468.83,549.7,507.93,679.04,0.7313
11466,191.291,1048,759.9,573.08,791.15,653.88,0.526
11466,191.291,1069,1259.58,575.07,1306.34,666.89,0.6908
11466,191.291,1076,1052.73,552.61,1125.76,716.76,0.7093
11466,191.291,1084,1575.73,496.88,1697.43,868.2,0.41
11466,191.291,1101,597.0,571.69,627.97,656.19,0.8304
11466,191.291,1105,339.7,557.91,376.78,671.01,0.5992
11466,191.291,1112,983.5,555.51,1021.35,663.84,0.5749
11472,191.391,992,1404.41,417.18,1690.07,1066.06,0.838
11472,191.391,1005,782.66,561.91,813.27,656.29,0.4442
11472,191.391,1007,939.1,563.28,982.74,699.84,0.7409
11472,191.391,1020,518.18,559.8,562.4,684.7,0.806
11472,191.391,1026,467.31,551.54,507.28,679.04,0.7679
11472,191.391,1048,759.22,567.54,790.26,654.53,0.5169
11472,191.391,1069,1256.97,570.35,1302.25,667.31,0.6503
11472,191.391,1076,1066.06,553.67,1125.91,715.04,0.7484
11472,191.391,1084,1575.14,497.0,1722.04,870.67,0.3453
11472,191.391,1101,595.3,572.03,625.7,656.17,0.7807
11472,191.391,1105,337.84,559.04,376.49,672.01,0.7032
11472,191.391,1112,981.81,556.84,1022.09,663.21,0.6444
11472,191.391,1120,763.97,562.51,808.33,655.77,0.3713
11478,191.491,992,1407.57,416.76,1693.05,1066.78,0.859
11478,191.491,1007,941.43,561.98,981.95,699.76,0.7173
11478,191.491,1020,521.05,559.08,562.32,684.48,0.8073
11478,191.491,1026,464.72,553.81,506.82,680.02,0.775
11478,191.491,1048,758.53,564.01,795.85,654.32,0.6183
11478,191.491,1069,1254.08,569.96,1298.59,667.09,0.7191
11478,191.491,1076,1075.81,555.63,1123.0,714.12,0.6985
11478,191.491,1084,1577.14,498.99,1734.84,874.3,0.3413
11478,191.491,1101,592.36,572.51,622.53,653.25,0.7891
11478,191.491,1105,337.75,560.95,375.9,671.43,0.7007
11478,191.491,1112,982.25,558.07,1020.97,661.63,0.6014
11478,191.491,1121,1383.74,566.33,1418.93,680.82,0.5265
11484,191.591,992,1410.61,419.01,1691.39,1067.99,0.7954
11484,191.591,1007,943.4,558.11,981.43,699.98,0.666
11484,191.591,1020,522.85,559.56,562.3,684.28,0.814
11484,191.591,1026,458.88,554.95,505.58,681.84,0.7837
11484,191.591,1048,757.33,562.5,797.13,657.24,0.7333
11484,191.591,1069,1251.0,570.31,1293.83,666.92,0.7151
11484,191.591,1076,1081.6,555.64,1122.73,714.66,0.668
11484,191.591,1101,588.03,577.3,618.56,651.91,0.6692
11484,191.591,1105,337.68,559.97,376.21,671.4,0.6636
11484,191.591,1112,984.31,560.2,1020.67,662.57,0.5707
11484,191.591,1121,1381.78,570.41,1415.74,680.22,0.524
11490,191.691,992,1410.26,419.93,1691.91,1068.12,0.8337
11490,191.691,1007,944.21,555.09,984.19,701.12,0.7321
11490,191.691,1020,522.5,560.03,561.8,684.08,0.7847
11490,191.691,1026,452.73,554.34,503.67,682.15,0.751
11490,191.691,1048,755.24,560.99,795.42,658.98,0.7829
11490,191.691,1069,1246.59,569.29,1288.94,666.22,0.6604
11490,191.691,1076,1079.79,555.66,1123.07,716.13,0.7007
11490,191.691,1101,583.76,574.82,616.4,651.07,0.6658
11490,191.691,1105,336.96,560.46,375.05,671.71,0.6627
11490,191.691,1112,985.35,561.39,1021.3,662.64,0.6774
11490,191.691,1121,1371.29,568.81,1411.42,679.88,0.4839
11496,191.792,992,1406.76,420.95,1690.96,1068.08,0.8178
11496,191.792,1007,943.79,555.04,984.07,702.43,0.7603
11496,191.792,1020,520.43,561.11,559.52,684.82,0.7207
11496,191.792,1026,444.29,554.72,499.49,683.35,0.7755
11496,191.792,1048,753.07,560.23,791.47,660.35,0.6923
11496,191.792,1069,1244.24,569.29,1286.46,667.28,0.7007
11496,191.792,1076,1076.28,555.0,1124.38,717.41,0.7635
11496,191.792,1101,579.12,577.68,612.74,653.42,0.6274
11496,191.792,1105,330.48,560.4,373.9,672.05,0.6657
11496,191.792,1112,985.07,564.11,1022.24,664.12,0.6447
11496,191.792,1121,1362.23,568.15,1409.79,681.48,0.5935
11502,191.892,992,1401.49,421.2,1684.85,1068.3,0.8068
11502,191.892,1007,938.67,557.61,985.66,701.04,0.7284
11502,191.892,1020,519.14,563.13,556.25,686.64,0.6903
11502,191.892,1026,437.44,556.84,498.65,684.31,0.7938
11502,191.892,1048,748.17,559.89,789.66,661.19,0.6725
11502,191.892,1069,1239.06,568.72,1282.17,668.45,0.7196
11502,191.892,1076,1072.33,553.64,1125.96,719.18,0.7589
11502,191.892,1084,1588.72,504.6,1742.6,873.05,0.319
11502,191.892,1101,572.65,580.95,608.15,656.47,0.6947
11502,191.892,1105,324.08,562.36,374.66,673.5,0.7303
11502,191.892,1112,989.58,563.18,1023.89,665.38,0.5998
11502,191.892,1121,1357.36,572.69,1406.77,681.28,0.701
11508,191.992,992,1404.26,423.0,1683.89,1068.28,0.8406
11508,191.992,1007,934.91,558.2,987.68,701.62,0.7476
11508,191.992,1020,514.44,564.28,553.71,688.71,0.6135
11508,191.992,1026,430.52,556.37,494.48,685.24,0.748
11508,191.992,1048,742.32,560.11,784.14,660.52,0.7282
11508,191.992,1069,1232.77,570.25,1272.58,671.0,0.5938
11508,191.992,1076,1066.74,555.57,1126.22,724.49,0.7765
11508,191.992,1101,563.31,588.95,601.05,658.33,0.4495
11508,191.992,1105,319.69,562.87,373.7,675.07,0.6398
11508,191.992,1112,993.68,566.57,1026.26,666.43,0.6486
11508,191.992,1121,1353.27,572.62,1398.46,679.47,0.5882
11514,192.092,992,1411.73,424.79,1686.74,1068.69,0.8212
11514,192.092,1007,931.26,562.76,987.67,703.35,0.7521
11514,192.092,1020,512.26,563.19,550.06,690.23,0.6403
11514,192.092,1026,421.06,555.78,476.65,686.76,0.8291
11514,192.092,1048,737.99,563.55,779.31,659.58,0.5949
11514,192.092,1069,1230.01,570.35,1267.85,670.73,0.6603
11514,192.092,1076,1059.46,556.92,1122.2,727.28,0.7523
11514,192.092,1084,1595.99,507.04,1744.44,870.33,0.3379
11514,192.092,1101,551.55,595.16,592.42,655.37,0.4539
11514,192.092,1105,313.45,564.38,367.46,677.52,0.6643
11514,192.092,1112,997.72,569.57,1028.51,667.84,0.5993
11514,192.092,1121,1347.6,572.67,1386.16,681.71,0.5536
11520,192.192,992,1418.51,428.03,1692.35,1070.31,0.8639
11520,192.192,1005,756.1,575.05,785.53,652.15,0.4036
11520,192.192,1007,928.51,568.85,984.29,704.49,0.6888
11520,192.192,1020,509.3,564.93,546.87,690.01,0.5233
11520,192.192,1026,413.51,556.29,462.01,687.71,0.7137
11520,192.192,1069,1224.25,572.33,1267.55,670.95,0.6255
11520,192.192,1076,1055.01,558.71,1118.01,728.31,0.7629
11520,192.192,1084,1597.78,504.56,1742.47,868.2,0.3453
11520,192.192,1105,303.82,564.1,352.82,676.4,0.6711
11520,192.192,1112,1002.41,572.17,1034.66,668.57,0.5916
11520,192.192,1121,1342.71,570.96,1376.74,684.45,0.7025
11526,192.292,992,1422.05,433.78,1681.91,1071.45,0.8466
11526,192.292,1005,754.69,572.78,784.45,651.89,0.4272
11526,192.292,1007,925.59,573.22,982.07,706.78,0.7139
11526,192.292,1020,505.34,564.99,555.4,689.93,0.6606
11526,192.292,1026,398.52,557.13,456.26,689.84,0.759
11526,192.292,1069,1221.66,572.96,1268.62,670.31,0.4538
11526,192.292,1076,1055.47,556.08,1123.94,730.99,0.758
11526,192.292,1084,1587.98,500.37,1732.97,862.79,0.3847
11526,192.292,1105,293.42,559.44,335.02,674.97,0.5725
11526,192.292,1112,1009.04,571.95,1042.6,669.45,0.6487
11526,192.292,1121,1333.36,569.96,1372.19,684.09,0.6937
11526,192.292,1122,717.83,570.37,755.13,662.56,0.6181
11532,192.392,992,1422.66,436.25,1671.77,1073.36,0.8319
11532,192.392,1005,752.44,573.94,782.96,654.06,0.4782
11532,192.392,1007,924.12,574.26,978.3,709.94,0.781
11532,192.392,1020,501.27,562.93,556.19,688.68,0.6843
11532,192.392,1026,389.79,559.74,452.56,690.04,0.793
11532,192.392,1069,1226.38,574.13,1267.87,672.78,0.4527
11532,192.392,1076,1054.62,557.03,1129.16,735.33,0.6876
11532,192.392,1084,1607.93,500.47,1729.78,855.09,0.5345
11532,192.392,1105,279.0,559.28,322.04,672.08,0.7139
11532,192.392,1112,1013.37,572.64,1049.46,668.95,0.6278
11532,192.392,1121,1321.6,570.94,1371.86,684.9,0.6104
11532,192.392,1122,710.61,575.17,754.78,663.31,0.6329
11538,192.492,992,1436.8,438.23,1674.08,1075.34,0.8183
11538,192.492,1005,754.53,570.5,784.53,655.91,0.6808
11538,192.492,1007,918.75,568.33,975.15,709.85,0.7466
11538,192.492,1020,491.69,561.74,547.51,689.28,0.6809
11538,192.492,1026,379.19,562.28,441.64,689.41,0.7359
11538,192.492,1069,1228.45,575.82,1266.18,674.02,0.4547
11538,192.492,1076,1053.18,557.6,1131.05,739.86,0.7273
11538,192.492,1084,1606.73,494.97,1736.08,861.29,0.5817
11538,192.492,1105,263.51,564.08,317.07,673.78,0.6636
11538,192.492,1112,1018.82,570.91,1055.31,670.17,0.4437
11538,192.492,1121,1308.17,571.91,1372.06,686.82,0.6599
11538,192.492,1122,703.98,571.32,750.68,664.96,0.7197
11544,192.592,992,1449.73,434.61,1673.43,1073.99,0.8394
11544,192.592,1005,756.68,570.15,786.71,656.92,0.6331
11544,192.592,1007,910.63,563.5,976.03,714.39,0.7696
11544,192.592,1020,480.7,563.26,543.11,690.22,0.7034
11544,192.592,1026,368.25,563.78,422.85,688.09,0.695
11544,192.592,1069,1226.68,578.2,1264.12,672.92,0.6715
11544,192.592,1076,1040.63,555.54,1134.04,742.1,0.6759
11544,192.592,1084,1613.47,493.34,1742.68,859.75,0.6285
11544,192.592,1105,251.8,563.59,315.08,674.6,0.6658
11544,192.592,1121,1304.75,571.43,1369.97,687.3,0.6935
11544,192.592,1122,700.5,571.45,739.47,663.82,0.714
11550,192.692,992,1453.46,430.7,1674.91,1073.87,0.8362
11550,192.692,1005,759.37,572.65,791.0,658.65,0.5596
11550,192.692,1007,903.53,562.41,972.09,715.74,0.7466
11550,192.692,1020,475.42,565.83,542.03,690.16,0.7126
11550,192.692,1026,352.46,560.67,414.8,690.65,0.7884
11550,192.692,1069,1223.57,577.91,1262.99,674.31,0.6911
11550,192.692,1076,1034.59,553.65,1121.13,744.21,0.7846
11550,192.692,1084,1626.56,492.51,1752.58,854.98,0.6143
11550,192.692,1105,240.35,563.1,305.33,675.77,0.7065
11550,192.692,1121,1307.43,574.18,1361.9,686.95,0.62
11550,192.692,1122,692.88,570.3,727.36,660.71,0.6698
11550,192.692,1128,1193.1,581.87,1225.06,669.74,0.5586
11556,192.793,992,1455.16,426.97,1678.4,1073.62,0.8612
11556,192.793,1005,764.45,575.06,795.15,658.73,0.5691
11556,192.793,1007,892.83,562.11,960.39,720.37,0.7614
11556,192.793,1020,471.57,563.88,536.96,691.84,0.7284
11556,192.793,1026,340.99,559.94,409.69,691.02,0.7055
11556,192.793,1069,1223.72,576.96,1265.77,674.84,0.6787
11556,192.793,1076,1033.61,551.7,1104.41,747.78,0.7858
11556,192.793,1084,1639.39,492.22,1770.35,853.81,0.6732
11556,192.793,1105,228.38,561.0,288.24,675.65,0.5391
11556,192.793,1115,1640.2,498.68,1836.42,864.12,0.5078
11556,192.793,1121,1307.49,574.62,1352.12,684.8,0.7221
11556,192.793,1122,686.85,572.09,725.31,661.65,0.7476
11556,192.793,1128,1190.18,584.02,1226.95,672.73,0.5421
11562,192.893,992,1456.95,424.4,1675.03,1074.3,0.8711
11562,192.893,1005,771.47,579.47,802.43,658.13,0.5475
11562,192.893,1007,882.58,555.33,949.42,723.11,0.7444
11562,192.893,1020,475.18,564.24,525.35,690.93,0.6873
11562,192.893,1026,328.48,560.16,383.73,693.51,0.6333
11562,192.893,1069,1229.62,575.85,1268.54,675.94,0.6104
11562,192.893,1076,1028.78,552.52,1103.24,753.3,0.7662
11562,192.893,1084,1650.33,491.14,1788.75,852.93,0.75
11562,192.893,1105,212.76,559.59,279.84,677.0,0.6988
11562,192.893,1121,1305.82,574.59,1347.08,684.64,0.7058
11562,192.893,1122,677.3,575.27,727.17,663.23,0.7735
11562,192.893,1128,1187.95,587.99,1226.16,673.82,0.6135
11568,192.993,992,1459.91,422.81,1676.62,1076.18,0.8851
11568,192.993,1007,876.58,552.74,942.05,729.0,0.7733
11568,192.993,1020,475.48,564.67,516.8,691.45,0.6629
11568,192.993,1026,315.5,558.71,372.84,696.76,0.6867
11568,192.993,1069,1234.19,576.4,1273.08,677.82,0.7464
11568,192.993,1076,1021.89,556.39,1105.93,757.18,0.8272
11568,192.993,1105,205.77,560.81,269.62,676.0,0.6533
11568,192.993,1115,1656.06,490.1,1852.35,866.69,0.7225
11568,192.993,1120,776.47,575.59,821.39,659.42,0.5365
11568,192.993,1121,1304.06,575.18,1346.14,686.41,0.7388
11568,192.993,1122,673.68,581.81,723.61,662.96,0.6962
11568,192.993,1128,1188.8,588.47,1221.46,674.34,0.5015
11574,193.093,992,1464.25,420.13,1684.81,1075.06,0.8899
11574,193.093,1007,870.58,554.82,933.58,732.51,0.7955
11574,193.093,1020,469.01,564.77,516.46,693.43,0.6479
11574,193.093,1026,297.61,556.5,366.08,699.13,0.7546
11574,193.093,1069,1238.87,576.78,1279.39,680.58,0.7054
11574,193.093,1076,1017.89,565.59,1104.92,760.3,0.7547
11574,193.093,1105,199.6,569.34,250.58,676.91,0.5631
11574,193.093,1115,1672.36,487.9,1846.25,858.71,0.8722
11574,193.093,1120,784.04,576.24,822.86,659.26,0.6888
11574,193.093,1121,1305.08,576.91,1348.9,688.82,0.7294
11574,193.093,1122,669.64,581.66,715.61,663.43,0.5858
11574,193.093,1128,1186.61,588.06,1217.22,674.32,0.5094
11580,193.193,992,1474.12,420.64,1695.53,1074.02,0.8954
11580,193.193,1007,866.34,555.2,923.59,735.54,0.7497
11580,193.193,1020,463.24,562.75,520.82,694.82,0.6803
11580,193.193,1026,281.38,557.1,358.86,701.5,0.6967
11580,193.193,1069,1244.32,576.68,1285.83,681.78,0.6991
11580,193.193,1076,1014.87,568.62,1098.38,762.51,0.6566
11580,193.193,1105,181.48,564.95,246.62,678.91,0.6564
11580,193.193,1115,1684.94,488.51,1858.62,863.42,0.8609
11580,193.193,1120,793.62,580.72,829.85,660.78,0.6005
11580,193.193,1121,1306.82,578.19,1353.6,691.5,0.7035
11580,193.193,1122,666.54,587.12,712.74,665.25,0.5966
11580,193.193,1128,1186.85,589.39,1218.87,675.89,0.5906
11586,193.293,992,1490.28,420.76,1708.65,1074.07,0.8913
11586,193.293,1007,858.17,551.18,926.17,738.78,0.7978
11586,193.293,1020,467.52,565.46,520.29,696.05,0.6217
11586,193.293,1026,269.59,561.02,333.22,703.36,0.6154
11586,193.293,1069,1252.16,574.76,1292.56,683.59,0.8283
11586,193.293,1076,1016.56,570.11,1097.22,763.82,0.6262
11586,193.293,1105,174.45,566.36,241.31,679.39,0.5567
11586,193.293,1115,1702.84,488.24,1876.24,879.48,0.7895
11586,193.293,1120,805.32,583.53,837.16,660.89,0.5972
11586,193.293,1121,1315.96,578.5,1358.44,692.13,0.7078
11586,193.293,1122,662.87,589.78,711.32,664.59,0.5931
11586,193.293,1128,1186.7,587.21,1222.46,678.1,0.601
11592,193.393,992,1507.61,421.59,1722.61,1074.51,0.866
11592,193.393,1007,843.35,550.86,930.25,745.38,0.7573
11592,193.393,1020,472.62,566.59,513.87,695.47,0.6439
11592,193.393,1026,245.54,557.79,322.33,703.37,0.7514
11592,193.393,1069,1260.59,576.94,1302.05,685.89,0.7032
11592,193.393,1076,1013.53,567.88,1095.43,770.57,0.6636
11592,193.393,1105,173.03,574.8,221.63,679.13,0.5976
11592,193.393,1115,1727.67,487.12,1896.17,882.93,0.8249
11592,193.393,1120,818.44,582.83,844.81,662.57,0.3063
11592,193.393,1121,1322.88,575.7,1361.86,691.86,0.6426
11592,193.393,1122,660.38,589.91,703.87,665.29,0.4232
11592,193.393,1128,1190.19,588.92,1226.53,677.91,0.6562
11598,193.493,992,1523.71,420.72,1734.41,1073.0,0.8727
11598,193.493,1007,835.01,558.24,912.4,749.57,0.7413
11598,193.493,1020,472.95,567.19,515.57,696.1,0.7659
11598,193.493,1026,227.83,556.13,319.79,707.15,0.7512
11598,193.493,1069,1269.89,580.35,1310.59,689.09,0.748
11598,193.493,1076,1013.11,569.21,1093.83,774.37,0.701
11598,193.493,1105,166.23,573.13,214.3,678.36,0.6153
11598,193.493,1115,1746.34,487.29,1915.6,887.24,0.807
11598,193.493,1121,1331.97,577.81,1370.05,690.86,0.6445
11598,193.493,1122,654.27,581.62,701.26,665.62,0.5667
11598,193.493,1128,1193.53,591.48,1228.1,678.36,0.6584
11604,193.593,992,1537.72,418.93,1751.42,1071.74,0.873
11604,193.593,1007,829.91,552.69,909.26,754.26,0.7626
11604,193.593,1020,465.48,569.07,526.42,697.74,0.7127
11604,193.593,1026,219.6,558.34,305.21,710.87,0.6071
11604,193.593,1069,1279.7,581.5,1319.7,690.0,0.6492
11604,193.593,1076,1014.07,567.24,1097.34,778.9,0.7174
11604,193.593,1105,156.33,569.26,208.76,680.19,0.476
11604,193.593,1115,1765.53,488.49,1920.0,883.96,0.8288
11604,193.593,1121,1342.95,582.46,1375.64,690.7,0.6654
11604,193.593,1122,651.95,579.9,696.87,666.63,0.6583
11604,193.593,1128,1198.63,594.01,1232.65,679.15,0.6053
11610,193.694,992,1544.55,417.53,1761.09,1071.2,0.8572
11610,193.694,1007,822.33,549.53,904.26,760.4,0.7522
11610,193.694,1020,466.67,572.23,534.84,698.19,0.7287
11610,193.694,1026,206.73,557.17,284.28,712.02,0.6591
11610,193.694,1069,1289.04,581.95,1329.56,690.8,0.7798
11610,193.694,1076,1009.93,559.55,1090.16,784.58,0.6673
11610,193.694,1105,152.63,568.18,197.54,676.62,0.572
11610,193.694,1115,1781.78,490.58,1920.0,893.91,0.7388
11610,193.694,1121,1349.62,588.9,1385.07,692.84,0.509
11610,193.694,1122,649.18,580.95,694.12,665.23,0.5764
11610,193.694,1128,1200.02,591.8,1239.14,680.97,0.6535
11616,193.794,992,1554.44,417.11,1756.99,1069.29,0.856
11616,193.794,1007,807.46,551.86,883.08,766.92,0.7483
11616,193.794,1020,472.69,573.36,533.3,697.68,0.7553
11616,193.794,1026,179.03,552.82,273.8,714.5,0.7898
11616,193.794,1069,1296.74,578.89,1337.73,687.65,0.7615
11616,193.794,1076,999.3,551.38,1082.61,792.06,0.7687
11616,193.794,1115,1794.52,488.09,1920.0,903.27,0.8248
11616,193.794,1120,872.09,589.98,902.05,666.91,0.4312
11616,193.794,1121,1356.48,585.05,1394.83,694.31,0.7133
11616,193.794,1122,648.48,582.83,686.34,666.58,0.6335
11616,193.794,1128,1201.22,592.35,1236.67,680.44,0.664
11616,193.794,1143,1083.75,575.05,1128.07,679.51,0.5147
11622,193.894,992,1563.29,418.93,1741.91,1069.63,0.8315
11622,193.894,1007,792.04,556.25,860.73,770.15,0.7534
11622,193.894,1020,479.77,574.37,524.26,698.09,0.6679
11622,193.894,1026,162.48,554.57,259.98,715.82,0.4953
11622,193.894,1069,1303.98,580.62,1344.76,689.79,0.6621
11622,193.894,1076,987.79,552.41,1077.63,799.13,0.7315
11622,193.894,1115,1807.04,488.77,1920.0,893.11,0.8674
11622,193.894,1120,880.07,590.86,910.78,669.24,0.6669
11622,193.894,1121,1362.67,586.26,1401.46,694.73,0.6789
11622,193.894,1122,639.68,585.81,681.93,667.25,0.6812
11622,193.894,1128,1199.79,595.4,1233.87,682.32,0.632
11622,193.894,1143,1090.13,581.84,1137.92,679.2,0.4276
11622,193.894,1145,1696.92,507.68,1791.04,894.92,0.642
11628,193.994,992,1564.8,421.36,1731.28,1068.3,0.6699
11628,193.994,1007,767.34,552.53,859.2,776.89,0.7647
11628,193.994,1020,481.4,573.7,520.05,698.68,0.6615
11628,193.994,1069,1311.1,582.27,1353.22,691.38,0.7439
11628,193.994,1076,974.63,552.63,1065.34,803.06,0.7577
11628,193.994,1105,139.27,562.34,203.55,711.57,0.5614
11628,193.994,1112,1192.7,588.56,1234.89,687.64,0.6342
11628,193.994,1115,1819.15,489.8,1920.0,893.01,0.8141
11628,193.994,1120,886.99,592.18,920.53,669.19,0.6925
11628,193.994,1121,1366.46,583.96,1410.82,696.02,0.6059
11628,193.994,1122,633.38,584.46,681.31,667.28,0.6451
11628,193.994,1143,1092.1,582.7,1139.85,679.95,0.4921
11628,193.994,1145,1702.14,508.44,1802.29,900.53,0.592
11634,194.094,992,1560.72,424.4,1735.47,1068.87,0.776
11634,194.094,1007,733.81,547.51,850.91,785.73,0.8086
11634,194.094,1020,466.92,574.88,522.45,700.08,0.6755
11634,194.094,1069,1317.75,584.99,1359.65,693.67,0.7391
11634,194.094,1076,962.99,544.4,1049.87,810.79,0.771
11634,194.094,1105,115.01,556.84,198.85,719.1,0.8111
11634,194.094,1115,1821.4,490.86,1920.0,893.01,0.8082
11634,194.094,1120,896.14,590.69,927.76,669.59,0.6262
11634,194.094,1121,1369.82,584.26,1414.96,699.37,0.6657
11634,194.094,1122,626.78,584.14,665.39,669.71,0.5763
11634,194.094,1128,1188.2,593.2,1231.46,687.95,0.5331
11634,194.094,1143,1094.26,582.34,1135.66,682.2,0.5851
11634,194.094,1145,1707.69,508.95,1808.5,902.28,0.5989
11640,194.194,992,1557.74,425.01,1748.49,1068.94,0.7999
11640,194.194,1007,665.57,548.46,829.97,793.87,0.5926
11640,194.194,1020,465.12,575.93,527.56,700.45,0.7199
11640,194.194,1069,1323.22,585.67,1363.89,696.86,0.7554
11640,194.194,1076,948.53,537.34,1036.96,822.49,0.769
11640,194.194,1105,78.74,554.16,193.36,723.69,0.725
11640,194.194,1115,1825.33,490.72,1919.31,888.75,0.8056
11640,194.194,1120,903.05,592.29,934.02,669.94,0.7129
11640,194.194,1121,1371.91,582.56,1421.84,699.38,0.6324
11640,194.194,1122,619.04,586.91,657.16,667.21,0.4308
11640,194.194,1128,1183.65,596.8,1220.26,685.72,0.6007
11640,194.194,1143,1096.85,579.87,1132.06,681.42,0.7056
11640,194.194,1145,1712.63,508.87,1817.53,904.89,0.6729
11646,194.294,992,1558.24,424.12,1759.39,1069.8,0.8164
11646,194.294,1007,661.2,548.33,789.25,796.39,0.7976
11646,194.294,1020,470.02,576.8,522.61,700.54,0.7365
11646,194.294,1069,1331.42,584.19,1374.3,700.3,0.7125
11646,194.294,1076,926.09,539.96,1018.48,830.21,0.8217
11646,194.294,1115,1849.03,489.39,1920.0,885.8,0.7953
11646,194.294,1121,1378.04,582.3,1425.78,698.78,0.7911
11646,194.294,1122,611.96,583.93,650.05,667.25,0.6171
11646,194.294,1128,1180.89,598.07,1213.8,685.98,0.6075
11646,194.294,1143,1098.89,578.51,1134.05,681.98,0.7329
11646,194.294,1145,1720.53,506.3,1827.35,905.24,0.7328
11652,194.394,992,1555.79,423.03,1766.07,1070.22,0.8398
11652,194.394,1007,644.03,539.3,759.97,804.25,0.8398
11652,194.394,1020,474.91,578.01,517.2,698.79,0.7498
11652,194.394,1069,1340.68,586.09,1382.64,698.88,0.5907
11652,194.394,1076,916.51,536.61,1002.11,832.86,0.8069
11652,194.394,1115,1864.09,489.75,1919.75,894.53,0.7175
11652,194.394,1121,1388.08,586.98,1429.83,699.8,0.7059
11652,194.394,1122,606.49,580.37,642.53,664.97,0.5625
11652,194.394,1128,1176.22,596.61,1216.53,688.54,0.6737
11652,194.394,1143,1101.39,582.14,1137.37,682.44,0.632
11652,194.394,1145,1729.18,506.98,1834.58,916.32,0.7842
11658,194.494,992,1553.28,422.1,1772.55,1071.27,0.8543
11658,194.494,1007,607.73,536.34,734.66,814.57,0.8302
11658,194.494,1020,475.47,577.61,518.6,698.26,0.6499
11658,194.494,1069,1348.47,586.33,1393.33,703.48,0.7627
11658,194.494,1076,895.99,527.28,996.33,841.04,0.8601
11658,194.494,1115,1871.89,490.56,1920.0,847.46,0.5512
11658,194.494,1121,1395.33,585.28,1435.03,699.45,0.6134
11658,194.494,1128,1168.43,594.4,1215.37,688.36,0.5381
11658,194.494,1143,1105.66,580.56,1140.96,682.53,0.714
11658,194.494,1145,1738.15,506.66,1848.12,913.83,0.7795
11664,194.594,992,1557.51,421.73,1777.86,1072.48,0.8304
11664,194.594,1007,581.66,536.39,686.5,822.12,0.8404
11664,194.594,1020,466.14,578.7,522.36,698.99,0.6365
11664,194.594,1069,1354.89,586.26,1401.46,705.66,0.7137
11664,194.594,1076,875.34,529.59,992.62,855.32,0.8236
11664,194.594,1115,1878.66,492.0,1920.0,812.55,0.6171
11664,194.594,1121,1400.26,583.79,1440.43,701.28,0.7207
11664,194.594,1128,1163.85,597.94,1206.66,691.05,0.6804
11664,194.594,1143,1107.54,579.73,1141.73,682.23,0.6455
11664,194.594,1145,1746.55,506.08,1857.15,913.27,0.7456
11670,194.695,992,1557.33,424.16,1785.37,1071.56,0.8372
11670,194.695,1007,526.48,531.4,661.98,829.72,0.8415
11670,194.695,1020,465.22,580.33,520.78,699.49,0.5767
11670,194.695,1069,1359.73,589.32,1407.28,707.27,0.7758
11670,194.695,1076,847.91,533.75,971.22,863.31,0.8617
11670,194.695,1120,953.73,600.86,992.94,669.35,0.541
11670,194.695,1121,1408.63,585.04,1444.43,703.9,0.6928
11670,194.695,1128,1157.08,588.65,1197.19,694.94,0.7139
11670,194.695,1143,1107.17,580.91,1138.78,681.39,0.6344
11670,194.695,1145,1752.2,507.88,1868.55,921.52,0.5941
11676,194.795,992,1557.8,423.94,1790.17,1071.7,0.8608
11676,194.795,1007,465.51,519.16,634.21,839.24,0.8898
11676,194.795,1069,1364.09,585.8,1410.68,709.47,0.7566
11676,194.795,1076,826.06,529.34,943.23,865.54,0.8549
11676,194.795,1120,959.06,609.94,1006.33,668.88,0.3283
11676,194.795,1121,1414.02,589.03,1450.48,705.51,0.7564
11676,194.795,1122,573.92,586.42,608.1,664.92,0.6652
11676,194.795,1128,1147.66,591.28,1191.96,692.8,0.6237
11676,194.795,1143,1105.05,585.83,1136.69,682.56,0.6659
11676,194.795,1145,1761.38,509.97,1871.07,925.26,0.3611
11682,194.895,992,1559.67,423.01,1794.67,1070.82,0.8696
11682,194.895,1007,407.13,522.73,600.74,855.21,0.8927
11682,194.895,1069,1367.31,583.48,1414.64,712.64,0.8184
11682,194.895,1076,801.14,520.57,920.7,885.49,0.8338
11682,194.895,1120,962.8,613.23,1018.03,671.72,0.3741
11682,194.895,1121,1418.75,587.83,1455.02,707.65,0.7416
11682,194.895,1122,563.13,586.7,594.93,665.74,0.369
11682,194.895,1128,1138.35,596.73,1178.19,690.8,0.5298
11682,194.895,1143,1099.83,590.19,1134.71,680.1,0.61
11682,194.895,1145,1767.38,508.0,1898.88,928.44,0.7814
11688,194.995,992,1563.24,425.02,1802.23,1070.21,0.8334
11688,194.995,1007,368.61,528.91,528.48,861.95,0.7917
11688,194.995,1020,458.46,576.43,492.21,696.26,0.5583
11688,194.995,1069,1370.83,583.02,1421.29,710.25,0.8006
11688,194.995,1076,770.57,525.36,895.64,901.41,0.8588
11688,194.995,1120,965.69,617.64,1025.05,673.7,0.374
11688,194.995,1121,1422.52,588.04,1457.53,706.59,0.613
11688,194.995,1122,547.61,586.38,589.01,666.75,0.5666
11688,194.995,1128,1127.07,597.33,1167.57,691.48,0.5148
11688,194.995,1143,1098.24,593.04,1132.93,678.14,0.4385
11688,194.995,1145,1774.53,509.62,1913.05,932.46,0.7963
11694,195.095,992,1571.72,424.1,1810.35,1069.45,0.8288
11694,195.095,1007,299.46,514.52,473.21,877.11,0.852
11694,195.095,1020,442.19,576.03,485.7,696.09,0.6727
11694,195.095,1069,1374.83,584.09,1425.12,714.8,0.7935
11694,195.095,1076,742.48,527.03,859.6,905.88,0.8493
11694,195.095,1120,967.83,619.82,1028.67,674.62,0.5248
11694,195.095,1121,1425.78,584.67,1465.84,707.73,0.7163
11694,195.095,1122,532.06,585.14,580.12,666.18,0.6557
11694,195.095,1143,1099.24,591.21,1141.68,685.99,0.542
11694,195.095,1145,1780.86,511.06,1919.52,932.95,0.8216
11700,195.195,992,1581.23,424.76,1816.45,1068.45,0.8236
11700,195.195,1007,190.96,509.88,429.05,894.17,0.8963
11700,195.195,1020,426.99,574.33,484.26,695.54,0.7052
11700,195.195,1069,1380.65,580.88,1428.2,700.65,0.7436
11700,195.195,1076,708.84,515.56,843.23,915.94,0.8496
11700,195.195,1120,970.94,619.63,1027.81,672.63,0.3809
11700,195.195,1121,1429.92,585.01,1473.09,707.88,0.7105
11700,195.195,1122,522.92,581.7,562.08,666.82,0.7161
11700,195.195,1128,1104.93,588.36,1151.71,695.49,0.6133
11700,195.195,1145,1787.44,511.06,1920.0,926.17,0.8406
11706,195.295,992,1589.41,423.7,1820.94,1068.23,0.8342
11706,195.295,1007,131.26,511.65,352.49,906.27,0.799
11706,195.295,1020,416.33,577.6,483.27,696.71,0.6611
11706,195.295,1069,1382.94,579.01,1433.14,712.72,0.7833
11706,195.295,1076,660.41,509.17,836.52,933.9,0.8657
11706,195.295,1120,974.31,619.04,1027.85,671.19,0.455
11706,195.295,1121,1436.38,586.15,1481.76,707.72,0.7309
11706,195.295,1122,514.25,576.65,548.34,664.67,0.6672
11706,195.295,1143,1095.26,586.53,1132.95,694.86,0.7405
11706,195.295,1145,1794.36,511.59,1920.0,923.1,0.8328
11712,195.395,992,1595.2,424.95,1829.32,1070.15,0.827
11712,195.395,1007,32.95,507.38,243.97,911.46,0.8701
11712,195.395,1020,413.14,575.84,472.06,696.28,0.6984
11712,195.395,1069,1385.05,580.79,1435.47,716.54,0.7914
11712,195.395,1076,623.62,517.08,817.46,952.47,0.8907
11712,195.395,1120,976.73,615.38,1028.83,670.77,0.5025
11712,195.395,1121,1443.14,585.53,1491.48,707.0,0.6884
11712,195.395,1122,503.63,575.53,538.94,662.59,0.6717
11712,195.395,1128,1086.38,586.46,1130.3,698.5,0.6806
11712,195.395,1145,1801.22,512.72,1920.0,921.82,0.7963
11718,195.495,992,1601.37,427.79,1837.8,1069.69,0.8726
11718,195.495,1007,0.0,502.6,192.06,914.1,0.8604
11718,195.495,1020,407.67,575.42,457.99,696.22,0.7024
11718,195.495,1069,1386.97,579.1,1443.06,718.97,0.7895
11718,195.495,1076,575.34,514.91,759.67,958.37,0.8593
11718,195.495,1120,980.74,608.18,1028.7,670.69,0.6892
11718,195.495,1121,1451.8,587.37,1498.09,708.75,0.6964
11718,195.495,1122,492.26,578.47,532.05,668.13,0.7328
11718,195.495,1128,1073.33,587.91,1114.67,698.59,0.6125
11718,195.495,1143,1099.68,581.91,1134.97,692.82,0.574
11718,195.495,1145,1807.06,512.63,1920.0,922.91,0.7719
11724,195.595,992,1608.44,429.92,1842.22,1069.59,0.8589
11724,195.595,1020,401.76,570.15,445.83,695.19,0.7377
11724,195.595,1069,1389.29,574.23,1446.27,724.29,0.7079
11724,195.595,1076,533.31,506.3,714.85,983.26,0.8407
11724,195.595,1120,984.01,602.67,1026.92,671.7,0.6374
11724,195.595,1121,1458.25,589.24,1506.71,707.09,0.6846
11724,195.595,1122,483.86,574.93,522.11,670.24,0.4457
11724,195.595,1128,1064.23,587.21,1099.42,698.74,0.6658
11724,195.595,1143,1104.41,584.56,1134.16,686.3,0.7055
11724,195.595,1145,1813.7,512.03,1920.0,923.61,0.7461
11730,195.696,992,1613.95,431.38,1844.37,1069.75,0.8619
11730,195.696,1020,388.59,573.65,437.15,695.39,0.7016
11730,195.696,1069,1391.05,574.66,1451.04,726.19,0.7714
11730,195.696,1076,464.27,503.92,681.9,1014.68,0.9129
11730,195.696,1120,984.25,600.46,1025.51,672.58,0.7623
11730,195.696,1121,1465.65,587.26,1516.26,707.79,0.7445
11730,195.696,1128,1055.02,590.85,1089.51,699.2,0.7233
11730,195.696,1143,1107.79,584.4,1137.98,680.74,0.7195
11730,195.696,1145,1820.69,512.89,1920.0,925.96,0.71
11736,195.796,992,1619.44,432.33,1850.15,1070.53,0.8697
11736,195.796,1005,978.59,593.83,1018.22,674.43,0.7922
11736,195.796,1020,372.44,578.86,428.2,695.73,0.4713
11736,195.796,1069,1393.7,577.09,1455.56,727.82,0.8366
11736,195.796,1076,397.53,506.45,625.74,1029.62,0.8837
11736,195.796,1121,1476.5,586.8,1522.8,710.51,0.7287
11736,195.796,1128,1042.64,595.59,1084.94,700.9,0.6489
11736,195.796,1143,1110.86,582.1,1143.23,680.53,0.6589
11736,195.796,1145,1826.18,516.22,1920.0,928.59,0.779
11742,195.896,992,1628.95,433.1,1857.63,1070.64,0.8589
11742,195.896,1005,978.8,591.8,1016.42,673.57,0.7075
11742,195.896,1069,1397.36,575.54,1458.62,730.14,0.7892
11742,195.896,1076,327.84,499.2,560.69,1037.89,0.8885
11742,195.896,1121,1486.19,583.98,1532.9,712.35,0.7242
11742,195.896,1128,1028.24,596.79,1068.01,702.28,0.6512
11742,195.896,1143,1114.56,582.33,1146.94,680.7,0.7246
11742,195.896,1145,1832.42,514.82,1920.0,924.52,0.8153
11748,195.996,992,1635.31,434.04,1857.69,1070.87,0.7924
11748,195.996,1005,979.93,596.3,1013.8,672.53,0.6509
11748,195.996,1069,1402.65,572.09,1465.84,733.44,0.7994
11748,195.996,1076,250.18,491.15,525.28,1051.56,0.9107
11748,195.996,1121,1498.33,585.46,1546.88,712.04,0.7313
11748,195.996,1128,1021.02,595.82,1059.4,701.68,0.652
11748,195.996,1143,1120.11,585.82,1154.95,680.88,0.8151
11748,195.996,1145,1835.19,514.05,1920.0,925.24,0.669
11754,196.096,992,1643.73,431.41,1874.98,1070.08,0.7888
11754,196.096,1005,978.72,600.39,1010.86,671.78,0.4908
11754,196.096,1069,1406.91,575.27,1471.46,735.72,0.7778
11754,196.096,1076,184.89,498.7,481.52,1068.26,0.899
11754,196.096,1121,1511.03,584.7,1569.16,713.94,0.6799
11754,196.096,1128,1012.03,594.47,1051.58,703.59,0.6979
11754,196.096,1143,1128.94,583.66,1164.53,681.09,0.7118
11754,196.096,1145,1846.79,514.41,1920.0,924.78,0.3728
11760,196.196,992,1655.87,431.76,1892.77,1071.25,0.8142
11760,196.196,1005,977.69,600.64,1010.88,673.1,0.4957
11760,196.196,1020,355.91,571.51,394.84,694.31,0.6992
11760,196.196,1069,1412.32,577.22,1479.82,739.97,0.764
11760,196.196,1076,126.33,495.06,393.55,1078.67,0.9061
11760,196.196,1121,1523.32,585.02,1588.23,715.3,0.7631
11760,196.196,1128,1004.7,595.84,1050.75,704.96,0.5936
11760,196.196,1143,1137.41,584.67,1175.96,681.45,0.7278
11760,196.196,1145,1863.49,516.62,1920.0,924.74,0.3059
11760,196.196,1188,477.84,583.46,510.86,663.12,0.5179
11766,196.296,992,1674.5,431.91,1913.67,1070.74,0.8506
11766,196.296,1005,980.73,596.61,1016.66,677.2,0.3891
11766,196.296,1020,349.83,571.43,395.66,693.27,0.7096
11766,196.296,1069,1422.58,571.44,1493.1,746.59,0.7399
11766,196.296,1076,75.41,479.34,327.41,1080.0,0.8804
11766,196.296,1121,1538.38,585.04,1605.53,715.53,0.7884
11766,196.296,1128,999.31,591.06,1043.51,703.1,0.4674
11766,196.296,1143,1151.52,586.12,1189.24,681.85,0.7206
11766,196.296,1188,482.69,584.23,514.05,664.58,0.6087
11772,196.396,992,1690.84,429.88,1920.0,1072.08,0.9143
11772,196.396,1020,344.17,575.24,396.96,693.12,0.7173
11772,196.396,1069,1435.14,570.0,1509.49,750.25,0.8176
11772,196.396,1076,14.2,474.02,315.3,1080.0,0.9335
11772,196.396,1121,1555.82,586.26,1624.9,716.64,0.7962
11772,196.396,1128,990.13,588.23,1037.55,706.23,0.7231
11772,196.396,1143,1165.77,588.15,1202.75,682.21,0.8057
11772,196.396,1188,491.37,579.43,526.66,662.8,0.6339
11778,196.496,992,1710.35,428.1,1920.0,1072.79,0.9102
11778,196.496,1020,344.49,579.58,405.89,693.38,0.6779
11778,196.496,1069,1450.78,573.22,1522.06,751.69,0.7866
11778,196.496,1076,0.0,476.31,292.5,1080.0,0.9246
11778,196.496,1121,1583.96,585.83,1645.2,716.55,0.7509
11778,196.496,1128,989.21,589.61,1039.29,708.69,0.6978
11778,196.496,1143,1179.56,587.27,1217.28,682.4,0.6958
11778,196.496,1188,502.24,583.82,535.51,659.66,0.5779
11784,196.596,992,1730.74,424.97,1920.0,1071.33,0.8997
11784,196.596,1020,352.17,579.13,406.88,693.9,0.7106
11784,196.596,1069,1464.1,567.2,1528.52,753.29,0.7647
11784,196.596,1076,0.0,465.27,216.33,1078.85,0.8787
11784,196.596,1121,1609.41,583.16,1666.49,717.09,0.7817
11784,196.596,1128,983.68,591.0,1046.27,709.23,0.7833
11784,196.596,1143,1198.15,586.22,1232.6,682.57,0.7003
11784,196.596,1188,513.88,583.29,546.1,661.08,0.471
11790,196.697,992,1750.39,423.58,1920.0,1069.5,0.8738
11790,196.697,1020,363.1,577.51,404.63,692.01,0.6706
11790,196.697,1069,1478.14,563.62,1539.51,758.84,0.8072
11790,196.697,1076,0.0,461.87,131.36,1079.42,0.8598
11790,196.697,1121,1633.06,583.2,1687.74,718.82,0.784
11790,196.697,1128,986.21,592.35,1042.57,709.59,0.6641
11790,196.697,1143,1214.85,586.47,1251.81,682.41,0.7811
11790,196.697,1188,529.78,583.92,559.84,659.47,0.5407
11796,196.797,992,1768.11,422.18,1920.0,1067.1,0.8774
11796,196.797,1020,364.69,576.78,407.41,690.84,0.7159
11796,196.797,1069,1487.16,565.5,1557.0,760.61,0.7902
11796,196.797,1076,0.0,518.71,94.88,1076.46,0.5044
11796,196.797,1121,1653.93,583.23,1707.61,721.09,0.7916
11796,196.797,1128,986.72,589.69,1042.25,709.67,0.7179
11796,196.797,1143,1229.27,588.62,1267.06,683.83,0.6208
11796,196.797,1188,539.83,580.78,574.11,659.63,0.5961
11802,196.897,992,1789.88,420.85,1920.0,1068.94,0.877
11802,196.897,1020,366.54,576.56,408.11,690.16,0.7738
11802,196.897,1069,1494.3,562.84,1566.49,763.83,0.7994
11802,196.897,1076,0.0,611.3,84.69,1076.07,0.8215
11802,196.897,1121,1676.05,584.82,1729.03,722.47,0.784
11802,196.897,1128,980.03,584.29,1037.14,708.0,0.6994
11802,196.897,1143,1247.12,589.57,1281.64,684.02,0.7116
11802,196.897,1188,552.69,583.35,583.49,656.84,0.6024
11808,196.997,992,1805.04,420.11,1920.0,1069.37,0.8624
11808,196.997,1020,363.07,583.11,410.6,690.0,0.8081
11808,196.997,1069,1499.49,558.6,1573.68,770.86,0.7591
11808,196.997,1121,1690.54,585.47,1748.85,722.0,0.7496
11808,196.997,1128,966.84,587.58,1031.28,709.24,0.6736
11808,196.997,1143,1260.01,590.89,1294.47,684.65,0.7144
11808,196.997,1188,562.54,581.3,595.91,657.72,0.592
11814,197.097,992,1816.21,418.84,1920.0,1068.86,0.8708
11814,197.097,1020,361.31,585.68,409.25,689.95,0.663
11814,197.097,1069,1506.17,557.3,1577.9,776.92,0.7361
11814,197.097,1121,1704.69,584.26,1766.35,725.21,0.7992
11814,197.097,1128,951.15,589.45,1028.51,712.77,0.7048
11814,197.097,1143,1274.22,587.34,1305.32,684.65,0.6938
11814,197.097,1188,569.6,585.18,604.51,657.57,0.4871
11820,197.197,992,1824.08,417.51,1919.35,1067.33,0.8457
11820,197.197,1020,362.21,583.7,404.92,689.37,0.6737
11820,197.197,1069,1509.53,557.79,1574.25,778.75,0.7679
11820,197.197,1121,1715.52,583.19,1780.71,724.45,0.7952
11820,197.197,1128,950.63,593.17,1014.22,712.07,0.6635
11820,197.197,1143,1287.59,590.9,1315.91,683.59,0.6951
11820,197.197,1188,575.63,587.87,606.96,659.11,0.506
11826,197.297,992,1830.74,418.71,1918.85,1067.8,0.8376
11826,197.297,1020,363.37,574.63,398.94,687.42,0.6813
11826,197.297,1069,1505.31,554.22,1578.83,779.16,0.7567
11826,197.297,1121,1727.68,583.63,1794.86,728.17,0.7929
11826,197.297,1128,951.75,594.32,999.85,710.94,0.6532
11826,197.297,1143,1296.91,590.23,1332.8,682.85,0.6648
11826,197.297,1188,584.22,587.47,615.79,653.41,0.4064
11832,197.397,992,1834.43,422.43,1918.3,1066.78,0.8182
11832,197.397,1020,360.23,565.21,397.79,687.33,0.7104
11832,197.397,1069,1503.88,549.57,1584.25,782.67,0.757
11832,197.397,1121,1735.92,583.5,1807.89,732.55,0.7597
11832,197.397,1128,950.29,590.65,991.04,712.16,0.7577
11832,197.397,1143,1303.86,591.89,1343.75,685.45,0.6739
11832,197.397,1188,589.06,586.55,619.09,651.76,0.4115
11838,197.497,992,1838.03,426.09,1918.37,1069.41,0.7646
11838,197.497,1020,352.17,562.51,395.86,686.54,0.7014
11838,197.497,1069,1502.16,550.56,1588.07,789.18,0.8057
11838,197.497,1121,1746.12,583.61,1817.47,731.33,0.8027
11838,197.497,1128,944.06,587.98,988.34,710.88,0.6716
11838,197.497,1143,1307.79,589.63,1351.01,686.76,0.7309
11838,197.497,1188,593.93,586.65,623.77,656.85,0.6291
11844,197.597,992,1844.47,431.23,1918.63,1069.4,0.6723
11844,197.597,1020,345.02,572.37,396.43,687.77,0.6856
11844,197.597,1069,1501.91,557.82,1584.14,795.57,0.8205
11844,197.597,1121,1758.85,582.51,1827.83,730.81,0.7979
11844,197.597,1128,939.52,585.54,987.03,710.28,0.6048
11844,197.597,1143,1318.32,590.26,1359.32,684.62,0.6612
11844,197.597,1188,599.43,586.63,629.39,657.36,0.6008
11850,197.697,1020,345.41,585.04,391.41,689.13,0.6416
11850,197.697,1069,1501.33,559.88,1576.32,799.54,0.8054
11850,197.697,1121,1774.17,582.78,1838.57,734.08,0.808
11850,197.697,1128,941.2,585.6,985.49,710.95,0.7065
11850,197.697,1143,1330.47,590.33,1366.43,685.41,0.7438
11850,197.697,1188,608.94,586.33,638.26,658.42,0.3671
11856,197.798,1020,349.84,591.01,387.91,684.7,0.7773
11856,197.798,1069,1500.34,558.62,1573.2,802.7,0.7897
11856,197.798,1121,1786.4,582.83,1851.66,737.39,0.81
11856,197.798,1128,943.92,586.05,983.48,708.55,0.7318
11856,197.798,1143,1343.37,589.73,1376.0,686.72,0.7219
11856,197.798,1188,620.46,587.08,648.41,657.46,0.5471
11862,197.898,1020,359.57,592.52,391.4,685.14,0.7682
11862,197.898,1069,1506.78,553.8,1580.45,806.92,0.807
11862,197.898,1121,1806.95,586.34,1870.83,740.0,0.7695
11862,197.898,1128,946.94,587.56,987.61,709.32,0.771
11862,197.898,1143,1360.74,589.95,1394.32,688.43,0.7312
11862,197.898,1188,636.14,588.06,662.38,658.26,0.4566
11868,197.998,1020,371.78,592.0,401.65,683.67,0.6105
11868,197.998,1069,1516.23,544.19,1590.7,810.18,0.8462
11868,197.998,1121,1824.97,585.04,1895.45,742.7,0.762
11868,197.998,1128,949.68,587.04,996.18,711.26,0.7551
11868,197.998,1143,1376.82,587.89,1417.92,690.39,0.7113
11868,197.998,1188,652.77,587.1,679.65,657.73,0.55
11874,198.098,1020,386.52,588.68,420.31,683.26,0.679
11874,198.098,1069,1530.47,539.13,1605.61,817.54,0.8156
11874,198.098,1121,1846.04,584.66,1916.58,742.89,0.8064
11874,198.098,1128,958.51,590.29,1007.36,711.18,0.7123
11874,198.098,1143,1397.58,591.24,1439.4,692.84,0.7216
11874,198.098,1188,669.14,587.17,698.58,657.46,0.6014
11886,198.298,1201,417.18,712.79,564.25,1079.49,0.9189
11886,198.298,1202,908.32,187.1,951.87,317.59,0.6882
11886,198.298,1203,1514.75,357.47,1593.86,558.56,0.801
11886,198.298,1204,484.1,284.57,553.62,447.46,0.8141
11892,198.398,1201,442.99,680.89,578.83,1079.12,0.8788
11892,198.398,1202,931.47,185.92,977.04,317.71,0.7155
11892,198.398,1203,1522.04,359.24,1611.79,555.88,0.7416
11892,198.398,1204,502.67,277.19,563.5,443.04,0.7328
11892,198.398,1206,5.05,279.05,65.24,397.78,0.818
11898,198.498,1201,472.91,646.32,597.49,1064.5,0.8356
11898,198.498,1202,953.65,183.74,1002.42,316.54,0.7445
11898,198.498,1203,1532.39,356.03,1627.28,557.04,0.7728
11898,198.498,1204,517.91,272.54,578.73,433.64,0.8047
11898,198.498,1206,15.48,276.8,72.31,398.54,0.8174
11904,198.598,1201,491.04,630.86,615.38,1017.4,0.884
11904,198.598,1202,975.03,183.75,1027.77,322.81,0.7591
11904,198.598,1203,1544.24,354.97,1640.43,558.16,0.8402
11904,198.598,1204,536.81,275.51,592.52,426.32,0.7247
11904,198.598,1206,25.58,274.1,80.28,397.22,0.752
11910,198.698,1201,506.53,607.75,645.78,999.71,0.9102
11910,198.698,1202,992.44,186.48,1046.22,328.4,0.7336
11910,198.698,1203,1561.53,354.4,1644.67,556.18,0.7752
11910,198.698,1204,553.38,271.73,605.95,425.95,0.7386
11910,198.698,1206,36.11,273.25,87.15,396.86,0.6897
11916,198.799,1201,511.33,576.92,655.8,976.57,0.8735
11916,198.799,1202,998.68,185.85,1054.5,330.64,0.7533
11916,198.799,1203,1566.44,350.11,1639.44,548.55,0.7965
11916,198.799,1204,553.92,269.01,614.54,423.64,0.7498
11916,198.799,1206,38.92,273.63,89.61,396.2,0.7872
11922,198.899,1201,511.53,563.38,652.11,935.62,0.8696
11922,198.899,1202,999.01,191.41,1053.36,329.07,0.6931
11922,198.899,1203,1559.33,350.43,1633.91,545.82,0.7628
11922,198.899,1204,550.91,266.29,619.86,417.09,0.714
11922,198.899,1206,35.8,274.75,83.74,397.49,0.7515
11928,198.999,1201,516.92,548.11,640.06,905.59,0.8726
11928,198.999,1202,995.37,196.9,1053.75,325.61,0.662
11928,198.999,1203,1539.59,350.04,1647.49,543.81,0.7877
11928,198.999,1204,554.21,263.97,630.7,410.78,0.6987
11928,198.999,1206,30.26,274.93,77.02,396.67,0.7883
11934,199.099,1201,520.23,526.64,636.12,886.16,0.8774
11934,199.099,1202,993.59,197.61,1049.03,326.09,0.6773
11934,199.099,1203,1525.94,357.16,1641.76,544.18,0.8157
11934,199.099,1204,573.07,261.15,644.89,406.9,0.7417
11934,199.099,1206,25.93,273.78,71.91,397.44,0.7815
11940,199.199,1201,523.51,514.28,640.92,846.8,0.8729
11940,199.199,1202,994.7,199.36,1050.89,330.63,0.6373
11940,199.199,1203,1523.82,356.21,1632.66,544.37,0.8011
11940,199.199,1204,586.55,255.23,659.8,404.21,0.7654
11940,199.199,1206,20.88,272.46,68.87,398.24,0.7781
11946,199.299,1201,524.82,503.38,658.31,824.26,0.8775
11946,199.299,1202,994.39,204.46,1048.09,332.48,0.7214
11946,199.299,1203,1516.41,351.78,1611.82,545.63,0.8227
11946,199.299,1204,602.12,256.06,672.65,399.57,0.7484
11946,199.299,1206,18.3,272.92,64.62,400.32,0.7835
11952,199.399,1201,528.8,484.52,672.17,810.9,0.8742
11952,199.399,1202,987.44,206.5,1048.93,333.84,0.5583
11952,199.399,1203,1503.01,352.25,1582.71,544.73,0.7766
11952,199.399,1204,629.67,257.79,685.8,396.41,0.6881
11952,199.399,1206,11.41,272.38,62.33,400.1,0.8201
11958,199.499,1201,533.64,473.01,682.29,786.06,0.8729
11958,199.499,1202,993.47,211.83,1049.81,330.96,0.6935
11958,199.499,1203,1480.25,358.3,1570.13,541.77,0.7767
11958,199.499,1204,643.43,252.2,703.88,393.52,0.7573
11958,199.499,1206,7.68,273.02,60.15,401.34,0.824
11964,199.599,1201,539.84,464.97,681.07,758.96,0.8222
11964,199.599,1202,1000.09,211.61,1050.39,329.6,0.6297
11964,199.599,1203,1452.41,356.72,1565.13,542.94,0.8333
11964,199.599,1204,654.52,247.44,731.28,390.59,0.7562
11964,199.599,1206,3.31,276.21,57.73,402.34,0.8122
11970,199.7,1201,546.71,448.96,684.35,749.37,0.8698
11970,199.7,1202,1005.16,208.41,1051.55,327.03,0.6679
11970,199.7,1203,1432.69,355.75,1556.05,540.79,0.8453
11970,199.7,1204,671.42,242.36,742.19,385.94,0.7854
11970,199.7,1206,0.0,275.82,54.94,401.89,0.818
11976,199.8,1201,554.63,442.66,704.53,722.76,0.889
11976,199.8,1202,1006.99,202.49,1054.26,328.61,0.7357
11976,199.8,1203,1415.25,359.33,1503.12,538.74,0.66
11976,199.8,1204,702.09,230.1,759.18,381.92,0.6578
11976,199.8,1206,0.0,276.57,50.2,402.11,0.854
11982,199.9,1201,567.55,438.04,715.71,711.0,0.7618
11982,199.9,1202,1007.55,198.69,1056.54,326.15,0.6959
11982,199.9,1203,1383.55,357.31,1473.68,537.26,0.7315
11982,199.9,1204,719.34,230.17,778.34,381.01,0.6695
11982,199.9,1206,0.0,276.14,42.79,402.13,0.8133
11988,200.0,1201,583.32,422.41,719.21,699.15,0.8796
11988,200.0,1202,1005.93,198.59,1056.37,325.58,0.7342
11988,200.0,1203,1336.1,354.06,1456.79,538.95,0.8603
11988,200.0,1204,731.58,229.11,808.04,380.98,0.697
11988,200.0,1206,0.0,276.96,33.97,401.31,0.7509
11994,200.1,1201,601.02,412.53,729.51,676.91,0.8366
11994,200.1,1202,999.82,198.39,1057.24,324.82,0.7296
11994,200.1,1203,1306.91,352.79,1430.74,542.52,0.7747
11994,200.1,1204,749.47,228.16,817.85,380.38,0.6991
11994,200.1,1206,0.0,277.02,28.57,404.62,0.7288
12000,200.2,1201,610.95,402.52,740.61,653.27,0.8983
12000,200.2,1202,997.38,200.39,1056.76,323.4,0.7388
12000,200.2,1203,1275.56,357.37,1385.34,545.77,0.8027
12000,200.2,1204,771.28,229.52,825.03,375.44,0.703
12000,200.2,1206,0.0,279.66,27.01,406.23,0.7028
12006,200.3,1201,620.07,388.04,748.94,637.95,0.8823
12006,200.3,1202,991.11,200.17,1054.84,321.74,0.7703
12006,200.3,1203,1229.43,361.7,1360.8,547.68,0.7965
12006,200.3,1204,784.8,225.08,846.89,375.56,0.7001
12006,200.3,1206,0.0,282.13,22.99,405.9,0.7045
12012,200.4,1201,631.69,381.66,756.63,618.4,0.8735
12012,200.4,1202,985.26,203.53,1049.63,324.04,0.5852
12012,200.4,1203,1186.91,363.45,1330.13,554.99,0.7379
12012,200.4,1204,795.93,222.3,870.3,374.43,0.7849
12012,200.4,1206,0.0,288.29,19.85,406.13,0.4906
12018,200.5,1201,643.87,380.37,777.22,605.99,0.8577
12018,200.5,1202,985.36,207.87,1041.29,327.48,0.6754
12018,200.5,1203,1141.29,366.94,1272.05,559.86,0.8385
12018,200.5,1204,813.49,233.14,888.26,374.09,0.7493
12018,200.5,1206,0.34,298.06,17.15,406.01,0.3007
12024,200.6,1201,654.88,379.25,778.88,595.93,0.8581
12024,200.6,1202,970.99,199.71,1036.0,330.15,0.5467
12024,200.6,1203,1093.74,367.41,1231.62,563.23,0.878
12024,200.6,1204,826.6,239.12,896.59,373.96,0.7834
12030,200.701,1201,662.18,380.75,778.19,586.77,0.8536
12030,200.701,1202,960.1,212.62,1027.86,330.3,0.6767
12030,200.701,1203,1046.6,369.93,1180.77,567.6,0.7717
12030,200.701,1204,832.03,237.27,901.95,374.66,0.7441
12036,200.801,1201,658.4,376.79,777.47,583.87,0.8225
12036,200.801,1203,984.71,369.36,1108.75,568.0,0.8116
12036,200.801,1204,839.07,236.83,910.8,376.35,0.7536
12042,200.901,1201,647.17,367.59,757.12,572.6,0.8414
12042,200.901,1203,930.14,361.22,1062.77,563.57,0.8467
12042,200.901,1204,839.75,236.05,908.32,377.7,0.7339
12048,201.001,1201,621.77,359.65,738.58,568.22,0.8546
12048,201.001,1203,879.83,357.48,1003.38,560.21,0.5677
12048,201.001,1204,841.4,238.96,905.31,374.88,0.6354
12054,201.101,1201,598.85,352.43,724.25,555.77,0.8553
12054,201.101,1203,826.16,362.93,934.89,562.81,0.8436
12054,201.101,1204,841.59,229.21,908.93,377.9,0.6377
12060,201.201,1201,594.03,350.88,714.32,545.01,0.78
12060,201.201,1203,761.41,361.23,893.62,560.91,0.8752
12060,201.201,1204,840.47,231.81,908.28,380.88,0.7503
12066,201.301,1201,603.7,344.78,713.61,536.79,0.8225
12066,201.301,1203,728.63,363.85,854.35,559.72,0.4779
12066,201.301,1204,852.79,235.36,920.61,381.61,0.7335
12072,201.401,1201,621.38,343.5,728.74,531.52,0.7291
12072,201.401,1203,704.69,358.78,819.09,560.57,0.7742
12072,201.401,1204,879.79,238.54,952.66,387.19,0.7528
12078,201.501,1201,643.53,342.19,737.63,535.9,0.4781
12078,201.501,1203,697.03,350.21,816.64,543.42,0.6689
12078,201.501,1204,922.55,243.02,998.32,389.88,0.8029
12084,201.601,1201,665.57,343.74,770.42,539.17,0.6324
12084,201.601,1204,963.67,243.78,1039.23,391.19,0.8138
12090,201.702,1201,687.22,354.08,791.92,543.97,0.6639
12090,201.702,1204,1001.64,242.0,1067.96,392.04,0.7964
12096,201.802,1203,670.24,328.8,789.21,544.35,0.8134
12096,201.802,1204,1040.31,239.62,1097.88,394.4,0.7124
12096,201.802,1226,40.04,309.24,91.99,409.72,0.5559
12102,201.902,1203,665.11,318.66,796.13,539.16,0.827
12102,201.902,1204,1078.43,236.99,1141.08,396.2,0.7376
12102,201.902,1226,90.88,303.19,143.03,402.18,0.5694
12108,202.002,1203,664.25,338.76,774.56,539.96,0.5902
12108,202.002,1204,1123.22,239.05,1190.83,399.71,0.7938
12108,202.002,1226,150.7,296.75,202.97,394.39,0.4845
12114,202.102,1203,680.74,341.34,788.27,535.89,0.7871
12114,202.102,1204,1174.1,246.29,1239.37,401.25,0.7125
12114,202.102,1226,213.12,283.06,267.86,391.63,0.4633
12114,202.102,1229,745.46,305.79,838.6,479.1,0.6687
12120,202.202,1203,699.35,342.23,785.46,525.56,0.6077
12120,202.202,1204,1238.24,248.89,1288.69,402.91,0.7154
12120,202.202,1226,283.8,280.01,338.05,385.86,0.6239
12120,202.202,1229,785.56,299.57,883.57,474.73,0.6835
12126,202.302,1203,728.45,343.87,796.39,523.74,0.6818
12126,202.302,1204,1300.02,252.97,1351.39,408.71,0.7318
12126,202.302,1226,358.96,277.01,413.49,380.31,0.593
12126,202.302,1229,815.19,300.7,914.96,472.77,0.5642
12132,202.402,1203,762.62,340.92,848.76,521.83,0.8153
12132,202.402,1204,1357.52,256.92,1431.49,415.49,0.7585
12132,202.402,1226,442.55,266.1,495.98,373.02,0.4406
12132,202.402,1229,863.33,295.58,956.2,469.45,0.7234
12138,202.502,1203,799.45,335.7,903.83,510.79,0.7602
12138,202.502,1204,1438.64,318.85,1515.23,422.44,0.7394
12138,202.502,1226,534.94,257.01,584.04,368.2,0.4437
12138,202.502,1229,928.74,293.46,1034.34,459.9,0.8004
12144,202.602,1203,849.82,338.46,943.55,505.87,0.6746
12144,202.602,1204,1530.84,344.92,1594.6,428.45,0.7378
12144,202.602,1229,999.37,293.35,1088.47,452.48,0.7311
12150,202.703,1203,896.17,328.95,980.23,503.36,0.8264
12150,202.703,1204,1623.13,351.3,1669.31,434.79,0.6371
12150,202.703,1226,728.33,246.67,781.0,361.69,0.4342
12150,202.703,1229,1074.89,290.39,1153.36,449.79,0.5775
12156,202.803,1203,944.15,320.89,1028.8,494.5,0.862
12156,202.803,1204,1704.82,354.6,1751.3,444.52,0.7124
12156,202.803,1226,813.77,243.27,865.93,359.23,0.5188
12156,202.803,1229,1159.4,288.75,1224.06,445.04,0.6869
12162,202.903,1203,986.32,324.65,1068.32,491.02,0.7139
12162,202.903,1204,1767.76,355.67,1833.72,457.37,0.7501
12162,202.903,1226,894.07,265.49,948.17,356.27,0.4136
12162,202.903,1229,1223.85,288.45,1286.97,444.18,0.7657
12162,202.903,1241,55.65,371.19,123.97,596.46,0.792
12168,203.003,1203,1015.72,324.38,1086.49,493.48,0.7368
12168,203.003,1204,1826.67,356.04,1894.75,465.05,0.6911
12168,203.003,1229,1266.6,286.62,1340.32,442.29,0.6955
12168,203.003,1241,117.56,363.67,185.06,587.83,0.7754
12168,203.003,1243,13.03,601.53,127.13,971.25,0.8872
12174,203.103,1203,1026.86,312.89,1111.93,491.27,0.7951
12174,203.103,1204,1873.68,355.36,1920.0,471.7,0.669
12174,203.103,1229,1298.48,287.72,1361.27,439.72,0.6322
12174,203.103,1241,166.78,361.57,235.05,575.95,0.7674
12174,203.103,1243,38.29,601.53,170.83,960.17,0.8898
12180,203.203,1203,1021.35,313.23,1121.19,488.3,0.6291
12180,203.203,1229,1317.39,293.01,1376.94,439.49,0.6949
12180,203.203,1241,201.93,349.91,276.32,566.02,0.732
12180,203.203,1243,59.17,597.56,197.89,943.22,0.9036
12186,203.303,1203,1014.77,326.27,1114.09,489.9,0.7315
12186,203.303,1226,1086.87,258.23,1137.85,355.19,0.4281
12186,203.303,1229,1307.07,289.43,1391.07,437.22,0.81
12186,203.303,1241,220.75,336.72,293.05,557.37,0.7517
12186,203.303,1243,72.62,588.39,208.03,934.2,0.8971
12192,203.403,1203,1008.1,320.58,1092.58,486.6,0.7512
12192,203.403,1226,1102.14,262.32,1151.86,358.61,0.5268
12192,203.403,1229,1293.54,285.49,1377.98,432.95,0.5532
12192,203.403,1241,227.18,334.12,299.21,552.96,0.7303
12192,203.403,1243,80.54,583.35,207.24,935.15,0.8979
12198,203.503,1203,1000.78,312.52,1062.61,471.23,0.7014
12198,203.503,1226,1115.65,264.34,1165.84,357.97,0.4524
12198,203.503,1229,1280.27,283.68,1348.94,434.4,0.6973
12198,203.503,1241,235.28,342.26,310.26,548.6,0.7806
12198,203.503,1243,86.95,581.71,211.76,934.49,0.88
12204,203.603,1203,972.3,321.61,1046.87,474.36,0.6532
12204,203.603,1226,1126.0,261.77,1175.04,357.77,0.4405
12204,203.603,1229,1256.59,276.89,1335.5,432.3,0.7923
12204,203.603,1241,241.52,346.17,319.6,548.15,0.78
12204,203.603,1243,95.48,580.72,221.25,931.05,0.8813
12210,203.703,1203,933.5,326.56,1028.78,475.91,0.8193
12210,203.703,1226,1130.62,263.14,1178.22,357.72,0.5344
12210,203.703,1229,1226.97,271.36,1315.59,428.44,0.7019
12210,203.703,1241,242.95,343.93,321.82,550.12,0.7766
12210,203.703,1243,103.58,578.24,237.83,933.69,0.8836
12216,203.804,1203,909.33,317.97,1009.38,475.48,0.7984
12216,203.804,1226,1130.89,264.37,1179.54,358.7,0.533
12216,203.804,1229,1189.06,274.14,1265.8,425.92,0.6513
12216,203.804,1241,240.19,340.69,312.67,549.24,0.763
12216,203.804,1243,113.31,577.84,250.76,937.03,0.8521
12216,203.804,1255,1866.74,350.06,1919.35,501.27,0.669
12222,203.904,1203,899.47,312.16,978.27,475.66,0.8049
12222,203.904,1229,1153.46,271.02,1233.41,422.78,0.665
12222,203.904,1241,234.58,338.22,302.37,550.15,0.7294
12222,203.904,1243,123.46,584.41,272.94,944.56,0.8867
12222,203.904,1255,1852.76,352.57,1907.74,506.6,0.7398
12222,203.904,1256,979.53,245.12,1023.75,358.09,0.5764
12228,204.004,1203,882.35,303.56,942.45,476.71,0.6688
12228,204.004,1229,1126.85,270.73,1210.78,419.79,0.5123
12228,204.004,1241,226.88,337.97,298.46,547.92,0.7632
12228,204.004,1243,125.86,589.43,283.12,950.63,0.8842
12228,204.004,1255,1821.13,350.81,1895.67,506.84,0.7863
12228,204.004,1256,969.97,239.77,1015.83,363.04,0.7566
12234,204.104,1203,852.22,301.1,913.93,474.95,0.6716
12234,204.104,1229,1095.21,272.48,1163.2,421.96,0.5917
12234,204.104,1241,219.48,339.94,292.87,549.44,0.7761
12234,204.104,1243,133.82,591.57,282.05,950.96,0.8637
12234,204.104,1255,1790.23,351.17,1882.22,499.14,0.8116
12234,204.104,1256,955.99,237.4,1008.87,361.78,0.6932
12240,204.204,1203,815.11,307.22,884.76,475.35,0.7334
12240,204.204,1226,1134.03,257.09,1186.51,357.38,0.4597
12240,204.204,1229,1063.37,273.45,1124.76,424.31,0.6928
12240,204.204,1241,204.89,340.46,282.59,549.17,0.7394
12240,204.204,1243,174.47,588.15,292.9,952.71,0.8538
12240,204.204,1255,1763.49,348.74,1847.24,506.28,0.6134
12240,204.204,1256,943.85,240.86,1000.34,360.59,0.6634
12246,204.304,1203,786.84,310.05,874.7,475.72,0.8697
12246,204.304,1226,1134.66,260.12,1188.99,357.63,0.4721
12246,204.304,1229,1024.52,270.06,1102.01,421.98,0.6388
12246,204.304,1241,197.98,341.66,280.14,552.41,0.7709
12246,204.304,1243,192.3,586.72,329.71,954.93,0.8849
12246,204.304,1255,1721.59,350.4,1810.84,510.45,0.6701
12246,204.304,1256,935.1,240.47,987.0,359.17,0.6559
12252,204.404,1203,770.07,310.78,858.73,475.64,0.7556
12252,204.404,1226,1136.02,262.32,1188.2,357.17,0.4603
12252,204.404,1229,986.87,266.12,1062.47,419.69,0.5811
12252,204.404,1241,193.96,346.23,280.5,555.21,0.7763
12252,204.404,1243,214.47,591.8,377.77,951.66,0.8756
12252,204.404,1255,1693.3,348.31,1785.66,512.25,0.8117
12252,204.404,1256,928.57,234.9,978.59,359.88,0.7916
12258,204.504,1203,763.03,303.79,830.69,476.26,0.7288
12258,204.504,1226,1139.91,261.43,1189.79,357.08,0.4983
12258,204.504,1229,964.53,262.04,1034.47,422.23,0.5626
12258,204.504,1241,188.64,348.21,277.83,552.36,0.7093
12258,204.504,1243,236.63,599.0,402.01,946.48,0.8737
12258,204.504,1255,1653.88,349.19,1762.45,513.14,0.7334
12258,204.504,1256,926.66,233.51,977.58,359.77,0.574
12264,204.604,1203,750.17,300.84,813.62,475.71,0.7173
12264,204.604,1226,1151.56,263.94,1200.53,358.45,0.5294
12264,204.604,1229,940.11,254.2,1015.93,423.83,0.6805
12264,204.604,1241,168.78,349.52,295.33,610.46,0.7812
12264,204.604,1243,274.37,595.32,423.6,937.51,0.8751
12264,204.604,1255,1643.48,353.1,1716.26,516.85,0.656
12270,204.704,1203,728.93,304.7,805.74,479.6,0.6897
12270,204.704,1226,1164.31,265.27,1216.45,358.62,0.4397
12270,204.704,1229,923.22,250.54,1004.89,423.28,0.7922
12270,204.704,1241,190.31,346.35,285.55,579.28,0.753
12270,204.704,1243,292.37,589.66,432.72,946.83,0.869
12270,204.704,1255,1612.84,352.53,1695.89,521.66,0.7484
12276,204.805,1203,712.51,310.32,797.94,480.69,0.7757
12276,204.805,1229,903.43,265.47,986.43,422.07,0.6327
12276,204.805,1241,203.25,349.73,280.27,567.13,0.7121
12276,204.805,1243,301.47,584.65,436.29,953.51,0.8957
12276,204.805,1255,1578.92,352.64,1684.3,518.22,0.7557
12276,204.805,1256,945.43,237.24,990.57,356.32,0.4497
12282,204.905,1203,705.83,311.22,794.63,479.14,0.7852
12282,204.905,1226,1182.89,268.78,1236.09,358.93,0.4747
12282,204.905,1229,883.89,270.83,954.19,419.39,0.6326
12282,204.905,1241,210.45,353.51,286.57,566.5,0.7665
12282,204.905,1243,302.45,584.5,435.17,953.86,0.8933
12282,204.905,1255,1547.3,353.65,1646.24,519.73,0.4595
12282,204.905,1256,943.85,238.4,993.32,359.26,0.6903
12288,205.005,1203,705.65,306.15,777.53,477.45,0.7729
12288,205.005,1226,1188.64,270.45,1238.76,359.03,0.4363
12288,205.005,1229,862.03,276.23,927.5,419.07,0.7355
12288,205.005,1241,216.47,355.85,287.17,566.7,0.765
12288,205.005,1243,291.25,584.64,435.19,954.58,0.8981
12288,205.005,1255,1508.44,355.72,1601.15,521.75,0.7088
12288,205.005,1256,940.84,239.26,989.89,360.41,0.7548
12294,205.105,1203,698.05,300.05,757.55,476.06,0.6952
12294,205.105,1226,1191.93,266.74,1242.6,359.71,0.5539
12294,205.105,1229,846.2,282.09,907.11,423.41,0.7142
12294,205.105,1241,221.83,356.09,288.52,566.46,0.7714
12294,205.105,1243,268.4,589.32,435.74,954.8,0.9162
12294,205.105,1255,1474.77,353.79,1568.88,520.64,0.754
12294,205.105,1256,935.32,237.81,983.38,357.22,0.8102
12294,205.105,1276,453.66,399.84,568.47,632.62,0.8312
12300,205.205,1203,681.81,298.32,744.75,473.61,0.7357
12300,205.205,1226,1196.83,264.6,1246.81,360.83,0.5497
12300,205.205,1229,814.65,283.06,892.76,424.95,0.8397
12300,205.205,1241,223.59,354.34,292.99,569.73,0.8016
12300,205.205,1243,250.83,593.35,434.81,951.21,0.9108
12300,205.205,1255,1423.76,353.33,1543.68,514.08,0.8208
12300,205.205,1256,930.81,237.13,978.36,357.37,0.7793
12300,205.205,1276,488.03,397.81,602.52,630.25,0.8439
12306,205.305,1203,657.17,305.8,735.0,473.14,0.7594
12306,205.305,1229,799.94,283.56,875.73,426.27,0.7683
12306,205.305,1241,228.01,356.17,305.58,566.09,0.8001
12306,205.305,1243,236.98,588.66,430.09,945.0,0.8988
12306,205.305,1255,1396.09,348.75,1502.55,515.32,0.5554
12306,205.305,1256,925.65,238.54,973.94,359.66,0.6712
12306,205.305,1276,519.14,388.66,651.1,620.95,0.8375
12312,205.405,1203,649.07,309.69,727.46,473.84,0.754
12312,205.405,1226,1207.94,266.83,1256.54,360.14,0.406
12312,205.405,1229,783.48,284.83,858.11,424.25,0.6162
12312,205.405,1241,237.73,358.76,320.87,568.81,0.8326
12312,205.405,1243,214.96,580.76,392.04,933.83,0.8988
12312,205.405,1255,1349.36,337.93,1450.87,514.28,0.7267
12312,205.405,1256,921.99,240.14,967.61,359.8,0.7281
12312,205.405,1276,551.98,387.67,676.56,609.76,0.8433
12318,205.505,1203,648.12,309.79,716.23,470.92,0.7262
12318,205.505,1226,1215.01,260.17,1267.34,361.53,0.4643
12318,205.505,1229,770.29,282.85,854.93,430.61,0.7563
12318,205.505,1241,252.96,360.36,334.6,573.9,0.8008
12318,205.505,1243,193.85,574.66,351.65,925.96,0.8847
12318,205.505,1255,1316.62,324.64,1421.89,508.57,0.7701
12318,205.505,1256,919.04,238.83,964.9,360.11,0.7209
12318,205.505,1276,582.39,382.34,694.8,606.42,0.8654
12324,205.605,1203,649.33,311.02,712.67,461.21,0.4702
12324,205.605,1226,1226.71,263.57,1278.94,361.49,0.3722
12324,205.605,1229,767.23,282.14,856.2,436.15,0.8158
12324,205.605,1241,276.13,358.16,348.9,576.14,0.7528
12324,205.605,1243,177.85,572.11,334.1,921.43,0.9016
12324,205.605,1255,1294.59,292.7,1399.81,493.26,0.6306
12324,205.605,1256,919.26,237.4,972.13,358.46,0.7778
12324,205.605,1276,608.05,370.23,720.9,603.33,0.8352
12330,205.706,1226,1235.71,261.97,1287.7,362.81,0.3919
12330,205.706,1229,772.71,286.02,847.4,439.12,0.7632
12330,205.706,1241,292.15,356.72,371.15,576.89,0.8072
12330,205.706,1243,158.3,572.88,329.4,916.97,0.8973
12330,205.706,1255,1268.7,293.52,1355.57,498.19,0.6001
12330,205.706,1256,913.43,238.38,969.73,360.9,0.745
12330,205.706,1276,623.4,361.67,734.88,598.29,0.8003
12336,205.806,1229,777.27,286.51,837.88,442.42,0.7788
12336,205.806,1241,298.56,355.13,395.65,576.54,0.8313
12336,205.806,1243,139.62,571.28,299.28,907.93,0.8998
12336,205.806,1255,1236.15,293.21,1322.06,497.12,0.4686
12336,205.806,1256,904.61,242.03,960.16,360.86,0.7289
12336,205.806,1276,634.05,363.69,749.44,589.78,0.8253
12342,205.906,1229,777.31,285.69,835.79,448.03,0.773
12342,205.906,1241,306.03,353.76,410.62,576.55,0.8416
12342,205.906,1243,116.53,563.21,257.74,897.6,0.8788
12342,205.906,1255,1195.57,307.95,1295.08,491.58,0.7269
12342,205.906,1256,902.11,240.25,949.39,360.9,0.7161
12342,205.906,1276,642.59,366.24,749.32,576.76,0.821
12348,206.006,1229,776.35,289.38,836.18,448.9,0.7089
12348,206.006,1241,320.14,352.47,419.94,575.69,0.7767
12348,206.006,1243,88.85,554.39,240.29,890.36,0.9031
12348,206.006,1255,1165.54,313.46,1249.13,491.41,0.6115
12348,206.006,1256,895.43,235.8,943.27,359.86,0.7282
12348,206.006,1276,644.54,362.15,754.03,571.15,0.8204
12354,206.106,1229,778.52,291.53,842.54,451.34,0.6981
12354,206.106,1241,347.44,356.94,433.18,572.03,0.7361
12354,206.106,1243,64.25,551.5,231.61,886.36,0.9093
12354,206.106,1255,1148.23,314.8,1225.05,490.63,0.7767
12354,206.106,1256,894.59,236.85,939.87,359.46,0.784
12354,206.106,1276,645.39,364.55,752.69,566.26,0.8222
12360,206.206,1229,788.73,287.57,854.71,455.35,0.689
12360,206.206,1243,38.77,547.25,203.88,883.46,0.8587
12360,206.206,1255,1125.72,300.13,1203.62,485.21,0.7647
12360,206.206,1256,895.18,237.05,937.99,358.41,0.775
12360,206.206,1276,655.19,364.94,752.87,555.45,0.8671
12366,206.306,1229,796.58,290.09,864.3,459.41,0.6801
12366,206.306,1243,29.53,540.5,174.15,872.69,0.8778
12366,206.306,1255,1091.33,295.96,1189.37,476.73,0.7835
12366,206.306,1256,894.52,235.6,938.57,358.54,0.7008
12366,206.306,1276,673.18,336.66,756.28,548.06,0.7844
12372,206.406,1229,810.91,298.32,878.03,466.03,0.6459
12372,206.406,1243,27.25,541.52,166.58,866.89,0.8886
12372,206.406,1255,1079.43,297.21,1163.1,475.57,0.7161
12372,206.406,1256,893.02,235.42,940.71,357.22,0.6889
12372,206.406,1276,685.08,325.54,764.52,545.7,0.6842
12378,206.506,1229,818.39,304.47,898.32,472.45,0.7345
12378,206.506,1243,28.41,544.47,171.01,861.83,0.8784
12378,206.506,1255,1064.61,291.51,1133.35,473.02,0.7176
12378,206.506,1256,893.11,237.81,941.01,357.76,0.6937
12378,206.506,1276,696.82,323.01,776.32,538.21,0.772
12384,206.606,1229,844.89,310.7,918.54,477.51,0.6584
12384,206.606,1243,33.33,542.39,177.99,859.47,0.9022
12384,206.606,1255,1043.46,287.66,1125.58,467.52,0.7952
12384,206.606,1256,897.29,238.53,945.45,347.58,0.5228
12384,206.606,1276,716.45,327.67,798.92,525.51,0.5709
12390,206.707,1229,866.27,315.91,943.71,480.13,0.7196
12390,206.707,1243,40.27,536.5,177.61,857.87,0.8963
12390,206.707,1255,1033.4,287.26,1120.52,460.61,0.7137
12390,206.707,1256,902.11,235.08,952.27,345.8,0.6518
12390,206.707,1276,717.44,353.72,810.13,534.61,0.711
12396,206.807,1226,1348.34,262.33,1386.82,367.1,0.3388
12396,206.807,1229,894.29,318.65,975.26,487.14,0.7274
12396,206.807,1243,55.4,533.32,192.59,855.13,0.8545
12396,206.807,1255,1028.83,290.92,1109.26,459.44,0.7231
12396,206.807,1256,910.58,235.69,961.32,349.32,0.7215
12396,206.807,1276,712.41,360.64,833.95,548.81,0.4901
12402,206.907,1226,1360.61,258.03,1400.02,367.02,0.3598
12402,206.907,1229,929.55,325.34,1007.07,494.35,0.6744
12402,206.907,1243,75.63,532.4,216.33,855.87,0.8881
12402,206.907,1255,1014.66,286.23,1088.58,455.56,0.7537
12402,206.907,1256,917.69,237.3,968.42,355.74,0.6588
12402,206.907,1276,722.98,361.54,827.26,558.18,0.5135
12408,207.007,1243,97.82,535.01,238.94,856.78,0.8698
12408,207.007,1255,970.24,301.0,1078.17,483.54,0.7343
12408,207.007,1256,923.18,237.07,974.7,358.64,0.6544
12408,207.007,1276,742.57,356.28,853.37,561.67,0.7158
12414,207.107,1243,111.22,540.31,249.59,855.78,0.8755
12414,207.107,1255,968.64,317.69,1079.11,498.92,0.7384
12414,207.107,1256,927.93,235.41,977.84,359.32,0.7823
12414,207.107,1276,755.05,356.03,878.91,562.06,0.7794
12420,207.207,1229,962.27,287.67,1021.7,455.73,0.6723
12420,207.207,1243,115.13,544.92,271.21,859.08,0.9076
12420,207.207,1256,925.65,237.14,973.51,359.8,0.713
12420,207.207,1276,761.25,364.99,886.93,558.64,0.4191
12426,207.307,1229,941.11,278.62,1011.92,449.17,0.7467
12426,207.307,1243,121.5,554.72,311.09,864.89,0.9114
12426,207.307,1256,922.7,237.2,968.86,355.55,0.4622
12426,207.307,1276,763.96,368.07,890.95,559.83,0.6794
12432,207.407,1243,160.22,570.34,358.89,864.11,0.8649
12432,207.407,1255,872.74,355.26,1005.83,571.51,0.6976
12432,207.407,1256,920.88,236.76,975.64,357.71,0.4503
12432,207.407,1276,770.71,371.09,894.6,558.19,0.7684
12438,207.507,1243,189.59,573.4,381.02,862.81,0.9009
12438,207.507,1255,884.91,369.58,1003.8,581.96,0.6675
12438,207.507,1256,921.58,236.57,971.49,354.97,0.5465
12438,207.507,1276,782.62,372.21,907.17,561.18,0.7893
12450,207.708,1305,317.1,612.86,618.87,968.4,0.8964
12450,207.708,1311,1012.31,628.91,1036.87,690.99,0.4728
12450,207.708,1312,888.11,621.29,947.49,720.52,0.4494
12456,207.808,1305,402.8,616.22,658.2,967.56,0.883
12456,207.808,1311,1006.75,628.87,1039.39,717.98,0.5144
12462,207.908,1305,451.59,622.92,711.23,970.97,0.8683
12462,207.908,1311,997.17,628.31,1040.38,729.95,0.6387
12462,207.908,1319,936.81,627.09,973.32,723.59,0.7087
12468,208.008,1305,527.24,640.68,730.5,966.38,0.8554
12468,208.008,1311,991.36,623.15,1037.65,740.27,0.6503
12468,208.008,1319,929.93,625.85,969.47,728.05,0.7448
12468,208.008,1323,510.69,625.86,542.59,708.28,0.5248
12474,208.108,1305,580.77,641.61,740.27,956.35,0.8434
12474,208.108,1311,980.47,623.86,1032.67,746.23,0.6494
12474,208.108,1319,917.87,626.15,956.77,729.21,0.6643
12474,208.108,1323,492.71,629.4,523.09,709.63,0.501
12480,208.208,1305,585.56,632.72,753.83,951.71,0.8449
12480,208.208,1311,968.63,622.78,1023.46,748.47,0.6258
12480,208.208,1319,902.82,624.25,941.35,730.82,0.735
12480,208.208,1323,469.52,629.97,499.58,713.17,0.5614
12486,208.308,1305,585.87,611.38,736.55,954.1,0.8502
12486,208.308,1311,952.33,620.32,1015.68,751.21,0.676
12486,208.308,1319,882.21,626.87,924.13,734.75,0.7129
12486,208.308,1323,442.4,630.16,473.41,722.52,0.5583
12492,208.408,1305,573.78,597.99,713.59,958.44,0.8719
12492,208.408,1311,937.8,619.23,999.8,754.17,0.7336
12492,208.408,1319,860.97,627.51,903.83,735.77,0.688
12492,208.408,1323,414.99,632.18,447.53,726.43,0.6034
12498,208.508,1305,559.18,591.41,704.56,976.4,0.8943
12498,208.508,1311,920.2,620.51,981.49,759.27,0.6779
12498,208.508,1319,838.07,630.28,880.16,739.11,0.7252
12498,208.508,1323,387.68,634.46,420.09,728.95,0.7162
12504,208.608,1305,530.59,595.32,726.46,999.21,0.9086
12504,208.608,1311,902.15,621.54,961.25,761.62,0.7143
12504,208.608,1319,816.8,635.12,857.66,737.82,0.5749
12504,208.608,1323,360.39,636.38,392.86,729.48,0.5449
12510,208.709,1305,493.91,595.51,724.74,1035.98,0.9018
12510,208.709,1311,883.85,618.53,939.65,765.28,0.6846
12510,208.709,1319,792.49,630.12,835.43,741.57,0.5997
12510,208.709,1323,329.65,634.32,366.72,728.06,0.6886
12510,208.709,1343,1444.26,619.1,1587.31,869.97,0.8794
12516,208.809,1305,454.44,594.06,704.48,1061.49,0.9169
12516,208.809,1311,857.33,614.63,918.14,767.64,0.6288
12516,208.809,1319,767.63,627.65,812.28,741.92,0.419
12516,208.809,1323,300.48,632.98,341.72,729.64,0.6756
12516,208.809,1343,1409.92,624.32,1533.81,866.07,0.8682
12522,208.909,1305,410.64,575.47,663.97,1073.24,0.888
12522,208.909,1311,827.98,619.0,892.48,771.26,0.6301
12522,208.909,1319,737.8,636.9,784.55,744.58,0.6036
12522,208.909,1323,271.23,633.43,312.03,729.61,0.6389
12522,208.909,1343,1359.43,624.19,1488.96,868.14,0.8794
12528,209.009,1305,361.06,554.18,617.9,1079.46,0.9326
12528,209.009,1311,800.45,622.5,859.12,773.62,0.6556
12528,209.009,1319,707.66,635.07,754.26,745.96,0.6655
12528,209.009,1323,243.65,631.95,286.11,733.71,0.6715
12528,209.009,1343,1299.88,617.19,1453.31,867.06,0.9057
12534,209.109,1305,274.75,543.36,554.19,1080.0,0.9016
12534,209.109,1311,771.85,611.78,830.44,777.47,0.6796
12534,209.109,1319,677.01,633.31,720.79,748.71,0.7055
12534,209.109,1323,211.36,633.52,253.22,734.72,0.7039
12534,209.109,1343,1266.72,611.61,1420.02,868.52,0.8334
12540,209.209,1305,171.51,551.6,484.78,1080.0,0.9104
12540,209.209,1311,739.61,610.82,797.07,780.56,0.6383
12540,209.209,1319,643.99,628.05,690.81,750.72,0.63
12540,209.209,1323,180.83,635.1,220.88,733.2,0.5944
12540,209.209,1343,1266.95,613.83,1383.1,870.99,0.83
12540,209.209,1358,707.4,645.1,737.37,719.11,0.3757
12546,209.309,1305,84.9,557.1,429.92,1080.0,0.9141
12546,209.309,1311,706.26,616.26,771.95,785.78,0.6602
12546,209.309,1319,616.57,634.81,660.63,751.19,0.7106
12546,209.309,1343,1259.63,614.52,1341.08,871.97,0.8091
12552,209.409,1305,21.68,543.61,328.92,1078.06,0.9325
12552,209.409,1311,676.01,624.34,747.32,788.76,0.6305
12552,209.409,1319,590.63,635.04,633.6,752.6,0.7892
12552,209.409,1343,1228.82,608.33,1318.6,874.26,0.7952
12558,209.509,1305,0.0,511.23,215.68,1078.2,0.9236
12558,209.509,1311,652.3,616.06,728.18,792.67,0.6712
12558,209.509,1319,563.07,633.06,609.66,755.18,0.7385
12558,209.509,1343,1182.02,610.56,1301.74,873.03,0.709
12564,209.609,1311,631.12,616.08,713.57,796.22,0.5703
12564,209.609,1319,534.39,630.98,589.12,757.1,0.6866
12564,209.609,1323,77.7,634.1,120.81,743.06,0.6723
12564,209.609,1343,1154.51,600.48,1285.57,876.9,0.8083
12570,209.709,1311,615.5,619.46,695.72,798.13,0.6362
12570,209.709,1319,511.46,633.99,568.8,759.58,0.7185
12570,209.709,1323,56.05,633.83,102.28,741.8,0.7008
12570,209.709,1343,1139.01,599.0,1272.43,876.58,0.7763
12576,209.81,1311,610.18,617.88,692.53,803.13,0.7166
12576,209.81,1319,494.66,636.92,550.19,762.31,0.6985
12576,209.81,1323,38.96,632.98,86.68,741.95,0.69
12576,209.81,1343,1132.25,594.64,1264.98,875.45,0.7834
12582,209.91,1311,605.28,607.56,695.82,806.6,0.7202
12582,209.91,1319,482.1,635.46,537.13,763.81,0.7386
12582,209.91,1323,23.35,633.69,74.44,744.97,0.7082
12582,209.91,1343,1152.63,594.99,1263.92,878.91,0.843
12582,209.91,1367,1868.74,645.45,1917.9,767.54,0.6068
12588,210.01,1311,603.96,601.86,704.53,810.25,0.8346
12588,210.01,1319,470.93,634.71,525.59,764.62,0.6362
12588,210.01,1323,10.36,634.22,57.4,744.31,0.6932
12588,210.01,1343,1149.84,601.77,1266.06,880.92,0.8494
12588,210.01,1358,601.41,643.66,628.83,723.58,0.4915
12588,210.01,1367,1855.83,648.13,1913.2,767.82,0.6831
12594,210.11,1311,599.36,606.22,717.92,815.94,0.8515
12594,210.11,1319,461.6,634.32,518.37,765.4,0.6534
12594,210.11,1343,1151.49,602.37,1266.7,881.45,0.8578
12594,210.11,1358,591.08,645.05,619.35,722.15,0.5937
12594,210.11,1367,1842.94,648.08,1903.77,765.72,0.7328
12600,210.21,1311,595.7,609.59,721.68,821.3,0.8289
12600,210.21,1319,452.66,635.83,513.66,765.66,0.6368
12600,210.21,1343,1147.37,591.83,1257.21,878.85,0.7806
12600,210.21,1358,583.1,645.81,612.16,724.13,0.5961
12600,210.21,1367,1829.47,647.16,1891.15,764.2,0.6857
12606,210.31,1311,604.32,609.07,725.46,822.71,0.84
12606,210.31,1319,442.45,636.85,506.98,766.85,0.7366
12606,210.31,1343,1138.02,587.4,1246.26,875.89,0.6799
12606,210.31,1358,572.02,642.94,605.86,726.16,0.6701
12606,210.31,1367,1818.54,647.0,1880.12,764.73,0.6575
12612,210.41,1311,634.25,607.53,731.24,825.13,0.7965
12612,210.41,1319,434.41,636.11,500.65,767.91,0.7049
12612,210.41,1343,1136.91,583.2,1232.7,871.3,0.6595
12612,210.41,1358,564.39,643.87,597.55,724.33,0.6613
12612,210.41,1367,1809.14,646.52,1864.74,763.9,0.7126
12618,210.51,1311,660.15,610.36,740.5,827.01,0.7474
12618,210.51,1319,436.23,635.51,499.22,765.94,0.746
12618,210.51,1343,1109.4,600.24,1228.07,869.38,0.7915
12618,210.51,1358,558.29,645.04,590.62,724.51,0.6954
12618,210.51,1367,1797.67,647.89,1851.91,764.38,0.6788
12618,210.51,1374,1101.23,625.58,1163.29,754.64,0.5939
12624,210.61,1311,663.67,602.75,771.95,827.73,0.8466
12624,210.61,1312,452.73,631.56,504.39,763.96,0.6968
12624,210.61,1343,1102.91,607.39,1232.97,872.61,0.7002
12624,210.61,1358,551.08,641.16,584.03,725.67,0.7327
12624,210.61,1367,1787.24,647.1,1840.69,763.13,0.741
12624,210.61,1374,1091.09,629.5,1156.97,753.57,0.6144
12630,210.71,1311,661.97,608.18,788.86,829.4,0.8366
12630,210.71,1312,447.73,632.84,501.09,765.99,0.7167
12630,210.71,1343,1130.48,604.33,1232.66,871.7,0.774
12630,210.71,1358,545.21,640.54,579.45,726.44,0.7465
12630,210.71,1367,1778.32,645.52,1830.93,762.65,0.6856
12630,210.71,1374,1081.48,629.76,1146.22,754.28,0.7437
12636,210.811,1311,665.29,612.06,796.69,829.85,0.8388
12636,210.811,1312,443.08,633.24,499.18,766.88,0.7192
12636,210.811,1343,1144.84,604.96,1227.33,870.32,0.768
12636,210.811,1358,539.0,636.84,572.34,727.0,0.7002
12636,210.811,1367,1768.28,645.77,1821.66,761.24,0.67
12636,210.811,1374,1073.63,626.86,1134.37,755.08,0.624
12642,210.911,1311,690.83,612.04,803.03,830.75,0.7222
12642,210.911,1312,439.43,634.36,494.77,768.67,0.7399
12642,210.911,1343,1131.51,600.4,1244.78,874.78,0.813
12642,210.911,1358,533.59,634.67,568.59,728.23,0.5983
12642,210.911,1367,1755.63,644.99,1809.57,761.72,0.6583
12642,210.911,1374,1065.01,624.91,1117.32,753.29,0.7637
12648,211.011,1311,725.98,610.64,799.18,830.96,0.6155
12648,211.011,1312,438.94,634.15,491.84,769.58,0.7307
12648,211.011,1343,1128.7,596.81,1254.15,878.9,0.8085
12648,211.011,1358,527.26,635.14,563.19,728.8,0.6827
12648,211.011,1367,1742.32,644.55,1799.16,761.12,0.6941
12648,211.011,1374,1059.82,625.57,1105.13,751.73,0.7715
12654,211.111,1311,739.89,605.83,821.72,832.76,0.5948
12654,211.111,1312,438.44,631.3,490.9,766.71,0.7866
12654,211.111,1343,1129.1,597.69,1258.47,880.41,0.822
12654,211.111,1358,521.49,632.14,558.7,728.73,0.7181
12654,211.111,1367,1731.24,644.56,1786.73,761.81,0.7362
12654,211.111,1374,1054.51,624.89,1097.01,750.76,0.674
12660,211.211,1311,746.17,605.17,832.81,832.07,0.484
12660,211.211,1312,434.92,628.82,493.95,768.39,0.7196
12660,211.211,1343,1131.88,600.85,1253.0,878.58,0.7827
12660,211.211,1358,517.8,629.73,555.32,728.26,0.7321
12660,211.211,1367,1720.82,646.03,1775.84,762.25,0.696
12660,211.211,1374,1047.56,626.5,1089.18,750.2,0.7677
12666,211.311,1311,760.32,599.14,836.15,832.72,0.5941
12666,211.311,1312,429.64,633.1,501.57,770.92,0.719
12666,211.311,1343,1139.64,600.19,1242.89,874.02,0.7522
12666,211.311,1358,514.83,628.15,550.3,727.15,0.7034
12666,211.311,1367,1710.34,644.74,1764.31,761.62,0.7186
12666,211.311,1374,1040.1,625.22,1084.19,750.14,0.7283
12672,211.411,1311,775.41,596.15,859.12,837.56,0.7326
12672,211.411,1312,424.85,631.17,500.32,772.16,0.6852
12672,211.411,1343,1138.15,598.81,1233.8,872.81,0.7918
12672,211.411,1358,512.69,629.43,546.19,725.58,0.6927
12672,211.411,1367,1699.6,645.77,1752.83,761.99,0.7054
12672,211.411,1374,1029.79,623.89,1078.76,750.49,0.7024
12678,211.511,1311,782.93,599.64,868.82,842.06,0.7691
12678,211.511,1312,423.15,633.92,500.53,772.58,0.6998
12678,211.511,1343,1128.16,600.81,1234.57,869.28,0.8155
12678,211.511,1358,509.49,628.26,543.14,725.33,0.6881
12678,211.511,1367,1689.9,643.03,1740.6,761.94,0.7135
12678,211.511,1374,1017.3,626.27,1068.76,750.39,0.7819
12684,211.611,1311,781.4,609.34,889.42,844.0,0.787
12684,211.611,1312,431.44,634.75,496.97,770.94,0.6949
12684,211.611,1343,1112.23,614.59,1222.04,859.66,0.8065
12684,211.611,1358,503.92,627.9,539.1,723.77,0.6303
12684,211.611,1367,1678.99,641.97,1728.29,760.71,0.6604
12684,211.611,1374,1008.28,627.24,1060.28,749.73,0.6264
12690,211.712,1311,780.37,612.98,901.65,844.79,0.8165
12690,211.712,1312,448.71,635.66,499.19,770.52,0.667
12690,211.712,1343,1091.89,614.27,1219.05,848.95,0.8233
12690,211.712,1358,500.2,633.93,533.19,723.18,0.4716
12690,211.712,1367,1665.98,642.13,1717.89,759.68,0.6703
12690,211.712,1374,999.78,628.64,1052.8,747.89,0.6858
12696,211.812,1311,785.45,612.03,902.87,840.52,0.7859
12696,211.812,1312,453.67,635.83,504.81,769.32,0.5784
12696,211.812,1343,1072.53,609.11,1215.3,850.49,0.8254
12696,211.812,1358,491.39,636.5,526.65,723.63,0.3919
12696,211.812,1367,1656.03,640.45,1706.24,759.87,0.7156
12696,211.812,1374,994.05,631.01,1042.4,746.92,0.7851
12702,211.912,1311,802.51,605.14,900.24,838.07,0.7365
12702,211.912,1312,453.87,637.44,509.24,768.84,0.5584
12702,211.912,1343,1077.19,608.26,1207.99,846.48,0.8393
12702,211.912,1367,1647.03,642.02,1697.08,760.55,0.715
12702,211.912,1374,989.15,631.19,1039.09,746.62,0.6634
12708,212.012,1311,811.71,613.13,897.16,837.43,0.7369
12708,212.012,1312,447.9,639.21,510.06,769.18,0.6125
12708,212.012,1343,1065.13,602.06,1202.91,847.63,0.8495
12708,212.012,1367,1636.66,641.34,1687.84,759.85,0.7472
12708,212.012,1374,985.31,628.92,1037.76,748.37,0.6716
12714,212.112,1311,809.46,605.69,896.7,834.51,0.761
12714,212.112,1312,439.73,640.89,508.53,772.36,0.6533
12714,212.112,1343,1062.4,596.81,1199.59,848.87,0.8634
12714,212.112,1367,1628.14,641.26,1676.91,758.59,0.7388
12714,212.112,1374,982.17,629.91,1032.29,744.65,0.7021
12720,212.212,1311,800.33,598.77,894.74,834.09,0.79
12720,212.212,1312,430.57,641.26,497.87,771.31,0.5573
12720,212.212,1343,1072.18,598.96,1197.73,850.37,0.82
12720,212.212,1358,480.98,637.07,514.26,726.29,0.4962
12720,212.212,1367,1620.29,642.62,1667.62,756.11,0.7331
12720,212.212,1374,980.94,630.48,1029.85,744.99,0.6405
12726,212.312,1311,795.48,598.06,888.48,834.05,0.7809
12726,212.312,1312,417.7,641.73,488.78,771.65,0.6348
12726,212.312,1343,1071.42,598.6,1202.92,853.38,0.842
12726,212.312,1358,479.7,634.72,512.26,728.77,0.6528
12726,212.312,1367,1613.58,640.18,1659.15,756.33,0.6709
12726,212.312,1374,983.02,629.66,1028.49,741.35,0.6786
12732,212.412,1311,783.35,598.87,880.51,834.67,0.761
12732,212.412,1312,407.14,632.64,467.99,772.41,0.64
12732,212.412,1343,1076.13,600.76,1210.22,857.15,0.8605
12732,212.412,1358,480.36,632.59,510.82,730.05,0.7862
12732,212.412,1367,1608.56,639.11,1651.79,755.12,0.7067
12732,212.412,1374,985.22,629.2,1030.16,742.01,0.6415
12738,212.512,1311,767.71,599.51,864.74,837.82,0.713
12738,212.512,1312,391.04,628.16,451.25,771.39,0.7253
12738,212.512,1343,1082.39,602.1,1217.67,860.6,0.8558
12738,212.512,1358,479.2,634.15,508.13,730.02,0.7546
12738,212.512,1367,1600.11,641.28,1645.79,754.43,0.714
12738,212.512,1374,984.96,628.86,1030.02,743.53,0.6309
12744,212.612,1311,751.88,601.48,850.72,839.16,0.7525
12744,212.612,1312,369.67,628.19,432.68,772.93,0.7378
12744,212.612,1343,1110.38,598.62,1225.13,862.59,0.7743
12744,212.612,1358,478.43,634.4,505.76,729.49,0.6877
12744,212.612,1367,1595.32,642.99,1640.45,752.94,0.7376
12744,212.612,1374,984.84,630.73,1034.07,743.37,0.6439
12750,212.713,1311,735.2,599.41,842.71,840.21,0.8207
12750,212.713,1312,343.59,625.85,420.78,775.57,0.7545
12750,212.713,1343,1137.53,596.67,1236.0,864.05,0.8442
12750,212.713,1358,476.6,631.19,504.74,729.79,0.7145
12750,212.713,1367,1588.74,639.75,1634.82,755.17,0.5614
12750,212.713,1374,988.73,632.87,1033.79,741.68,0.607
12756,212.813,1311,718.73,599.99,835.28,841.35,0.8296
12756,212.813,1312,326.28,631.77,409.63,775.74,0.7686
12756,212.813,1343,1154.92,594.9,1248.57,868.75,0.7365
12756,212.813,1358,474.92,628.82,502.96,730.21,0.6694
12756,212.813,1367,1581.03,641.27,1629.11,756.21,0.6163
12756,212.813,1374,990.17,632.63,1032.06,740.49,0.4526
12762,212.913,1311,710.61,600.97,821.2,842.19,0.8021
12762,212.913,1312,316.22,631.95,394.46,775.09,0.7003
12762,212.913,1343,1163.73,596.13,1267.45,869.91,0.7161
12762,212.913,1358,472.72,630.08,500.6,730.6,0.6275
12762,212.913,1367,1574.94,644.85,1624.37,756.17,0.7026
12762,212.913,1374,987.7,633.24,1026.71,741.04,0.5213
12768,213.013,1311,695.95,603.02,802.34,842.19,0.7631
12768,213.013,1312,311.01,633.09,370.1,774.47,0.7606
12768,213.013,1343,1164.32,597.03,1276.13,871.18,0.8245
12768,213.013,1358,470.68,628.32,499.1,729.87,0.5787
12768,213.013,1367,1569.61,646.13,1617.14,755.06,0.6444
12768,213.013,1374,973.32,632.3,1024.08,740.58,0.7066
12774,213.113,1311,686.58,605.45,776.05,842.66,0.7469
12774,213.113,1312,298.19,631.47,354.92,773.99,0.8105
12774,213.113,1343,1163.96,596.4,1285.57,876.21,0.7334
12774,213.113,1358,469.66,629.61,497.73,729.69,0.6047
12774,213.113,1367,1565.29,643.82,1614.12,756.8,0.6333
12774,213.113,1374,967.44,631.52,1022.9,740.34,0.7512
12780,213.213,1311,660.56,605.92,759.62,839.48,0.7524
12780,213.213,1312,273.99,635.99,340.22,774.28,0.784
12780,213.213,1343,1158.04,595.0,1293.73,880.05,0.8216
12780,213.213,1358,467.94,627.62,496.55,729.42,0.5767
12780,213.213,1367,1561.06,645.74,1610.91,756.58,0.6698
12780,213.213,1374,963.62,632.99,1018.16,740.64,0.7933
12786,213.313,1311,638.6,608.07,749.03,836.01,0.8137
12786,213.313,1312,259.15,638.91,336.37,773.65,0.7255
12786,213.313,1343,1152.61,592.19,1310.79,880.63,0.8584
12786,213.313,1358,466.16,625.47,496.12,729.49,0.6043
12786,213.313,1367,1556.66,646.22,1609.45,756.63,0.6693
12786,213.313,1374,961.58,632.87,1009.96,741.01,0.7085
12792,213.413,1311,623.69,607.27,728.75,835.09,0.7607
12792,213.413,1312,253.18,639.16,330.84,774.02,0.7309
12792,213.413,1343,1160.67,593.05,1336.59,882.65,0.7903
12792,213.413,1358,465.17,624.9,495.44,729.95,0.5822
12792,213.413,1367,1555.65,645.46,1609.64,757.39,0.6631
12792,213.413,1374,959.03,635.66,1004.25,741.2,0.7054
12798,213.513,1311,612.12,617.77,697.07,833.79,0.6669
12798,213.513,1312,250.56,637.74,314.99,771.14,0.6935
12798,213.513,1343,1203.22,592.38,1347.54,883.93,0.7381
12798,213.513,1358,464.11,627.12,494.22,730.49,0.627
12798,213.513,1367,1555.5,645.4,1610.61,757.67,0.6685
12798,213.513,1374,949.78,632.13,1000.96,739.75,0.6164
12804,213.613,1311,589.79,615.68,684.65,833.55,0.7367
12804,213.613,1312,249.08,637.77,303.38,770.78,0.7492
12804,213.613,1343,1229.0,590.52,1351.58,884.11,0.8489
12804,213.613,1358,462.39,627.31,493.73,730.6,0.7061
12804,213.613,1367,1556.65,646.33,1610.81,757.79,0.6643
12804,213.613,1374,948.18,633.47,996.61,737.66,0.4193
12810,213.714,1311,552.91,623.43,673.4,831.35,0.8532
12810,213.714,1312,246.37,635.55,297.75,766.58,0.7114
12810,213.714,1343,1244.92,589.51,1354.7,883.0,0.8307
12810,213.714,1358,458.69,631.17,490.96,730.37,0.6547
12810,213.714,1367,1560.53,647.91,1612.38,756.47,0.6031
12816,213.814,1311,534.48,624.86,664.27,832.29,0.8528
12816,213.814,1312,246.14,635.54,294.08,767.53,0.6533
12816,213.814,1343,1253.83,589.15,1360.55,883.18,0.7811
12816,213.814,1358,455.73,631.59,490.22,729.55,0.7111
12816,213.814,1367,1565.12,648.93,1614.82,757.95,0.6701
12822,213.914,1311,531.42,626.51,646.75,829.9,0.7819
12822,213.914,1312,247.65,639.33,293.94,767.71,0.6409
12822,213.914,1343,1263.0,588.89,1368.6,886.16,0.8176
12822,213.914,1358,458.16,632.97,490.96,729.76,0.6779
12822,213.914,1367,1573.64,649.38,1621.81,756.94,0.6938
12828,214.014,1311,527.85,612.26,627.31,828.37,0.7169
12828,214.014,1312,248.49,637.37,298.31,765.2,0.6532
12828,214.014,1343,1267.75,588.54,1376.73,887.96,0.7897
12828,214.014,1358,463.36,632.64,493.83,730.14,0.6509
12828,214.014,1367,1585.19,647.21,1629.6,758.87,0.7238
12834,214.114,1311,517.89,605.03,613.02,828.2,0.7627
12834,214.114,1312,250.05,635.35,305.56,765.53,0.659
12834,214.114,1343,1279.15,587.24,1386.01,890.35,0.8337
12834,214.114,1358,470.43,631.66,499.51,729.94,0.5417
12834,214.114,1367,1599.2,647.58,1641.95,756.87,0.7809
12840,214.214,1311,512.2,604.4,609.92,827.16,0.8377
12840,214.214,1312,258.2,631.32,317.01,765.58,0.6542
12840,214.214,1343,1290.66,588.81,1397.68,890.18,0.8373
12840,214.214,1358,479.79,635.83,509.03,729.71,0.509
12840,214.214,1367,1615.03,647.73,1660.51,759.31,0.7327
12852,214.414,1398,370.82,574.03,495.66,944.92,0.8825
12852,214.414,1401,225.21,276.27,287.81,422.83,0.7195
12852,214.414,1402,352.19,256.99,401.9,378.12,0.6214
12852,214.414,1403,522.24,275.28,572.36,370.31,0.4503
12858,214.514,1398,408.39,569.47,544.45,932.89,0.8993
12858,214.514,1401,297.45,272.09,354.15,409.11,0.6785
12858,214.514,1402,427.27,249.46,477.87,373.2,0.693
12858,214.514,1403,594.89,264.45,646.73,367.29,0.3606
12858,214.514,1404,74.84,321.99,146.46,487.07,0.6845
12864,214.614,1398,435.29,566.61,614.54,927.99,0.9056
12864,214.614,1401,358.0,265.37,407.67,402.79,0.7075
12864,214.614,1402,490.48,247.85,539.36,371.86,0.7409
12864,214.614,1403,660.35,268.41,707.98,362.46,0.4161
12864,214.614,1404,134.91,311.99,205.27,478.98,0.7146
12870,214.715,1398,462.35,561.32,638.58,917.79,0.8707
12870,214.715,1401,399.53,262.74,448.38,395.98,0.7327
12870,214.715,1402,537.9,245.44,586.5,370.34,0.7117
12870,214.715,1403,706.03,266.71,754.57,360.27,0.435
12870,214.715,1404,178.32,307.7,242.47,474.69,0.691
12876,214.815,1398,481.49,547.79,618.51,902.87,0.8472
12876,214.815,1401,429.04,258.6,486.14,398.61,0.6727
12876,214.815,1402,575.24,243.21,625.51,367.44,0.6174
12876,214.815,1403,741.44,256.19,792.41,359.7,0.4517
12876,214.815,1404,203.85,303.7,271.68,471.19,0.7178
12882,214.915,1398,483.31,538.9,621.18,896.01,0.8389
12882,214.915,1401,455.15,258.19,519.31,400.99,0.7156
12882,214.915,1402,609.19,243.82,659.45,366.77,0.707
12882,214.915,1403,776.04,261.03,826.23,358.85,0.313
12882,214.915,1404,231.16,301.82,292.96,467.17,0.7121
12888,215.015,1398,483.12,536.23,635.43,891.03,0.8705
12888,215.015,1401,479.24,256.96,541.85,401.72,0.721
12888,215.015,1402,638.93,243.39,688.11,365.6,0.715
12888,215.015,1403,805.94,266.16,856.17,357.57,0.4959
12888,215.015,1404,254.66,299.67,314.09,465.04,0.7037
12888,215.015,1408,6.45,431.87,79.43,656.05,0.7974
12894,215.115,1398,488.51,528.91,649.25,881.88,0.8834
12894,215.115,1401,498.96,253.73,557.96,401.08,0.5932
12894,215.115,1402,669.22,239.32,722.77,364.6,0.6693
12894,215.115,1403,837.01,268.99,887.92,357.94,0.3413
12894,215.115,1404,279.54,297.73,330.65,462.4,0.7398
12894,215.115,1408,11.56,431.77,110.31,650.47,0.8686
12900,215.215,1398,508.46,516.54,661.85,862.49,0.8741
12900,215.215,1401,520.24,254.41,586.69,399.17,0.6867
12900,215.215,1402,706.39,241.21,759.21,362.44,0.6918
12900,215.215,1403,874.21,264.97,923.46,356.77,0.3544
12900,215.215,1404,307.63,297.27,352.36,457.16,0.722
12900,215.215,1408,23.76,423.56,130.94,641.06,0.8686
12906,215.315,1398,544.38,504.69,671.7,845.36,0.8835
12906,215.315,1401,542.26,251.87,623.17,399.58,0.7226
12906,215.315,1402,745.89,239.66,799.68,361.75,0.5497
12906,215.315,1403,912.21,263.3,958.86,357.81,0.5078
12906,215.315,1404,333.92,295.3,397.56,455.35,0.7912
12906,215.315,1408,49.01,416.63,147.45,632.21,0.8315
12912,215.415,1398,580.35,499.2,694.67,835.39,0.8724
12912,215.415,1401,572.38,249.37,662.11,398.46,0.7116
12912,215.415,1402,787.41,239.4,841.69,359.03,0.617
12912,215.415,1403,955.16,261.09,1002.18,355.74,0.4852
12912,215.415,1404,367.26,293.51,435.72,451.43,0.757
12912,215.415,1408,76.26,419.35,177.49,624.42,0.8225
12912,215.415,1410,1132.11,323.09,1199.61,516.52,0.652
12918,215.515,1398,607.74,496.04,722.86,830.25,0.8557
12918,215.515,1401,612.89,250.02,692.26,399.7,0.6832
12918,215.515,1402,830.51,239.99,882.15,357.16,0.7091
12918,215.515,1403,1000.37,263.78,1047.56,355.34,0.4915
12918,215.515,1404,405.93,290.53,472.42,450.22,0.7726
12918,215.515,1408,102.0,419.69,214.77,617.77,0.8697
12918,215.515,1410,1163.0,323.86,1231.28,517.64,0.7574
12924,215.615,1398,636.44,490.32,758.73,813.63,0.859
12924,215.615,1401,657.85,248.18,719.81,395.17,0.5946
12924,215.615,1402,875.34,240.37,927.21,356.6,0.7087
12924,215.615,1403,1048.04,264.62,1096.16,356.02,0.5281
12924,215.615,1404,447.83,284.96,508.87,447.96,0.7494
12924,215.615,1408,140.18,414.38,257.38,613.75,0.8685
12924,215.615,1410,1198.12,329.8,1266.45,521.58,0.7364
12930,215.715,1398,684.05,474.05,791.15,793.25,0.8596
12930,215.715,1401,691.64,242.31,753.74,394.19,0.6572
12930,215.715,1402,921.87,239.57,973.8,358.39,0.6992
12930,215.715,1403,1098.06,259.1,1147.53,356.66,0.4742
12930,215.715,1404,490.93,281.78,546.79,444.43,0.725
12930,215.715,1408,182.1,404.03,276.46,609.69,0.8194
12930,215.715,1410,1235.02,342.86,1306.74,526.5,0.6924
12936,215.816,1398,736.72,452.07,830.59,775.83,0.8651
12936,215.816,1401,731.52,241.81,796.41,390.85,0.6469
12936,215.816,1402,967.17,237.66,1019.48,358.49,0.7391
12936,215.816,1403,1148.48,257.68,1197.84,358.1,0.515
12936,215.816,1404,526.55,279.34,589.55,442.28,0.7552
12936,215.816,1408,215.29,395.59,292.81,608.82,0.7859
12936,215.816,1410,1250.94,355.98,1344.44,530.47,0.7625
12936,215.816,1413,95.84,330.83,167.98,495.61,0.7152
12942,215.916,1398,783.15,440.42,873.28,753.35,0.8531
12942,215.916,1401,772.45,242.45,844.07,388.96,0.6697
12942,215.916,1402,1014.21,237.26,1061.81,358.68,0.7775
12942,215.916,1403,1200.53,262.11,1251.1,359.18,0.4927
12942,215.916,1404,568.36,278.25,637.38,438.17,0.7548
12942,215.916,1408,239.09,399.91,317.57,609.27,0.7293
12942,215.916,1410,1271.85,361.24,1387.97,535.37,0.7849
12942,215.916,1413,169.58,332.2,227.87,484.56,0.6789
12948,216.016,1398,828.03,441.81,923.25,733.88,0.8286
12948,216.016,1401,818.2,242.62,886.34,386.41,0.6796
12948,216.016,1402,1061.36,238.48,1105.68,357.74,0.7886
12948,216.016,1403,1256.39,264.73,1305.39,361.31,0.5178
12948,216.016,1404,615.88,275.89,680.48,431.41,0.715
12948,216.016,1408,263.22,405.55,358.5,612.21,0.7968
12948,216.016,1410,1320.23,367.29,1429.88,535.49,0.7927
12948,216.016,1413,248.3,323.59,298.64,474.26,0.6249
12948,216.016,1415,66.57,307.18,158.85,490.61,0.7959
12954,216.116,1398,875.97,443.53,978.32,730.1,0.8167
12954,216.116,1401,866.22,241.12,926.88,386.29,0.6462
12954,216.116,1402,1113.92,241.5,1154.29,358.35,0.7136
12954,216.116,1403,1311.17,256.96,1364.18,362.79,0.473
12954,216.116,1404,667.38,272.99,719.92,427.81,0.6942
12954,216.116,1408,303.48,403.87,404.68,608.21,0.8497
12954,216.116,1410,1365.38,383.26,1472.1,541.94,0.7098
12954,216.116,1413,323.84,317.32,379.66,458.1,0.3902
12954,216.116,1415,138.65,308.84,223.01,484.3,0.7533
12960,216.216,1398,933.46,442.34,1035.75,708.94,0.8502
12960,216.216,1401,912.8,239.6,971.84,383.42,0.701
12960,216.216,1402,1165.35,244.77,1210.65,358.52,0.7417
12960,216.216,1403,1371.3,246.57,1408.42,365.47,0.414
12960,216.216,1404,720.31,270.07,766.02,422.11,0.6504
12960,216.216,1408,343.95,391.75,437.49,608.75,0.7719
12960,216.216,1410,1401.91,380.92,1509.63,550.91,0.3779
12960,216.216,1413,401.76,316.02,453.44,450.16,0.652
12960,216.216,1415,213.08,305.65,284.81,473.95,0.7496
12966,216.316,1398,998.35,435.59,1095.95,697.44,0.8574
12966,216.316,1401,958.73,239.03,1024.32,385.42,0.7281
12966,216.316,1402,1217.36,245.65,1269.87,359.42,0.6949
12966,216.316,1404,771.72,268.59,820.62,420.32,0.716
12966,216.316,1408,384.05,382.47,466.03,605.05,0.7478
12966,216.316,1410,1448.24,389.07,1534.5,558.14,0.7109
12966,216.316,1413,475.56,314.82,536.31,464.48,0.7892
12966,216.316,1415,277.47,297.22,349.19,472.83,0.7634
12972,216.416,1398,1067.13,425.88,1163.47,696.36,0.8425
12972,216.416,1401,1010.6,239.47,1081.23,386.91,0.7278
12972,216.416,1402,1272.09,248.89,1329.92,361.63,0.7691
12972,216.416,1404,824.53,267.52,882.69,418.51,0.704
12972,216.416,1408,423.16,381.5,501.67,608.1,0.7691
12972,216.416,1410,1469.69,392.89,1584.57,572.28,0.8334
12972,216.416,1413,543.62,312.13,613.68,471.22,0.7485
12972,216.416,1415,329.61,289.07,408.45,470.46,0.7772
12978,216.516,1398,1140.78,422.97,1244.37,692.43,0.8507
12978,216.516,1401,1070.26,240.31,1141.43,387.38,0.8206
12978,216.516,1402,1333.41,250.94,1382.47,362.55,0.6662
12978,216.516,1404,883.63,267.46,950.32,416.77,0.7634
12978,216.516,1408,459.13,386.12,553.19,609.94,0.8489
12978,216.516,1410,1529.24,399.73,1647.15,582.51,0.7134
12978,216.516,1413,615.47,309.99,688.59,473.31,0.8076
12978,216.516,1415,383.69,284.72,475.55,467.22,0.7874
12978,216.516,1418,31.08,431.99,133.11,716.35,0.8603
12984,216.616,1398,1223.02,416.96,1324.69,691.66,0.8193
12984,216.616,1401,1145.01,242.03,1206.77,385.33,0.6994
12984,216.616,1404,954.17,266.25,1023.43,414.77,0.7718
12984,216.616,1408,511.51,387.82,619.13,610.73,0.8649
12984,216.616,1410,1611.07,399.1,1726.0,586.88,0.7038
12984,216.616,1413,694.61,310.26,771.94,473.7,0.7498
12984,216.616,1415,463.0,282.03,545.19,460.42,0.638
12984,216.616,1418,107.47,419.12,212.67,693.58,0.8619
12990,216.716,1398,1315.62,418.23,1414.95,694.31,0.8415
12990,216.716,1401,1234.27,243.43,1292.99,384.97,0.6775
12990,216.716,1404,1040.28,262.12,1101.41,414.7,0.7222
12990,216.716,1408,579.98,388.42,688.31,612.59,0.8129
12990,216.716,1410,1718.25,403.98,1832.33,607.84,0.7577
12990,216.716,1413,792.39,307.83,864.85,473.08,0.7884
12990,216.716,1415,548.12,281.55,631.25,430.78,0.5287
12990,216.716,1418,205.74,405.11,308.71,683.35,0.8475
12996,216.817,1398,1419.0,424.14,1519.08,700.21,0.8147
12996,216.817,1401,1339.74,246.15,1394.21,389.47,0.6203
12996,216.817,1404,1131.28,263.44,1195.94,416.35,0.7087
12996,216.817,1408,657.81,388.61,758.91,614.01,0.8204
12996,216.817,1410,1839.83,420.21,1920.0,633.18,0.6874
12996,216.817,1413,904.42,305.74,972.59,474.81,0.7794
12996,216.817,1415,657.0,273.43,724.95,417.89,0.6857
12996,216.817,1418,319.77,394.44,409.2,664.04,0.7884
13002,216.917,1398,1533.11,430.24,1633.01,712.03,0.8178
13002,216.917,1404,1237.88,261.45,1303.27,417.82,0.7253
13002,216.917,1408,742.13,386.04,843.91,614.01,0.8387
13002,216.917,1413,1020.85,309.91,1084.97,478.39,0.8247
13002,216.917,1415,765.18,271.7,837.57,434.47,0.553
13002,216.917,1418,432.35,388.8,513.29,645.5,0.8031
13008,217.017,1398,1650.97,437.8,1751.6,723.36,0.8533
13008,217.017,1404,1352.41,264.0,1418.61,421.96,0.7172
13008,217.017,1408,825.73,383.6,935.24,613.29,0.8473
13008,217.017,1413,1138.96,314.21,1202.64,483.62,0.7477
13008,217.017,1415,867.66,272.74,954.28,441.86,0.6591
13008,217.017,1418,534.28,382.57,624.64,632.7,0.8768
13008,217.017,1419,97.15,332.51,213.71,562.76,0.8428
13014,217.117,1398,1764.0,449.65,1872.51,736.9,0.8548
13014,217.117,1404,1470.32,320.13,1531.46,427.61,0.6419
13014,217.117,1408,908.77,388.78,1015.55,616.38,0.7971
13014,217.117,1413,1253.49,317.49,1322.65,488.86,0.755
13014,217.117,1415,974.58,268.16,1065.45,443.57,0.7868
13014,217.117,1418,641.33,371.21,733.75,625.87,0.8416
13014,217.117,1419,199.99,321.06,323.7,544.87,0.8534
13020,217.217,1404,1593.24,343.77,1649.74,436.95,0.7316
13020,217.217,1408,1002.08,388.83,1099.17,617.56,0.8249
13020,217.217,1413,1373.33,327.22,1445.12,494.62,0.7483
13020,217.217,1415,1091.04,268.21,1168.12,448.67,0.6713
13020,217.217,1418,752.76,364.02,846.41,619.67,0.8727
13020,217.217,1419,328.46,313.45,444.83,529.89,0.8278
13026,217.317,1404,1719.66,351.65,1772.09,444.75,0.661
13026,217.317,1408,1097.86,385.34,1201.49,618.18,0.8418
13026,217.317,1413,1495.43,342.87,1564.79,502.06,0.8172
13026,217.317,1415,1207.57,267.05,1263.6,453.95,0.7781
13026,217.317,1418,856.96,365.95,965.54,612.29,0.8519
13026,217.317,1419,454.13,307.94,557.73,522.96,0.8046
13032,217.417,1404,1847.24,352.54,1909.42,454.25,0.4929
13032,217.417,1408,1190.84,391.18,1302.4,625.23,0.7584
13032,217.417,1413,1612.7,349.19,1688.09,515.75,0.7574
13032,217.417,1415,1313.47,269.93,1380.47,458.11,0.7541
13032,217.417,1418,962.97,374.61,1089.15,604.8,0.8672
13032,217.417,1419,581.3,300.32,662.19,513.31,0.7552
13038,217.517,1408,1266.91,399.37,1377.59,633.74,0.8217
13038,217.517,1413,1736.73,356.07,1811.09,528.33,0.7577
13038,217.517,1415,1412.1,325.88,1502.31,458.72,0.7886
13038,217.517,1418,1064.15,375.06,1208.83,598.92,0.8742
13038,217.517,1419,701.05,292.35,763.92,505.22,0.707
13044,217.617,1408,1343.95,396.68,1454.48,633.38,0.8384
13044,217.617,1413,1844.94,367.64,1920.0,540.02,0.7751
13044,217.617,1415,1515.5,347.64,1616.56,465.68,0.8124
13044,217.617,1418,1148.85,375.04,1294.32,600.03,0.8334
13044,217.617,1419,790.66,289.21,869.95,500.32,0.8057
13050,217.718,1408,1397.21,402.08,1532.04,641.41,0.8642
13050,217.718,1415,1623.29,353.78,1708.16,472.32,0.7226
13050,217.718,1418,1223.43,373.97,1360.38,602.89,0.7855
13050,217.718,1419,869.81,289.57,973.05,496.16,0.8308
13056,217.818,1408,1452.97,412.07,1580.36,644.89,0.7863
13056,217.818,1415,1711.54,355.24,1774.25,479.75,0.7463
13056,217.818,1418,1287.49,365.99,1428.38,605.27,0.8772
13056,217.818,1419,949.44,290.82,1064.64,492.07,0.8663
13062,217.918,1408,1505.06,410.28,1611.79,655.02,0.8258
13062,217.918,1415,1775.08,353.18,1845.83,486.65,0.7199
13062,217.918,1418,1343.97,366.01,1475.61,606.34,0.8375
13062,217.918,1419,1026.24,288.12,1135.92,492.01,0.7727
13068,218.018,1408,1526.46,407.33,1651.58,656.35,0.8675
13068,218.018,1415,1822.09,353.94,1913.79,489.32,0.6179
13068,218.018,1418,1379.47,369.47,1483.15,601.18,0.8064
13068,218.018,1419,1093.48,284.87,1172.95,490.89,0.7568
13074,218.118,1408,1525.82,413.76,1663.46,659.58,0.8861
13074,218.118,1415,1854.62,354.03,1920.0,490.6,0.5919
13074,218.118,1418,1379.23,366.15,1499.01,600.15,0.8212
13074,218.118,1419,1126.33,283.81,1196.68,492.92,0.7697
13080,218.218,1408,1511.63,416.87,1629.61,662.6,0.8551
13080,218.218,1415,1880.09,354.97,1920.0,494.37,0.5953
13080,218.218,1418,1371.47,361.84,1482.04,593.99,0.7786
13080,218.218,1419,1117.05,285.56,1218.21,492.41,0.81
13086,218.318,1408,1480.41,410.18,1601.58,662.0,0.8644
13086,218.318,1418,1338.65,367.04,1437.65,587.57,0.8427
13086,218.318,1419,1113.82,287.49,1231.11,492.04,0.8496
13092,218.418,1408,1440.75,409.37,1580.23,664.92,0.8859
13092,218.418,1415,1875.1,359.75,1920.0,487.54,0.5787
13092,218.418,1418,1285.45,363.58,1417.88,586.39,0.8719
13092,218.418,1419,1119.87,286.23,1234.28,492.69,0.8122
13098,218.518,1408,1420.49,413.8,1540.94,669.32,0.8159
13098,218.518,1415,1867.03,364.59,1920.0,486.94,0.6352
13098,218.518,1418,1273.37,360.42,1382.67,585.29,0.7624
13098,218.518,1419,1130.54,284.16,1217.77,494.78,0.7378
13104,218.618,1408,1390.55,405.63,1498.24,666.98,0.8472
13104,218.618,1415,1872.2,355.45,1918.21,489.78,0.7012
13104,218.618,1418,1237.32,351.44,1332.34,584.47,0.8174
13104,218.618,1419,1118.96,283.83,1202.28,492.83,0.8632
13116,218.819,1428,643.58,610.34,802.76,1079.45,0.8959
13116,218.819,1430,502.13,640.67,559.55,842.18,0.6339
13116,218.819,1431,1772.18,653.25,1808.65,760.84,0.7532
13116,218.819,1436,1301.81,648.61,1364.36,768.26,0.4538
13122,218.919,1428,651.66,612.45,799.75,1067.23,0.8891
13122,218.919,1430,512.3,645.24,572.14,839.72,0.7096
13122,218.919,1431,1766.99,654.37,1814.31,761.04,0.6507
13122,218.919,1436,1293.19,649.32,1352.23,773.91,0.5919
13128,219.019,1428,653.67,610.87,795.85,1043.99,0.8857
13128,219.019,1430,519.03,645.37,577.65,840.44,0.6344
13128,219.019,1431,1761.38,653.27,1821.83,761.94,0.7397
13128,219.019,1436,1275.66,651.77,1333.26,776.58,0.6892
13134,219.119,1428,653.78,610.89,794.97,1034.91,0.8955
13134,219.119,1430,525.11,643.91,584.71,843.09,0.6559
13134,219.119,1431,1756.53,655.26,1814.23,761.24,0.649
13134,219.119,1436,1250.42,656.48,1321.62,777.03,0.722
13140,219.219,1428,652.12,612.58,795.66,1032.39,0.8916
13140,219.219,1430,529.71,642.46,591.11,844.62,0.6581
13140,219.219,1431,1748.94,653.8,1797.39,761.16,0.6989
13140,219.219,1436,1234.91,655.51,1297.62,778.43,0.6905
13146,219.319,1428,651.77,615.76,798.29,1033.72,0.8916
13146,219.319,1430,534.22,645.19,596.83,844.8,0.6784
13146,219.319,1431,1743.75,654.23,1786.43,761.69,0.5898
13146,219.319,1436,1216.99,654.41,1272.38,780.35,0.7096
13146,219.319,1451,1300.54,656.67,1347.63,782.47,0.7129
13152,219.419,1428,657.6,622.03,802.38,1017.35,0.9003
13152,219.419,1430,538.06,646.63,600.67,843.63,0.699
13152,219.419,1431,1738.5,658.15,1802.35,766.02,0.4398
13152,219.419,1436,1187.32,652.7,1254.72,779.17,0.6867
13152,219.419,1451,1285.91,656.13,1336.64,786.78,0.6383
13158,219.519,1428,671.11,621.7,806.51,1005.37,0.8803
13158,219.519,1430,540.52,647.74,603.96,844.45,0.6807
13158,219.519,1431,1731.47,660.47,1805.56,768.19,0.5751
13158,219.519,1436,1170.99,655.44,1232.26,778.5,0.76
13158,219.519,1451,1264.76,657.78,1324.03,786.15,0.7147
13164,219.619,1428,683.96,620.34,809.87,996.09,0.8781
13164,219.619,1430,547.05,647.79,606.69,845.09,0.6992
13164,219.619,1431,1726.1,661.51,1790.23,768.32,0.615
13164,219.619,1436,1158.72,658.0,1209.09,778.7,0.6777
13164,219.619,1451,1252.75,663.08,1302.72,785.59,0.6078
13170,219.72,1428,693.91,623.52,811.4,992.26,0.8755
13170,219.72,1430,553.19,648.82,613.06,842.9,0.7175
13170,219.72,1431,1717.36,659.7,1769.57,769.47,0.7206
13170,219.72,1436,1151.38,656.86,1194.04,778.85,0.7533
13170,219.72,1451,1239.64,669.45,1284.77,786.87,0.6071
13170,219.72,1463,1218.76,666.15,1262.41,766.29,0.5544
13176,219.82,1428,697.68,628.6,812.4,992.5,0.8678
13176,219.82,1430,558.64,648.41,620.76,840.42,0.6994
13176,219.82,1431,1706.02,657.63,1762.64,770.56,0.5928
13176,219.82,1436,1138.15,654.29,1189.64,779.52,0.756
13176,219.82,1451,1220.71,664.0,1280.21,786.81,0.5864
13176,219.82,1463,1217.84,665.13,1263.35,777.09,0.5384
13182,219.92,1428,700.0,634.06,813.15,984.71,0.8673
13182,219.92,1430,563.64,649.62,624.49,839.85,0.6999
13182,219.92,1431,1691.96,657.0,1759.79,769.26,0.4959
13182,219.92,1436,1133.45,657.55,1184.58,779.23,0.7752
13182,219.92,1451,1214.1,664.12,1273.17,784.78,0.6048
13182,219.92,1463,1217.01,666.52,1261.51,782.61,0.6594
13188,220.02,1428,700.33,635.55,813.15,973.75,0.8805
13188,220.02,1430,572.56,651.43,633.43,838.99,0.7559
13188,220.02,1431,1699.34,656.04,1749.41,764.24,0.461
13188,220.02,1436,1131.99,653.57,1179.69,779.06,0.7238
13188,220.02,1463,1216.88,663.35,1261.36,785.42,0.7217
13194,220.12,1428,695.48,632.26,817.75,958.59,0.8818
13194,220.12,1430,577.38,655.36,641.81,839.2,0.7452
13194,220.12,1431,1704.44,661.31,1745.41,765.46,0.5796
13194,220.12,1436,1132.91,652.56,1175.07,779.22,0.7403
13194,220.12,1451,1206.03,661.83,1253.41,787.03,0.7447
13200,220.22,1428,694.83,633.44,818.53,952.87,0.8514
13200,220.22,1430,583.74,656.85,648.84,837.32,0.6859
13200,220.22,1431,1706.26,660.7,1745.39,767.79,0.5236
13200,220.22,1436,1131.83,656.11,1172.02,780.56,0.6863
13200,220.22,1451,1194.27,664.4,1245.65,787.59,0.3109
13200,220.22,1463,1210.74,665.36,1257.37,788.32,0.7012
13200,220.22,1468,1661.02,676.16,1701.93,769.91,0.6138
13200,220.22,1469,812.2,660.5,850.92,773.81,0.5142
13200,220.22,1470,687.74,658.54,736.4,768.74,0.5911
13206,220.32,1428,715.31,635.45,821.36,953.93,0.7942
13206,220.32,1430,594.74,658.75,657.18,838.97,0.6861
13206,220.32,1431,1708.58,668.53,1750.94,768.82,0.5999
13206,220.32,1436,1132.21,660.45,1170.67,780.94,0.7583
13206,220.32,1451,1192.81,667.19,1232.46,786.64,0.5373
13206,220.32,1463,1210.25,666.48,1254.5,786.95,0.479
13206,220.32,1468,1653.19,681.86,1688.36,770.7,0.7508
13206,220.32,1469,823.53,664.13,861.97,780.23,0.6844
13206,220.32,1470,692.06,657.75,741.05,772.21,0.5325
13212,220.42,1428,733.69,644.45,826.23,952.92,0.789
13212,220.42,1430,603.04,657.3,665.55,839.1,0.7308
13212,220.42,1431,1710.67,675.09,1761.37,770.73,0.679
13212,220.42,1436,1133.37,659.97,1168.76,782.72,0.7302
13212,220.42,1451,1196.94,666.17,1241.55,787.8,0.5752
13212,220.42,1463,1213.45,664.62,1250.39,787.69,0.5702
13212,220.42,1468,1642.64,683.8,1682.72,771.75,0.6567
13212,220.42,1469,835.63,670.18,874.26,780.16,0.7144
13212,220.42,1470,702.9,655.49,741.46,775.21,0.4932
13218,220.52,1428,746.59,643.09,832.52,951.06,0.8383
13218,220.52,1430,611.37,657.17,677.76,839.44,0.6592
13218,220.52,1431,1711.33,673.57,1761.7,771.7,0.6326
13218,220.52,1436,1135.21,660.8,1169.0,783.44,0.7105
13218,220.52,1451,1196.21,666.69,1236.91,788.23,0.5904
13218,220.52,1463,1216.02,666.53,1249.16,783.86,0.4823
13218,220.52,1468,1635.81,683.35,1682.63,772.86,0.6104
13218,220.52,1469,844.85,670.71,884.72,782.33,0.5791
13218,220.52,1470,710.95,663.69,738.53,760.33,0.4626
13224,220.62,1428,757.51,643.63,839.77,941.97,0.7901
13224,220.62,1430,614.44,664.82,685.48,839.41,0.6952
13224,220.62,1431,1712.57,671.51,1754.76,772.66,0.5849
13224,220.62,1436,1134.37,659.69,1171.12,783.42,0.7108
13224,220.62,1451,1191.3,663.38,1238.55,788.65,0.5858
13224,220.62,1463,1217.53,666.18,1250.93,783.32,0.4207
13224,220.62,1468,1626.82,682.11,1672.12,770.44,0.6456
13224,220.62,1469,851.58,670.2,891.44,783.96,0.6387
13224,220.62,1470,716.94,662.54,746.47,760.99,0.5137
13230,220.721,1428,764.01,643.06,848.73,934.15,0.7951
13230,220.721,1430,622.67,674.98,695.0,839.83,0.6371
13230,220.721,1431,1710.6,672.81,1749.54,774.05,0.5546
13230,220.721,1436,1132.87,661.76,1170.71,784.5,0.7215
13230,220.721,1451,1182.84,669.24,1240.06,789.2,0.6617
13230,220.721,1463,1215.62,672.56,1252.01,780.1,0.4836
13230,220.721,1468,1618.76,687.81,1660.56,771.01,0.6343
13230,220.721,1469,857.83,669.83,897.01,784.81,0.7303
13230,220.721,1470,718.09,662.16,749.25,767.38,0.6097
13236,220.821,1428,768.77,645.26,859.69,931.64,0.7945
13236,220.821,1430,627.61,666.53,700.51,841.13,0.5234
13236,220.821,1431,1713.3,672.25,1753.64,774.83,0.5434
13236,220.821,1436,1134.21,663.13,1172.38,785.86,0.6764
13236,220.821,1451,1180.68,676.36,1238.97,789.3,0.5128
13236,220.821,1463,1220.01,674.88,1255.46,776.82,0.5126
13236,220.821,1468,1616.01,685.51,1654.53,774.96,0.6492
13236,220.821,1469,865.02,664.53,902.31,787.6,0.6515
13236,220.821,1470,723.26,662.9,757.99,768.84,0.5058
13242,220.921,1428,770.27,647.71,865.78,930.51,0.7836
13242,220.921,1430,630.01,671.13,699.34,842.2,0.5925
13242,220.921,1431,1711.38,672.21,1759.68,775.37,0.5853
13242,220.921,1436,1136.74,663.8,1171.58,785.11,0.7443
13242,220.921,1451,1185.78,688.51,1236.16,788.65,0.5704
13242,220.921,1463,1226.81,674.11,1258.14,759.9,0.4462
13242,220.921,1468,1611.35,681.71,1653.17,774.9,0.5791
13242,220.921,1469,870.57,664.28,907.25,787.38,0.5523
13242,220.921,1470,726.0,666.89,760.5,767.82,0.4536
13242,220.921,1476,1742.28,564.75,1920.0,1072.01,0.8946
13248,221.021,1428,771.89,648.09,868.25,927.03,0.7771
13248,221.021,1430,639.27,665.91,701.85,842.62,0.6161
13248,221.021,1436,1136.61,663.17,1171.28,787.3,0.7621
13248,221.021,1451,1188.52,691.18,1236.71,788.74,0.6219
13248,221.021,1463,1226.97,670.99,1260.86,765.26,0.623
13248,221.021,1468,1607.79,691.13,1643.42,775.59,0.6366
13248,221.021,1469,873.14,669.04,909.52,787.9,0.559
13248,221.021,1470,733.87,671.81,765.23,761.91,0.6162
13248,221.021,1476,1701.73,564.43,1920.0,1070.65,0.9103
13254,221.121,1428,777.98,647.4,866.27,921.34,0.7333
13254,221.121,1430,644.3,659.67,702.43,842.36,0.624
13254,221.121,1436,1136.17,664.37,1171.36,787.12,0.7669
13254,221.121,1451,1189.25,691.5,1232.07,789.23,0.5865
13254,221.121,1463,1226.93,669.39,1261.97,770.28,0.5621
13254,221.121,1468,1601.71,692.77,1635.89,777.81,0.5876
13254,221.121,1469,878.36,678.02,910.71,788.45,0.5885
13254,221.121,1470,737.68,673.28,769.27,764.25,0.7103
13254,221.121,1476,1658.91,571.58,1920.0,1073.33,0.9241
13260,221.221,1428,780.98,647.1,861.71,915.86,0.6972
13260,221.221,1430,644.81,658.09,703.85,841.33,0.6835
13260,221.221,1436,1135.37,667.69,1171.8,787.29,0.8133
13260,221.221,1451,1190.5,691.89,1232.13,789.42,0.6461
13260,221.221,1463,1228.0,667.47,1263.37,769.57,0.4751
13260,221.221,1468,1594.74,692.74,1631.45,779.67,0.4553
13260,221.221,1469,879.8,679.9,911.07,787.24,0.6579
13260,221.221,1470,741.7,674.41,772.23,763.99,0.6824
13260,221.221,1476,1626.38,582.93,1919.54,1075.58,0.9304
13266,221.321,1428,782.49,651.09,859.75,910.73,0.7275
13266,221.321,1430,648.4,656.56,704.01,841.22,0.6655
13266,221.321,1436,1133.68,669.73,1170.17,788.65,0.7643
13266,221.321,1451,1190.34,690.24,1231.96,790.39,0.6784
13266,221.321,1463,1227.72,669.22,1262.24,770.86,0.4279
13266,221.321,1468,1586.18,691.31,1622.12,775.04,0.4602
13266,221.321,1469,879.27,682.97,909.64,787.35,0.6476
13266,221.321,1470,744.33,675.75,773.5,764.08,0.662
13266,221.321,1476,1609.95,584.16,1904.78,1075.67,0.919
13272,221.421,1428,783.68,654.07,858.42,913.58,0.705
13272,221.421,1430,650.27,656.07,704.71,841.6,0.7036
13272,221.421,1436,1132.63,671.22,1169.49,787.82,0.8228
13272,221.421,1451,1189.8,687.98,1228.36,789.17,0.6245
13272,221.421,1463,1226.07,672.29,1257.78,770.33,0.3746
13272,221.421,1468,1579.9,689.48,1612.91,771.08,0.6801
13272,221.421,1469,876.32,687.85,907.57,787.6,0.616
13272,221.421,1470,745.83,677.89,775.03,763.01,0.5472
13272,221.421,1476,1606.89,576.14,1874.16,1076.91,0.9024
13278,221.521,1428,788.41,656.52,860.63,908.82,0.7607
13278,221.521,1430,651.3,656.64,704.68,842.17,0.7098
13278,221.521,1436,1129.39,671.01,1168.23,786.24,0.8724
13278,221.521,1451,1188.96,685.42,1227.78,789.79,0.6902
13278,221.521,1468,1574.15,689.62,1605.11,773.1,0.6752
13278,221.521,1469,866.74,692.09,906.99,787.92,0.4217
13278,221.521,1470,744.66,676.12,781.25,764.7,0.6375
13278,221.521,1476,1613.95,581.01,1817.89,1078.2,0.9006
13284,221.621,1428,790.73,655.63,862.54,900.83,0.8179
13284,221.621,1430,652.39,657.89,705.32,842.36,0.7076
13284,221.621,1436,1126.98,670.63,1166.74,784.85,0.8462
13284,221.621,1451,1188.64,686.35,1227.94,789.26,0.6913
13284,221.621,1468,1568.45,687.56,1600.18,773.43,0.6041
13284,221.621,1469,858.65,682.22,907.39,791.51,0.533
13284,221.621,1470,746.78,676.46,782.72,764.42,0.7126
13284,221.621,1476,1597.6,586.65,1790.61,1079.4,0.8953
13284,221.621,1484,1241.54,674.97,1266.51,752.91,0.3691
13290,221.721,1428,789.79,653.98,862.89,895.16,0.7862
13290,221.721,1430,653.36,660.32,705.75,842.27,0.6938
13290,221.721,1436,1124.54,671.43,1166.02,785.55,0.818
13290,221.721,1451,1187.85,685.09,1226.59,789.81,0.6809
13290,221.721,1468,1560.71,691.79,1592.45,768.31,0.4472
13290,221.721,1469,855.31,678.92,901.18,788.49,0.5675
13290,221.721,1470,755.77,675.51,790.38,759.15,0.529
13290,221.721,1476,1570.98,593.69,1779.26,1078.58,0.8981
13290,221.721,1484,1240.86,676.38,1267.41,750.47,0.3402
13296,221.822,1428,789.41,654.6,876.13,892.96,0.8153
13296,221.822,1430,651.89,660.96,703.74,841.96,0.6566
13296,221.822,1436,1123.71,672.84,1163.62,785.17,0.8401
13296,221.822,1451,1187.35,688.16,1227.15,791.06,0.7227
13296,221.822,1470,759.81,667.03,797.0,760.12,0.6504
13296,221.822,1476,1559.43,595.51,1774.27,1079.36,0.9032
13296,221.822,1484,1241.13,675.98,1269.11,750.27,0.5081
13302,221.922,1428,783.12,657.97,878.51,891.56,0.7916
13302,221.922,1430,650.92,660.83,706.26,841.71,0.6753
13302,221.922,1436,1123.2,672.28,1163.0,783.15,0.8192
13302,221.922,1451,1184.78,685.86,1227.59,792.97,0.6474
13302,221.922,1470,763.75,671.47,801.28,758.97,0.3993
13302,221.922,1476,1544.28,596.67,1734.48,1076.27,0.892
13302,221.922,1484,1241.33,676.39,1270.11,750.51,0.4719
13308,222.022,1428,780.24,660.26,877.79,890.61,0.8032
13308,222.022,1430,651.02,663.04,707.48,841.68,0.7336
13308,222.022,1436,1124.24,672.68,1163.91,782.3,0.8344
13308,222.022,1451,1182.23,688.14,1221.55,791.98,0.5438
13308,222.022,1476,1523.09,596.01,1685.61,1070.36,0.8691
13308,222.022,1484,1242.42,674.07,1271.22,748.66,0.5268
13308,222.022,1486,1859.33,648.22,1919.74,866.17,0.7251
13314,222.122,1428,783.05,659.22,871.16,886.55,0.791
13314,222.122,1430,652.46,662.33,708.09,843.23,0.7316
13314,222.122,1436,1126.62,673.8,1166.92,782.07,0.7985
13314,222.122,1451,1179.48,696.17,1219.41,790.78,0.6302
13314,222.122,1463,1206.09,677.82,1233.14,780.88,0.3927
13314,222.122,1476,1502.7,602.31,1661.86,1068.18,0.8967
13314,222.122,1484,1242.33,673.26,1272.7,751.02,0.6146
13314,222.122,1486,1859.91,645.31,1919.94,867.07,0.5907
13320,222.222,1428,784.48,657.1,862.09,882.78,0.8138
13320,222.222,1430,653.43,662.92,710.15,844.34,0.7575
13320,222.222,1436,1130.04,677.25,1169.7,782.95,0.7401
13320,222.222,1451,1174.75,690.23,1221.05,791.27,0.5393
13320,222.222,1463,1203.16,678.17,1229.37,781.21,0.4861
13320,222.222,1476,1480.03,604.11,1641.78,1069.24,0.8856
13320,222.222,1484,1243.21,673.31,1273.19,753.1,0.6434
13320,222.222,1486,1831.59,642.11,1919.73,867.5,0.7929
13320,222.222,1488,1187.64,686.49,1226.75,785.28,0.5226
13326,222.322,1428,783.44,655.44,854.98,879.51,0.7938
13326,222.322,1430,653.41,664.66,710.66,844.99,0.7958
13326,222.322,1436,1132.45,677.22,1172.41,783.16,0.7104
13326,222.322,1451,1169.84,691.29,1221.61,791.43,0.594
13326,222.322,1463,1199.49,678.15,1226.37,781.71,0.5317
13326,222.322,1476,1462.72,606.53,1624.31,1060.57,0.9005
13326,222.322,1484,1243.07,673.55,1273.1,755.11,0.6757
13326,222.322,1486,1800.89,641.77,1919.67,865.0,0.8451
13326,222.322,1488,1186.38,681.27,1225.23,786.72,0.5141
13332,222.422,1428,784.27,658.56,850.62,878.99,0.7723
13332,222.422,1430,652.55,669.92,712.25,844.4,0.8092
13332,222.422,1436,1134.97,674.32,1175.84,780.71,0.7029
13332,222.422,1451,1166.79,689.15,1221.66,788.78,0.5117
13332,222.422,1463,1194.58,679.7,1224.06,781.72,0.4628
13332,222.422,1476,1448.91,603.92,1598.81,1047.22,0.8756
13332,222.422,1484,1243.55,673.75,1272.86,755.8,0.6672
13332,222.422,1486,1781.42,644.78,1917.42,864.22,0.8036
13338,222.522,1428,784.75,660.47,848.25,878.39,0.7516
13338,222.522,1430,652.34,672.95,714.68,843.44,0.8096
13338,222.522,1436,1141.09,674.23,1177.83,780.65,0.7243
13338,222.522,1451,1167.59,686.73,1220.42,786.77,0.5097
13338,222.522,1463,1190.25,682.87,1221.71,781.65,0.5023
13338,222.522,1476,1436.99,602.46,1567.64,1028.69,0.8723
13338,222.522,1484,1243.82,674.48,1272.04,755.59,0.6693
13338,222.522,1486,1768.4,647.14,1891.48,863.65,0.7577
13344,222.622,1428,784.63,661.46,847.73,873.92,0.7484
13344,222.622,1430,652.02,668.68,714.81,843.95,0.7729
13344,222.622,1436,1145.68,674.13,1180.57,781.0,0.6364
13344,222.622,1451,1161.92,699.54,1216.5,788.5,0.4356
13344,222.622,1463,1187.22,684.2,1217.17,781.29,0.4419
13344,222.622,1476,1425.18,605.35,1545.84,1023.69,0.8763
13344,222.622,1484,1241.99,674.21,1271.86,755.78,0.661
13344,222.622,1486,1754.14,646.26,1843.85,863.14,0.7981
13344,222.622,1488,1169.53,683.99,1218.58,787.19,0.4495
13350,222.722,1428,783.8,660.7,850.11,868.51,0.7725
13350,222.722,1430,651.44,664.97,713.78,842.86,0.7428
13350,222.722,1436,1148.47,674.02,1183.73,781.47,0.5837
13350,222.722,1451,1159.62,705.92,1213.01,789.83,0.4725
13350,222.722,1463,1180.23,682.73,1214.73,773.35,0.3149
13350,222.722,1476,1405.65,610.38,1540.7,1023.03,0.8376
13350,222.722,1484,1242.54,676.73,1271.19,756.77,0.682
13350,222.722,1486,1726.01,649.43,1823.79,860.49,0.8341
13350,222.722,1488,1168.32,681.35,1215.34,788.51,0.3902
13356,222.823,1428,780.88,662.81,851.04,863.46,0.7566
13356,222.823,1430,649.61,663.56,712.59,843.01,0.751
13356,222.823,1436,1150.6,673.51,1185.3,781.53,0.3863
13356,222.823,1476,1392.77,612.97,1533.06,1023.1,0.8712
13356,222.823,1484,1242.59,679.84,1270.02,757.47,0.6346
13356,222.823,1486,1692.42,650.28,1812.27,858.26,0.8194
13356,222.823,1488,1160.01,680.5,1213.65,790.85,0.5804
13362,222.923,1428,777.15,667.44,851.1,861.82,0.7426
13362,222.923,1430,648.18,662.95,711.51,842.17,0.7435
13362,222.923,1476,1376.94,614.93,1521.96,1017.02,0.8746
13362,222.923,1484,1239.22,680.38,1268.4,755.76,0.6982
13362,222.923,1486,1679.16,650.77,1798.84,855.76,0.8067
13362,222.923,1488,1156.53,679.47,1211.03,791.78,0.6632
13368,223.023,1428,769.37,670.02,846.59,860.97,0.7522
13368,223.023,1430,645.88,662.63,709.84,841.18,0.7064
13368,223.023,1476,1363.75,614.31,1501.26,1004.14,0.8174
13368,223.023,1484,1238.63,681.6,1267.06,752.25,0.5705
13368,223.023,1486,1666.99,653.56,1766.94,853.84,0.8034
13368,223.023,1488,1158.08,672.94,1208.48,791.81,0.768
13374,223.123,1428,766.27,669.1,842.21,859.75,0.8017
13374,223.123,1430,641.33,662.52,709.89,840.53,0.6461
13374,223.123,1476,1351.3,611.58,1477.7,995.1,0.8078
13374,223.123,1484,1238.63,682.18,1266.63,751.03,0.5075
13374,223.123,1486,1659.44,648.52,1732.92,850.85,0.8059
13374,223.123,1488,1159.69,671.06,1208.34,791.3,0.7939
13380,223.223,1428,764.11,664.01,835.44,854.85,0.7613
13380,223.223,1430,639.42,662.41,710.16,839.69,0.6535
13380,223.223,1476,1340.15,613.17,1464.19,986.52,0.8749
13380,223.223,1484,1237.98,680.99,1266.46,750.34,0.5756
13380,223.223,1486,1633.54,647.32,1722.64,848.7,0.7947
13380,223.223,1488,1163.77,673.51,1210.81,789.86,0.6709
13386,223.323,1428,759.69,662.58,831.09,850.37,0.7525
13386,223.323,1430,638.61,663.64,709.62,838.58,0.6464
13386,223.323,1476,1328.84,615.1,1455.27,987.77,0.8705
13386,223.323,1484,1237.33,683.37,1267.78,750.8,0.5256
13386,223.323,1486,1607.92,644.03,1717.81,847.16,0.825
13386,223.323,1488,1160.86,672.88,1214.62,789.11,0.6435
13386,223.323,1492,817.4,667.79,852.68,765.96,0.447
13392,223.423,1428,757.14,661.32,828.05,850.48,0.7886
13392,223.423,1430,636.85,661.49,706.81,838.45,0.7151
13392,223.423,1476,1318.45,616.41,1442.79,989.58,0.8543
13392,223.423,1484,1237.81,686.08,1267.11,747.99,0.453
13392,223.423,1486,1597.34,645.8,1709.28,847.46,0.7836
13392,223.423,1488,1159.35,676.89,1210.07,788.98,0.5704
13392,223.423,1492,815.82,669.13,851.96,766.11,0.5298
13398,223.523,1428,753.93,663.17,825.84,850.22,0.8027
13398,223.523,1430,634.23,659.48,702.29,839.19,0.7731
13398,223.523,1476,1308.4,616.95,1428.43,982.51,0.8616
13398,223.523,1484,1236.78,687.84,1267.16,747.37,0.5344
13398,223.523,1486,1590.33,649.78,1675.43,846.66,0.7045
13398,223.523,1488,1159.85,677.32,1208.31,788.13,0.5985
13398,223.523,1492,814.31,669.7,851.63,767.63,0.6194
13404,223.623,1428,751.38,664.32,824.47,848.72,0.8122
13404,223.623,1430,632.44,659.86,699.08,839.69,0.7909
13404,223.623,1476,1301.07,617.66,1413.14,972.33,0.846
13404,223.623,1486,1578.49,651.78,1642.63,846.03,0.7431
13404,223.623,1488,1161.67,679.67,1206.24,787.63,0.654
13404,223.623,1492,813.91,670.99,850.49,767.65,0.5873
13410,223.724,1428,751.0,665.23,822.27,845.06,0.779
13410,223.724,1430,627.7,663.54,693.9,841.67,0.695
13410,223.724,1476,1292.32,617.37,1399.37,965.19,0.8738
13410,223.724,1486,1553.33,649.75,1630.75,846.55,0.8003
13410,223.724,1488,1160.83,678.88,1205.93,787.71,0.6352
13410,223.724,1492,813.4,670.89,848.14,766.51,0.5383
13416,223.824,1428,752.73,663.98,818.7,840.53,0.7892
13416,223.824,1430,621.78,664.89,692.66,841.34,0.7108
13416,223.824,1476,1277.56,618.93,1389.27,964.08,0.8624
13416,223.824,1486,1529.48,648.05,1624.67,845.06,0.8508
13416,223.824,1488,1160.55,680.33,1206.86,788.6,0.714
13416,223.824,1492,815.77,670.3,847.15,764.41,0.5445
13422,223.924,1428,754.31,666.87,815.48,838.64,0.799
13422,223.924,1430,618.42,663.97,694.42,842.36,0.7383
13422,223.924,1476,1266.68,619.38,1377.91,961.31,0.8686
13422,223.924,1486,1518.8,646.08,1621.17,844.43,0.8224
13422,223.924,1488,1161.16,685.4,1211.42,789.7,0.7149
13422,223.924,1492,814.69,669.98,845.52,761.44,0.5731
13428,224.024,1428,756.13,669.98,813.86,836.31,0.7781
13428,224.024,1430,616.66,666.46,691.99,842.76,0.7493
13428,224.024,1476,1253.96,620.3,1371.43,961.46,0.8543
13428,224.024,1486,1517.46,643.38,1609.18,844.35,0.7048
13428,224.024,1488,1164.25,698.06,1216.17,788.93,0.6407
13428,224.024,1492,819.56,671.28,851.37,763.51,0.5942
13434,224.124,1428,756.75,669.82,811.94,837.12,0.7817
13434,224.124,1430,618.86,669.54,688.0,843.19,0.6903
13434,224.124,1476,1250.65,622.84,1370.68,961.66,0.8628
13434,224.124,1486,1515.36,647.13,1584.76,845.0,0.7352
13434,224.124,1488,1169.92,689.56,1223.14,789.0,0.3668
13434,224.124,1492,825.79,672.22,855.02,763.91,0.5435
13440,224.224,1428,758.95,668.81,814.26,835.4,0.8144
13440,224.224,1430,623.53,670.64,692.07,844.36,0.7186
13440,224.224,1476,1249.53,624.79,1372.78,960.34,0.8689
13440,224.224,1486,1506.9,646.45,1576.56,845.98,0.7555
13440,224.224,1492,832.1,673.19,859.63,765.26,0.5858
13446,224.324,1428,763.1,665.5,820.93,833.17,0.8202
13446,224.324,1430,632.27,669.79,699.43,845.89,0.7051
13446,224.324,1476,1253.33,623.99,1378.28,957.59,0.8582
13446,224.324,1486,1499.35,651.24,1580.87,844.26,0.7025
13446,224.324,1488,1182.62,719.8,1232.81,791.68,0.4411
13446,224.324,1492,835.58,670.41,866.07,766.32,0.714
13452,224.424,1428,767.05,666.88,825.05,831.94,0.8189
13452,224.424,1430,640.53,668.36,709.74,847.45,0.6821
13452,224.424,1476,1257.73,624.03,1384.28,956.37,0.8796
13452,224.424,1486,1488.18,650.83,1585.02,845.81,0.6771
13452,224.424,1492,842.37,667.74,870.22,766.2,0.6128
13458,224.524,1428,773.48,667.26,833.43,831.99,0.819
13458,224.524,1430,651.21,667.95,720.31,847.81,0.7114
13458,224.524,1476,1267.37,621.71,1389.88,953.33,0.8547
13458,224.524,1486,1484.74,653.01,1586.12,846.88,0.6639
13458,224.524,1488,1197.18,728.66,1253.04,792.3,0.3087
13458,224.524,1492,843.2,665.59,876.54,764.99,0.5324
13464,224.624,1428,781.37,667.59,841.05,828.82,0.7944
13464,224.624,1430,661.27,666.42,726.22,844.15,0.7856
13464,224.624,1476,1277.5,621.15,1399.37,949.93,0.8516
13464,224.624,1486,1488.62,649.38,1576.36,846.7,0.6883
13464,224.624,1488,1207.27,729.47,1259.79,792.1,0.3782
13464,224.624,1492,851.89,667.63,883.54,763.39,0.5735
13470,224.725,1428,789.22,666.93,845.95,824.98,0.8182
13470,224.725,1430,668.13,664.18,730.33,849.63,0.7777
13470,224.725,1476,1287.56,622.64,1410.7,949.83,0.8654
13470,224.725,1486,1490.66,647.42,1562.53,846.82,0.6928
13470,224.725,1488,1211.71,728.32,1266.79,792.03,0.4199
13470,224.725,1492,852.97,667.16,886.66,764.86,0.6574
13476,224.825,1428,795.91,665.54,848.98,821.91,0.7983
13476,224.825,1430,676.97,662.37,733.95,846.42,0.807
13476,224.825,1476,1297.45,620.55,1419.83,950.6,0.8347
13476,224.825,1486,1479.93,647.94,1561.52,844.89,0.6489
13476,224.825,1488,1214.38,720.16,1271.51,789.57,0.4711
13476,224.825,1492,860.46,668.83,889.8,764.55,0.7031
13482,224.925,1428,801.31,667.01,853.12,817.73,0.782
13482,224.925,1430,683.69,660.91,741.27,846.05,0.72
13482,224.925,1476,1303.78,618.11,1427.53,948.12,0.8344
13482,224.925,1486,1471.31,648.83,1564.2,842.53,0.6498
13482,224.925,1488,1216.15,711.5,1275.09,788.58,0.5067
13482,224.925,1492,865.72,668.57,894.95,764.32,0.7283
13488,225.025,1428,803.48,669.01,856.32,815.43,0.7711
13488,225.025,1430,688.69,660.64,746.48,843.26,0.7697
13488,225.025,1476,1306.93,616.45,1440.84,945.83,0.8316
13488,225.025,1486,1468.34,652.52,1565.16,841.49,0.6864
13488,225.025,1488,1226.52,704.38,1276.56,787.81,0.5847
13488,225.025,1492,868.18,669.89,898.24,763.01,0.6711
13494,225.125,1428,803.42,669.39,855.11,816.16,0.7503
13494,225.125,1430,691.37,659.99,748.08,843.69,0.6366
13494,225.125,1476,1309.59,617.29,1441.99,945.61,0.8391
13494,225.125,1486,1467.53,648.2,1557.9,840.33,0.699
13494,225.125,1488,1231.37,698.54,1280.0,787.12,0.609
13494,225.125,1492,869.11,672.71,898.86,760.18,0.6478
13500,225.225,1428,803.91,668.38,854.93,814.62,0.8165
13500,225.225,1430,694.83,659.33,749.82,849.84,0.6543
13500,225.225,1476,1315.13,616.01,1444.48,946.94,0.8483
13500,225.225,1486,1468.09,648.58,1543.46,838.27,0.6968
13500,225.225,1488,1235.32,691.52,1280.41,786.14,0.665
13500,225.225,1492,869.2,668.67,900.16,760.54,0.7124
13506,225.325,1428,803.07,666.29,853.17,811.46,0.8322
13506,225.325,1430,699.26,659.84,752.81,844.49,0.6468
13506,225.325,1476,1319.92,615.66,1446.58,946.68,0.8527
13506,225.325,1486,1464.67,649.3,1525.76,837.68,0.727
13506,225.325,1488,1238.4,686.98,1280.55,785.74,0.7231
13506,225.325,1492,868.81,667.15,899.96,758.8,0.6243
13512,225.425,1428,801.0,666.0,850.78,809.68,0.8188
13512,225.425,1430,700.81,658.0,755.27,844.0,0.696
13512,225.425,1476,1326.1,616.26,1450.01,949.23,0.8676
13512,225.425,1486,1453.34,648.7,1521.43,839.06,0.7539
13512,225.425,1488,1242.93,682.41,1282.76,787.06,0.71
13512,225.425,1492,867.95,665.62,899.92,759.56,0.6405
13518,225.525,1428,800.51,668.33,850.1,809.69,0.8191
13518,225.525,1430,702.28,656.19,757.28,840.49,0.6811
13518,225.525,1476,1331.13,617.21,1453.61,950.23,0.8645
13518,225.525,1486,1443.85,646.36,1524.53,840.18,0.8032
13518,225.525,1488,1248.46,680.24,1286.56,786.9,0.6663
13518,225.525,1492,867.63,667.04,900.44,761.14,0.532
13524,225.625,1428,800.33,668.34,848.7,808.45,0.8261
13524,225.625,1430,703.99,654.65,757.97,838.28,0.6966
13524,225.625,1476,1333.39,618.42,1456.19,949.34,0.8637
13524,225.625,1486,1439.29,650.61,1524.13,839.39,0.7386
13524,225.625,1488,1251.25,675.45,1288.63,787.5,0.6831
13524,225.625,1492,864.86,666.43,900.12,761.52,0.5415
13524,225.625,1512,1837.39,658.43,1920.0,841.39,0.8162
13530,225.726,1428,800.61,665.99,848.64,807.42,0.8387
13530,225.726,1430,705.52,656.95,760.67,835.01,0.746
13530,225.726,1476,1334.09,617.56,1460.59,950.2,0.8536
13530,225.726,1486,1437.86,643.69,1519.96,837.69,0.6099
13530,225.726,1488,1256.38,676.58,1289.77,787.9,0.6328
13530,225.726,1492,864.93,665.65,899.53,761.84,0.566
13530,225.726,1512,1816.62,664.41,1913.37,841.37,0.7079
13536,225.826,1428,798.59,665.89,848.69,805.08,0.8588
13536,225.826,1430,707.77,656.49,764.32,835.39,0.715
13536,225.826,1476,1335.18,617.8,1462.29,948.72,0.8401
13536,225.826,1486,1437.19,646.99,1500.79,834.79,0.5598
13536,225.826,1488,1258.31,677.04,1291.87,787.23,0.6426
13536,225.826,1492,864.14,668.42,897.54,762.73,0.6192
13536,225.826,1512,1792.94,673.98,1894.45,837.91,0.7804
13536,225.826,1514,1500.8,668.34,1566.73,776.62,0.6306
13542,225.926,1428,797.79,666.18,848.81,805.25,0.8701
13542,225.926,1430,712.2,657.33,769.22,839.69,0.7888
13542,225.926,1476,1337.04,618.93,1466.27,950.18,0.836
13542,225.926,1486,1430.26,649.13,1483.78,834.36,0.7152
13542,225.926,1488,1258.02,676.36,1297.2,785.6,0.7283
13542,225.926,1492,865.07,667.53,896.93,760.93,0.6705
13542,225.926,1512,1757.43,664.12,1885.08,835.33,0.8099
13542,225.926,1514,1516.27,665.96,1572.89,775.44,0.6108
13548,226.026,1428,797.39,667.14,849.59,804.87,0.831
13548,226.026,1430,719.23,658.31,775.9,841.57,0.7549
13548,226.026,1476,1340.16,618.52,1469.03,951.27,0.8385
13548,226.026,1486,1425.47,647.96,1475.85,835.72,0.6717
13548,226.026,1488,1260.93,678.65,1302.81,785.18,0.7757
13548,226.026,1492,865.86,666.61,897.02,760.6,0.6763
13548,226.026,1512,1725.58,660.47,1854.8,833.05,0.6744
13548,226.026,1514,1536.47,665.33,1581.44,777.72,0.6813
13554,226.126,1428,797.08,670.08,849.0,806.98,0.8316
13554,226.126,1430,724.29,660.01,780.94,843.07,0.7849
13554,226.126,1476,1342.77,619.32,1473.07,952.49,0.8253
13554,226.126,1486,1424.68,654.03,1476.43,835.89,0.4426
13554,226.126,1488,1261.92,678.96,1307.36,784.7,0.7193
13554,226.126,1492,866.87,666.17,897.46,762.17,0.6419
13554,226.126,1512,1700.36,664.57,1808.27,832.27,0.6934
13554,226.126,1514,1543.48,664.53,1589.7,778.74,0.7356
13560,226.226,1428,799.27,670.06,848.53,804.3,0.7971
13560,226.226,1430,729.86,661.28,788.59,842.83,0.7629
13560,226.226,1476,1345.13,619.28,1477.09,955.51,0.8466
13560,226.226,1488,1267.23,672.48,1312.61,784.32,0.686
13560,226.226,1492,869.7,663.58,899.79,762.27,0.6117
13560,226.226,1512,1671.62,686.86,1776.22,829.47,0.6897
13560,226.226,1514,1554.3,664.66,1612.53,781.56,0.6513
13566,226.326,1428,799.89,668.18,849.41,801.73,0.8078
13566,226.326,1430,735.11,664.46,795.54,843.94,0.7626
13566,226.326,1476,1349.43,621.71,1476.81,952.85,0.8461
13566,226.326,1488,1275.05,674.43,1320.33,783.9,0.6301
13566,226.326,1492,871.05,666.69,900.92,758.22,0.6354
13566,226.326,1512,1635.01,678.34,1752.16,827.71,0.7032
13566,226.326,1514,1570.79,664.26,1624.15,781.83,0.6621
13572,226.426,1428,800.36,666.93,850.58,800.23,0.8167
13572,226.426,1430,738.96,662.91,798.54,843.83,0.6712
13572,226.426,1476,1351.3,622.17,1467.16,951.47,0.8479
13572,226.426,1488,1281.53,673.28,1327.64,784.46,0.6729
13572,226.426,1492,874.11,666.25,902.89,757.69,0.6839
13572,226.426,1512,1609.06,677.81,1689.45,825.71,0.5383
13578,226.526,1428,801.17,667.21,850.86,800.68,0.7945
13578,226.526,1430,743.18,663.86,802.39,842.44,0.7335
13578,226.526,1476,1351.9,621.27,1459.86,954.93,0.8469
13578,226.526,1488,1288.36,675.77,1332.79,783.9,0.7516
13578,226.526,1492,877.26,665.43,905.48,757.61,0.6034
13578,226.526,1512,1580.3,666.48,1659.74,823.84,0.6693
13584,226.626,1428,804.2,666.93,851.42,798.58,0.7677
13584,226.626,1430,745.14,664.66,804.43,840.82,0.7229
13584,226.626,1476,1348.88,620.44,1457.29,953.96,0.8249
13584,226.626,1488,1299.08,679.45,1336.37,783.39,0.5967
13584,226.626,1492,877.12,664.82,909.24,759.23,0.6405
13584,226.626,1512,1542.74,662.65,1641.28,823.99,0.7329
13584,226.626,1514,1611.97,664.62,1671.58,780.05,0.583
13590,226.727,1428,808.11,667.69,854.24,795.89,0.7258
13590,226.727,1430,747.56,668.34,807.49,839.73,0.705
13590,226.727,1476,1342.11,621.25,1451.96,952.18,0.8096
13590,226.727,1488,1307.33,677.64,1340.93,781.16,0.4822
13590,226.727,1492,878.52,665.26,911.58,759.92,0.621
13590,226.727,1512,1508.67,660.7,1602.22,820.86,0.5702
13590,226.727,1514,1622.75,666.7,1688.74,782.92,0.6581
13596,226.827,1428,812.4,665.73,857.04,791.57,0.7514
13596,226.827,1430,750.93,659.48,813.54,840.64,0.703
13596,226.827,1476,1335.25,622.11,1452.88,951.93,0.815
13596,226.827,1488,1311.58,672.99,1345.95,779.8,0.4171
13596,226.827,1492,881.49,662.53,912.71,760.79,0.6823
13596,226.827,1512,1482.14,665.62,1561.41,818.15,0.6401
13596,226.827,1514,1633.69,663.76,1698.55,781.14,0.757
13596,226.827,1525,1583.4,668.44,1616.06,754.93,0.6165
13596,226.827,1526,1435.52,671.6,1467.29,764.6,0.6722
13602,226.927,1428,813.14,664.55,858.52,792.83,0.7615
13602,226.927,1430,754.48,657.17,815.19,840.45,0.7163
13602,226.927,1476,1325.26,620.99,1453.12,949.45,0.8615
13602,226.927,1492,883.77,661.95,915.84,759.47,0.7614
13602,226.927,1512,1445.72,663.0,1543.63,814.02,0.6713
13602,226.927,1514,1647.29,664.06,1703.68,780.48,0.7539
13602,226.927,1525,1586.44,664.91,1621.82,756.46,0.709
13608,227.027,1428,813.53,665.66,858.27,792.91,0.7993
13608,227.027,1430,755.88,656.28,816.78,839.45,0.6941
13608,227.027,1476,1322.83,617.65,1449.71,947.28,0.7945
13608,227.027,1492,887.78,661.35,919.56,759.78,0.7418
13608,227.027,1512,1426.79,661.8,1510.39,805.68,0.4261
13608,227.027,1514,1662.35,659.04,1710.07,781.12,0.8099
13608,227.027,1525,1590.84,663.37,1625.99,756.82,0.6612
13608,227.027,1526,1441.81,660.7,1485.62,762.19,0.3299
13614,227.127,1428,814.54,666.79,858.13,792.74,0.7853
13614,227.127,1430,758.33,657.05,818.34,837.29,0.7874
13614,227.127,1476,1320.98,618.02,1443.92,938.77,0.8084
13614,227.127,1492,891.64,659.48,922.44,760.73,0.6929
13614,227.127,1514,1676.16,658.07,1723.94,780.37,0.7056
13614,227.127,1525,1594.16,663.35,1629.96,754.16,0.6498
13614,227.127,1526,1448.45,661.31,1489.66,765.22,0.7421
13620,227.227,1428,814.34,666.9,857.47,790.61,0.7477
13620,227.227,1430,759.65,660.17,818.78,838.29,0.7811
13620,227.227,1476,1313.63,616.61,1417.49,937.56,0.8375
13620,227.227,1492,893.5,658.67,924.12,760.48,0.6342
13620,227.227,1514,1683.96,660.15,1746.01,780.0,0.7258
13620,227.227,1525,1597.88,662.72,1633.81,752.72,0.6299
13620,227.227,1526,1453.29,661.17,1492.02,765.53,0.7327
13626,227.327,1428,813.93,665.76,857.21,788.63,0.7743
13626,227.327,1430,760.78,659.34,820.2,838.05,0.7477
13626,227.327,1476,1306.62,617.3,1404.14,934.11,0.8501
13626,227.327,1492,894.58,657.57,927.82,759.9,0.6782
13626,227.327,1514,1692.48,659.89,1760.59,781.57,0.707
13626,227.327,1525,1598.97,661.24,1635.67,752.8,0.6465
13626,227.327,1526,1455.89,659.9,1495.81,764.99,0.7719
13632,227.427,1428,813.73,664.48,856.95,786.45,0.7929
13632,227.427,1430,761.91,659.88,818.55,837.74,0.7115
13632,227.427,1476,1288.94,618.36,1398.21,932.86,0.8407
13632,227.427,1492,894.38,655.52,929.98,758.98,0.6629
13632,227.427,1514,1698.65,657.82,1767.54,779.91,0.6808
13632,227.427,1525,1601.05,660.91,1636.19,750.81,0.6509
13632,227.427,1526,1458.2,661.13,1497.53,764.98,0.7815
13638,227.527,1428,813.48,664.48,856.47,786.39,0.7384
13638,227.527,1430,761.76,659.44,818.96,837.92,0.7077
13638,227.527,1476,1274.87,621.62,1395.17,931.92,0.8691
13638,227.527,1492,892.86,656.24,929.14,758.98,0.632
13638,227.527,1514,1720.12,656.71,1770.7,780.03,0.6461
13638,227.527,1525,1602.11,658.77,1635.91,750.46,0.6733
13638,227.527,1526,1460.5,661.62,1498.99,764.42,0.7791
13644,227.627,1428,813.79,665.99,856.49,784.53,0.7472
13644,227.627,1430,761.83,658.8,817.0,838.22,0.7059
13644,227.627,1476,1262.33,626.49,1391.24,931.05,0.8585
13644,227.627,1492,892.39,656.75,928.9,757.89,0.5947
13644,227.627,1514,1735.57,657.33,1784.65,782.06,0.6713
13644,227.627,1525,1601.09,659.48,1636.81,750.64,0.6036
13644,227.627,1526,1461.4,661.07,1502.05,764.41,0.773
13644,227.627,1531,1701.88,678.83,1734.91,745.6,0.5124
13644,227.627,1532,1377.6,676.06,1413.56,745.22,0.4214
13650,227.727,1428,814.19,665.85,856.93,782.51,0.7599
13650,227.727,1430,762.64,659.1,817.28,837.54,0.7048
13650,227.727,1476,1252.79,624.33,1378.41,926.16,0.8535
13650,227.727,1492,894.04,657.83,927.23,756.87,0.5661
13650,227.727,1514,1746.47,662.21,1799.52,780.85,0.6516
13650,227.727,1525,1602.42,659.78,1636.52,751.21,0.6048
13650,227.727,1526,1461.77,661.67,1503.8,764.32,0.7326
13650,227.727,1531,1706.23,681.17,1738.55,744.29,0.3479
13650,227.727,1532,1377.95,674.71,1414.51,748.19,0.5732
13656,227.828,1428,814.12,665.41,856.59,781.42,0.7548
13656,227.828,1430,762.76,658.98,818.47,838.0,0.7
13656,227.828,1476,1246.88,623.9,1357.47,922.4,0.8049
13656,227.828,1486,1319.1,655.67,1362.63,815.68,0.4537
13656,227.828,1492,893.15,657.9,923.9,757.69,0.592
13656,227.828,1514,1753.64,665.46,1812.45,780.34,0.7425
13656,227.828,1525,1603.68,659.75,1637.2,751.51,0.6703
13656,227.828,1526,1463.64,661.13,1504.76,764.16,0.6898
13656,227.828,1531,1711.48,680.05,1742.41,744.71,0.4847
13656,227.828,1532,1379.02,670.02,1415.87,750.53,0.5463
13662,227.928,1428,814.54,664.84,857.23,778.94,0.7686
13662,227.928,1430,763.77,660.52,819.15,837.06,0.6907
13662,227.928,1476,1236.21,624.95,1333.44,919.49,0.7952
13662,227.928,1486,1311.53,655.98,1360.31,815.13,0.5196
13662,227.928,1492,892.32,658.07,921.82,757.14,0.6251
13662,227.928,1514,1761.8,664.16,1817.48,778.83,0.6938
13662,227.928,1525,1603.68,659.99,1637.81,751.3,0.6794
13662,227.928,1526,1464.83,660.31,1503.62,764.11,0.686
13662,227.928,1531,1715.37,680.65,1745.1,748.04,0.4859
13662,227.928,1532,1379.34,668.2,1415.88,750.2,0.5529
13668,228.028,1428,814.8,664.04,857.69,776.88,0.7775
13668,228.028,1430,765.02,658.13,819.11,836.77,0.7041
13668,228.028,1476,1228.02,624.89,1321.11,916.12,0.8385
13668,228.028,1486,1305.83,654.49,1359.84,816.35,0.6499
13668,228.028,1492,892.74,657.71,921.42,756.1,0.6429
13668,228.028,1514,1773.94,662.77,1821.24,780.11,0.67
13668,228.028,1525,1603.95,660.42,1638.95,750.91,0.6681
13668,228.028,1526,1466.24,660.05,1502.64,763.22,0.711
13668,228.028,1531,1720.68,681.54,1751.86,751.8,0.5136
13668,228.028,1532,1379.58,667.21,1416.87,749.68,0.6144
13674,228.128,1428,815.02,664.23,857.88,775.21,0.7793
13674,228.128,1430,766.86,657.32,820.29,837.13,0.6679
13674,228.128,1476,1208.44,626.19,1315.22,916.91,0.8277
13674,228.128,1486,1295.86,653.29,1357.18,815.14,0.6263
13674,228.128,1492,892.72,657.67,921.94,756.7,0.61
13674,228.128,1514,1778.43,661.37,1833.46,780.93,0.7232
13674,228.128,1525,1603.84,660.53,1639.25,749.91,0.6208
13674,228.128,1526,1468.03,659.78,1503.16,763.4,0.7094
13674,228.128,1531,1726.84,683.91,1758.99,752.9,0.5398
13674,228.128,1532,1379.5,665.14,1417.71,749.56,0.6563
13680,228.228,1428,814.55,664.08,855.49,773.41,0.6514
13680,228.228,1430,767.64,656.34,820.81,837.44,0.6822
13680,228.228,1476,1197.63,628.21,1313.91,915.44,0.8201
13680,228.228,1486,1290.01,654.44,1348.18,814.47,0.6778
13680,228.228,1492,891.57,657.37,920.63,756.62,0.5689
13680,228.228,1514,1786.04,663.2,1849.17,781.85,0.6583
13680,228.228,1525,1605.0,660.48,1641.22,749.93,0.656
13680,228.228,1526,1469.24,659.48,1503.81,763.9,0.7218
13680,228.228,1531,1730.86,683.97,1766.26,750.4,0.5491
13680,228.228,1532,1380.24,665.84,1417.89,749.09,0.6247
13686,228.328,1428,814.61,664.31,852.8,771.92,0.5075
13686,228.328,1430,768.48,657.68,821.88,837.1,0.6564
13686,228.328,1476,1193.57,629.16,1305.16,910.96,0.834
13686,228.328,1486,1283.58,650.32,1333.77,815.41,0.735
13686,228.328,1492,889.94,659.61,918.55,757.23,0.5381
13686,228.328,1514,1790.81,665.44,1857.55,781.68,0.6969
13686,228.328,1525,1605.48,660.85,1642.68,751.38,0.6395
13686,228.328,1526,1470.35,658.66,1505.01,764.3,0.6929
13686,228.328,1531,1733.48,683.89,1772.1,750.9,0.5089
13686,228.328,1532,1381.24,665.6,1418.43,748.89,0.5569
13692,228.428,1428,814.43,663.25,850.2,772.25,0.5228
13692,228.428,1430,768.46,656.56,823.51,836.65,0.6871
13692,228.428,1476,1185.08,627.86,1288.01,907.73,0.7977
13692,228.428,1486,1275.59,648.75,1325.3,816.0,0.7367
13692,228.428,1492,888.13,659.7,919.68,759.08,0.4769
13692,228.428,1512,1022.35,670.12,1058.31,778.85,0.6614
13692,228.428,1514,1797.09,663.74,1862.35,782.8,0.7574
13692,228.428,1525,1605.68,660.22,1642.94,752.38,0.6373
13692,228.428,1526,1470.65,658.81,1504.99,764.32,0.6557
13692,228.428,1531,1737.25,681.17,1776.92,754.45,0.5063
13692,228.428,1532,1382.17,665.57,1418.5,748.67,0.5622
13698,228.528,1428,814.71,662.15,848.38,773.3,0.4438
13698,228.528,1430,770.18,657.85,825.53,837.2,0.6691
13698,228.528,1476,1179.62,626.98,1275.87,906.4,0.824
13698,228.528,1486,1268.09,646.2,1322.14,815.22,0.7346
13698,228.528,1492,887.53,662.54,916.95,759.29,0.5349
13698,228.528,1512,999.46,670.87,1040.01,773.66,0.6481
13698,228.528,1514,1802.41,660.29,1864.47,782.46,0.7579
13698,228.528,1525,1607.29,660.75,1643.81,753.27,0.617
13698,228.528,1526,1472.04,659.03,1505.96,765.52,0.6557
13698,228.528,1531,1740.76,682.99,1782.76,755.17,0.5915
13698,228.528,1532,1382.87,664.38,1418.74,748.63,0.5804
13704,228.628,1428,814.33,661.66,847.21,774.71,0.3115
13704,228.628,1430,770.2,659.11,825.63,838.58,0.6764
13704,228.628,1476,1176.91,625.95,1268.08,898.36,0.7504
13704,228.628,1486,1261.09,644.78,1316.52,815.99,0.6998
13704,228.628,1492,887.0,664.47,913.89,759.45,0.5602
13704,228.628,1512,978.85,678.38,1023.7,773.17,0.4963
13704,228.628,1514,1805.63,659.14,1865.62,782.87,0.7164
13704,228.628,1525,1608.1,661.67,1643.45,753.88,0.5967
13704,228.628,1526,1470.64,659.38,1505.95,765.87,0.6796
13704,228.628,1531,1746.37,682.59,1785.68,756.61,0.5692
13704,228.628,1532,1383.09,666.46,1418.84,748.53,0.6247
13710,228.728,1428,814.41,660.83,846.29,773.35,0.4149
13710,228.728,1430,770.33,660.46,824.43,838.93,0.667
13710,228.728,1476,1161.1,628.98,1263.49,899.34,0.8309
13710,228.728,1486,1253.67,645.23,1307.15,816.24,0.7066
13710,228.728,1492,886.2,665.24,912.89,760.32,0.5441
13710,228.728,1512,964.93,679.5,1004.25,772.71,0.6215
13710,228.728,1514,1807.47,661.0,1864.84,783.57,0.7362
13710,228.728,1525,1609.06,663.88,1643.49,754.09,0.6143
13710,228.728,1526,1469.18,659.27,1504.6,766.4,0.6943
13710,228.728,1531,1748.12,682.07,1787.24,757.45,0.5733
13710,228.728,1532,1383.68,668.38,1418.57,748.25,0.6464
13716,228.829,1428,814.39,659.39,847.38,773.15,0.4137
13716,228.829,1430,769.56,660.66,824.32,839.19,0.6753
13716,228.829,1476,1150.08,631.04,1261.7,899.85,0.8651
13716,228.829,1486,1248.03,644.94,1299.01,815.08,0.7075
13716,228.829,1492,884.58,664.01,911.74,760.4,0.6053
13716,228.829,1512,952.68,666.71,990.98,770.26,0.6514
13716,228.829,1514,1806.77,661.34,1864.06,784.49,0.7364
13716,228.829,1525,1607.23,664.1,1643.94,752.54,0.6051
13716,228.829,1526,1467.41,660.0,1503.24,766.47,0.7057
13716,228.829,1531,1749.68,681.75,1787.15,756.63,0.5185
13716,228.829,1532,1384.49,669.4,1418.16,747.97,0.6735
13722,228.929,1428,812.82,655.05,850.14,766.36,0.3505
13722,228.929,1430,769.19,660.71,825.03,839.01,0.6742
13722,228.929,1476,1144.99,631.56,1250.67,895.79,0.7887
13722,228.929,1486,1239.7,645.52,1291.74,814.57,0.7619
13722,228.929,1492,883.92,663.42,911.04,761.46,0.6396
13722,228.929,1512,939.31,667.18,979.41,766.51,0.6655
13722,228.929,1514,1804.3,658.25,1863.65,785.16,0.7366
13722,228.929,1525,1607.16,663.64,1644.48,751.3,0.6382
13722,228.929,1526,1465.4,662.17,1501.82,766.32,0.745
13722,228.929,1531,1751.88,682.05,1786.67,760.19,0.5839
13722,228.929,1532,1385.24,670.15,1417.96,747.3,0.7047
13728,229.029,1428,813.83,655.58,853.3,777.29,0.4359
13728,229.029,1430,769.3,659.02,824.8,838.66,0.6717
13728,229.029,1476,1141.06,629.95,1230.17,884.99,0.7697
13728,229.029,1486,1229.29,646.25,1290.67,815.25,0.6822
13728,229.029,1492,883.56,662.71,909.97,762.12,0.6144
13728,229.029,1512,927.02,668.19,970.44,766.9,0.5456
13728,229.029,1514,1801.14,657.53,1857.83,786.16,0.7326
13728,229.029,1525,1606.49,663.04,1644.92,751.56,0.6367
13728,229.029,1526,1463.15,663.5,1499.93,766.26,0.7722
13728,229.029,1531,1752.19,681.51,1789.36,760.52,0.499
13728,229.029,1532,1385.45,669.34,1418.29,746.94,0.7191
13734,229.129,1428,813.23,654.49,855.65,802.7,0.3274
13734,229.129,1430,769.54,659.64,826.43,837.91,0.6941
13734,229.129,1476,1132.21,628.06,1213.82,880.33,0.7971
13734,229.129,1486,1219.9,650.16,1290.77,814.53,0.7494
13734,229.129,1492,882.83,662.34,908.39,758.11,0.5438
13734,229.129,1512,920.48,669.6,963.78,767.57,0.6597
13734,229.129,1514,1794.64,657.27,1853.8,785.27,0.7431
13734,229.129,1525,1604.83,662.83,1645.38,752.99,0.6562
13734,229.129,1526,1460.51,664.65,1498.22,766.46,0.798
13734,229.129,1531,1751.38,678.12,1791.39,760.0,0.5579
13734,229.129,1532,1385.8,666.62,1418.8,747.07,0.7281
13740,229.229,1430,771.75,661.72,827.32,836.51,0.6801
13740,229.229,1476,1124.33,630.41,1205.63,882.29,0.8027
13740,229.229,1486,1214.73,648.5,1287.87,813.3,0.7489
13740,229.229,1492,882.6,665.27,910.39,756.61,0.5133
13740,229.229,1512,918.14,668.33,960.25,767.21,0.5806
13740,229.229,1514,1791.02,657.99,1852.73,787.34,0.6483
13740,229.229,1525,1606.52,664.82,1645.18,753.83,0.5208
13740,229.229,1526,1459.29,664.78,1498.45,766.33,0.72
13740,229.229,1531,1749.92,679.22,1788.99,758.84,0.4905
13740,229.229,1532,1386.83,663.79,1420.15,746.52,0.7177
13746,229.329,1430,773.61,664.54,828.93,836.8,0.7441
13746,229.329,1476,1119.49,632.4,1200.47,883.32,0.8181
13746,229.329,1486,1212.77,647.16,1273.63,813.63,0.7096
13746,229.329,1492,883.79,669.73,915.12,755.07,0.4429
13746,229.329,1514,1786.26,658.13,1851.81,788.55,0.6984
13746,229.329,1525,1609.84,664.38,1646.16,753.91,0.5109
13746,229.329,1526,1459.31,666.68,1500.32,767.05,0.7364
13746,229.329,1531,1749.69,680.62,1787.79,753.82,0.406
13746,229.329,1532,1389.31,664.97,1422.8,746.28,0.727
13752,229.429,1430,774.21,662.36,832.53,837.25,0.7091
13752,229.429,1476,1109.87,634.24,1196.46,884.66,0.8127
13752,229.429,1486,1211.14,647.25,1260.82,814.38,0.746
13752,229.429,1514,1782.55,656.77,1847.86,788.4,0.7347
13752,229.429,1525,1614.01,663.42,1649.19,752.41,0.5318
13752,229.429,1526,1458.97,668.37,1500.66,766.93,0.7579
13752,229.429,1531,1748.12,680.2,1786.1,755.41,0.4511
13752,229.429,1532,1391.81,667.29,1424.93,747.01,0.7541
13758,229.529,1430,774.3,658.7,838.53,837.26,0.6887
13758,229.529,1476,1109.59,633.69,1191.18,882.1,0.8282
13758,229.529,1486,1206.33,647.69,1252.96,814.0,0.708
13758,229.529,1514,1776.81,656.15,1839.17,788.41,0.7705
13758,229.529,1525,1616.38,662.69,1651.17,753.0,0.6138
13758,229.529,1526,1456.21,667.42,1499.17,766.73,0.7518
13758,229.529,1531,1745.49,681.45,1782.85,751.96,0.4625
13758,229.529,1532,1392.73,667.93,1425.38,746.61,0.7598
13764,229.629,1430,772.74,656.36,839.47,837.47,0.689
13764,229.629,1476,1103.17,630.76,1181.94,881.37,0.7693
13764,229.629,1486,1198.77,645.99,1249.16,813.61,0.7191
13764,229.629,1514,1769.86,656.21,1834.4,789.14,0.7556
13764,229.629,1525,1617.42,661.65,1652.44,753.07,0.6084
13764,229.629,1526,1451.05,668.5,1498.0,765.94,0.7452
13764,229.629,1532,1392.91,668.43,1425.16,746.12,0.7719
13770,229.73,1430,771.56,654.46,839.28,837.47,0.6904
13770,229.73,1476,1098.84,629.79,1174.59,879.04,0.7887
13770,229.73,1486,1197.15,645.8,1246.13,814.62,0.7653
13770,229.73,1514,1757.49,656.64,1831.25,789.01,0.6729
13770,229.73,1525,1617.8,661.02,1652.75,753.04,0.6056
13770,229.73,1526,1441.97,671.34,1498.01,766.73,0.7398
13770,229.73,1532,1392.72,667.91,1425.02,746.28,0.7488
13776,229.83,1430,771.48,652.35,837.2,837.42,0.7576
13776,229.83,1476,1092.53,628.87,1169.41,878.97,0.7751
13776,229.83,1486,1192.36,645.57,1242.99,813.94,0.7326
13776,229.83,1514,1736.75,655.92,1823.1,788.58,0.7255
13776,229.83,1525,1618.42,660.37,1652.59,750.39,0.6531
13776,229.83,1526,1435.56,674.8,1496.95,765.86,0.7212
13776,229.83,1532,1392.97,666.34,1423.87,746.82,0.7531
13782,229.93,1430,771.99,653.25,835.39,837.24,0.7647
13782,229.93,1476,1087.79,628.84,1165.44,878.09,0.7866
13782,229.93,1486,1186.98,644.61,1240.26,812.48,0.7262
13782,229.93,1514,1729.08,658.48,1803.56,789.33,0.6655
13782,229.93,1525,1617.37,661.0,1651.21,749.5,0.62
13782,229.93,1526,1429.68,676.88,1492.69,765.11,0.6443
13782,229.93,1532,1391.42,666.61,1421.45,745.66,0.6552
13788,230.03,1430,771.9,652.92,833.69,836.86,0.7619
13788,230.03,1476,1083.47,630.88,1163.37,875.4,0.8109
13788,230.03,1486,1182.35,643.15,1238.73,812.49,0.7597
13788,230.03,1514,1725.65,658.78,1783.46,789.52,0.7424
13788,230.03,1525,1616.98,661.78,1649.62,751.47,0.6007
13788,230.03,1526,1425.02,672.89,1484.46,764.82,0.6272
13788,230.03,1532,1389.62,665.16,1419.07,744.26,0.5781
13794,230.13,1430,771.0,652.14,832.33,836.29,0.7698
13794,230.13,1476,1082.0,630.88,1163.45,877.49,0.8017
13794,230.13,1486,1182.02,645.17,1236.91,811.46,0.7427
13794,230.13,1514,1699.46,658.27,1776.72,788.43,0.67
13794,230.13,1525,1611.64,660.92,1648.08,751.17,0.5761
13794,230.13,1526,1417.9,670.17,1465.52,764.33,0.7263
13794,230.13,1532,1385.28,665.12,1415.66,744.78,0.6327
13794,230.13,1556,915.38,677.7,967.06,764.38,0.4259
13800,230.23,1430,770.0,652.85,830.47,837.42,0.7388
13800,230.23,1476,1084.88,629.86,1166.89,876.16,0.7948
13800,230.23,1486,1182.19,647.43,1235.08,811.02,0.7643
13800,230.23,1514,1691.18,664.16,1772.08,789.2,0.7067
13800,230.23,1525,1609.94,663.63,1645.42,749.43,0.5262
13800,230.23,1526,1415.02,669.66,1450.3,763.72,0.6318
13800,230.23,1532,1381.52,660.92,1414.1,746.74,0.4177
13800,230.23,1556,914.34,681.84,973.36,764.23,0.4591
13806,230.33,1430,767.72,653.14,830.27,836.94,0.7225
13806,230.33,1476,1088.18,632.5,1176.79,876.41,0.8114
13806,230.33,1486,1183.43,648.64,1233.23,810.4,0.7484
13806,230.33,1514,1679.72,663.07,1764.59,788.77,0.6721
13806,230.33,1525,1607.95,665.17,1643.67,753.16,0.6427
13806,230.33,1526,1407.17,671.78,1443.24,763.51,0.6441
13806,230.33,1556,928.16,680.21,978.04,763.27,0.4576
13812,230.43,1430,762.44,649.79,827.77,837.07,0.6833
13812,230.43,1476,1085.81,643.71,1187.6,876.16,0.8702
13812,230.43,1486,1181.73,651.46,1231.41,809.32,0.6962
13812,230.43,1514,1669.73,661.32,1742.29,788.45,0.6286
13812,230.43,1525,1603.6,664.52,1636.96,751.04,0.5567
13812,230.43,1526,1399.83,671.86,1436.77,763.53,0.6073
13812,230.43,1562,1670.03,659.24,1716.21,787.69,0.5338
13818,230.53,1430,756.84,651.79,818.51,837.73,0.6851
13818,230.53,1476,1081.54,645.28,1193.21,878.46,0.873
13818,230.53,1486,1184.47,651.5,1234.09,804.91,0.6515
13818,230.53,1525,1597.52,662.52,1631.8,748.58,0.5753
13818,230.53,1526,1391.64,671.89,1428.44,763.81,0.6461
13818,230.53,1562,1658.39,666.21,1700.52,786.77,0.7549
13824,230.63,1430,750.2,652.9,812.57,836.18,0.7263
13824,230.63,1476,1077.71,645.56,1209.32,880.15,0.8088
13824,230.63,1525,1584.97,662.7,1621.53,750.06,0.4544
13824,230.63,1526,1379.82,670.43,1417.78,762.98,0.5802
13824,230.63,1562,1627.0,667.4,1672.52,786.91,0.745
13830,230.731,1430,740.35,656.16,799.26,836.29,0.6802
13830,230.731,1476,1095.6,645.29,1241.16,880.0,0.8586
13830,230.731,1526,1370.35,667.91,1407.11,763.28,0.7083
13830,230.731,1562,1602.26,669.7,1647.4,786.63,0.7143
13836,230.831,1430,727.94,658.17,783.8,835.98,0.8162
13836,230.831,1476,1113.66,643.61,1250.5,882.6,0.8823
13836,230.831,1526,1357.68,669.81,1393.49,762.96,0.6466
13836,230.831,1562,1563.46,671.77,1623.12,788.37,0.6148
13842,230.931,1430,715.48,653.92,771.3,836.44,0.8026
13842,230.931,1476,1129.04,638.4,1266.46,883.3,0.8685
13842,230.931,1526,1347.32,664.93,1382.18,762.77,0.7382
13842,230.931,1556,932.06,682.88,966.83,763.66,0.4993
13842,230.931,1562,1540.33,668.91,1596.48,789.0,0.7363
13842,230.931,1569,764.21,663.56,795.63,774.43,0.5822
13848,231.031,1430,703.27,654.21,756.64,836.85,0.8184
13848,231.031,1476,1155.15,642.99,1283.5,883.24,0.831
13848,231.031,1526,1336.4,664.33,1370.7,761.94,0.666
13848,231.031,1556,925.15,679.08,961.29,764.62,0.5963
13848,231.031,1562,1515.13,664.25,1578.38,790.6,0.7
13848,231.031,1569,751.66,665.56,786.15,773.25,0.6276
13854,231.131,1430,685.45,651.64,741.05,834.95,0.7748
13854,231.131,1476,1185.62,642.6,1296.86,887.76,0.8267
13854,231.131,1526,1322.7,661.65,1358.19,760.72,0.6414
13854,231.131,1556,916.21,673.37,950.02,764.6,0.6475
13854,231.131,1562,1488.32,663.65,1551.72,790.41,0.6287
13854,231.131,1569,741.81,665.02,777.14,772.34,0.6581
13860,231.231,1430,668.32,652.05,721.57,835.6,0.801
13860,231.231,1476,1193.64,631.1,1312.35,886.41,0.8547
13860,231.231,1486,1094.94,670.49,1131.23,768.51,0.634
13860,231.231,1526,1308.91,661.22,1349.29,761.68,0.5478
13860,231.231,1556,905.12,675.14,939.69,765.39,0.6236
13860,231.231,1562,1462.31,663.57,1523.14,792.55,0.6756
13860,231.231,1569,730.73,669.64,765.59,775.02,0.6955
13866,231.331,1430,648.33,650.42,699.13,836.86,0.7253
13866,231.331,1476,1200.2,628.77,1334.91,882.6,0.8991
13866,231.331,1556,894.46,672.94,929.73,766.43,0.7189
13866,231.331,1562,1439.11,667.42,1501.38,793.66,0.5341
13866,231.331,1569,713.06,670.84,751.13,778.12,0.7315
13872,231.431,1430,623.58,649.65,673.97,838.12,0.7841
13872,231.431,1476,1225.59,636.5,1365.14,882.04,0.8494
13872,231.431,1556,880.07,672.17,918.05,768.14,0.6238
13872,231.431,1562,1413.01,676.01,1475.72,794.95,0.5853
13872,231.431,1569,693.88,673.6,732.44,779.16,0.7024
13878,231.531,1430,594.32,650.51,647.02,838.87,0.7163
13878,231.531,1476,1232.54,644.3,1396.84,881.3,0.8069
13878,231.531,1526,1248.82,651.31,1293.68,756.84,0.5582
13878,231.531,1556,865.88,671.0,903.12,769.74,0.7121
13878,231.531,1562,1390.59,683.67,1451.67,796.36,0.5015
13878,231.531,1569,672.52,675.16,714.82,778.14,0.725
13884,231.631,1430,565.53,647.93,620.45,839.59,0.7258
13884,231.631,1476,1230.04,645.52,1413.09,885.06,0.8245
13884,231.631,1526,1234.25,656.84,1272.79,760.69,0.5252
13884,231.631,1556,848.52,670.78,886.16,770.8,0.6405
13884,231.631,1569,651.11,674.11,693.19,778.14,0.6956
13890,231.732,1430,536.11,648.1,590.05,840.29,0.8011
13890,231.732,1476,1264.9,648.77,1412.25,884.69,0.7822
13890,231.732,1556,827.72,670.9,868.4,772.46,0.7259
13890,231.732,1569,626.52,670.06,669.73,781.77,0.7184
13896,231.832,1430,504.91,650.41,557.66,842.0,0.7029
13896,231.832,1476,1272.02,651.76,1440.72,881.72,0.7904
13896,231.832,1486,922.39,667.76,976.8,768.76,0.6972
13896,231.832,1556,806.76,670.4,851.68,773.72,0.7155
13896,231.832,1569,601.82,667.96,645.26,783.81,0.7524
13902,231.932,1430,471.24,648.82,527.58,846.07,0.7289
13902,231.932,1476,1291.56,645.52,1462.5,887.29,0.7245
13902,231.932,1486,909.03,665.84,958.89,770.71,0.7196
13902,231.932,1556,791.85,669.51,836.21,774.4,0.6907
13902,231.932,1569,576.75,668.06,619.55,787.86,0.7492
13908,232.032,1430,437.76,647.18,493.45,847.64,0.7916
13908,232.032,1476,1335.94,650.2,1500.09,886.45,0.8522
13908,232.032,1486,890.24,666.86,944.35,771.86,0.7091
13908,232.032,1526,1133.47,660.24,1171.68,773.65,0.5937
13908,232.032,1556,775.6,666.59,821.58,778.33,0.6411
13908,232.032,1569,548.76,666.22,593.57,790.71,0.7882
13914,232.132,1430,397.37,645.54,454.07,851.17,0.7439
13914,232.132,1476,1344.31,644.14,1530.95,887.93,0.8759
13914,232.132,1526,1109.03,655.44,1168.17,780.58,0.6617
13914,232.132,1556,754.17,663.88,802.83,779.63,0.6728
13914,232.132,1562,1192.54,658.7,1242.28,824.22,0.6257
13914,232.132,1569,515.85,663.33,565.52,795.93,0.782
13920,232.232,1430,361.92,642.42,418.22,846.76,0.7578
13920,232.232,1476,1399.19,638.0,1534.68,885.41,0.792
13920,232.232,1556,733.91,660.62,780.52,778.25,0.7239
13920,232.232,1569,489.02,662.13,539.53,793.61,0.7844
13926,232.332,1430,310.51,641.36,369.53,850.64,0.7647
13926,232.332,1476,1420.44,630.95,1564.5,885.49,0.8305
13926,232.332,1526,1048.77,655.06,1093.92,756.85,0.6047
13926,232.332,1556,711.61,665.22,752.8,778.72,0.6523
13926,232.332,1562,1101.63,659.92,1141.8,781.5,0.7422
13926,232.332,1569,449.5,660.53,501.92,798.67,0.6817
13932,232.432,1430,259.09,639.21,317.85,853.34,0.7092
13932,232.432,1476,1411.33,626.01,1615.74,889.86,0.841
13932,232.432,1526,1018.86,659.1,1058.03,751.4,0.6764
13932,232.432,1556,680.37,665.49,725.76,781.24,0.7498
13932,232.432,1569,406.93,654.63,463.87,801.61,0.7343
13938,232.532,1430,208.35,639.73,268.69,855.64,0.7063
13938,232.532,1476,1416.5,622.67,1643.43,895.96,0.8135
13938,232.532,1556,646.52,661.4,700.56,781.21,0.7294
13938,232.532,1562,994.79,659.4,1030.78,751.69,0.6432
13938,232.532,1569,368.18,653.72,425.88,803.84,0.7518
13944,232.632,1430,150.25,640.87,216.16,860.67,0.7185
13944,232.632,1476,1481.78,626.75,1681.28,891.18,0.852
13944,232.632,1556,628.93,662.04,677.77,780.91,0.6527
13944,232.632,1569,325.82,657.33,384.75,807.5,0.7569
13950,232.733,1430,88.6,641.16,158.27,867.61,0.7257
13950,232.733,1476,1503.75,623.08,1697.57,896.36,0.8599
13950,232.733,1532,829.07,656.89,886.94,789.57,0.6735
13950,232.733,1556,601.33,662.69,653.19,785.53,0.6744
13950,232.733,1569,282.55,656.28,337.66,811.22,0.7832
13962,232.933,1641,1073.51,531.17,1204.18,867.49,0.8575
13968,233.033,1641,987.28,530.59,1109.6,865.47,0.8636
13968,233.033,1651,886.95,363.09,988.36,566.53,0.7785
13974,233.133,1641,901.96,534.83,1007.91,865.17,0.8275
13974,233.133,1651,757.14,368.91,885.17,584.31,0.8588
13980,233.233,1641,750.16,524.54,896.15,857.64,0.9082
13980,233.233,1651,634.27,383.25,762.54,599.38,0.7409
13986,233.333,1641,580.78,520.21,755.48,857.38,0.8829
13986,233.333,1651,517.53,393.17,631.79,611.23,0.7856
13992,233.433,1641,421.07,528.82,588.93,857.16,0.8625
13992,233.433,1651,343.88,399.21,469.01,622.11,0.8459
14004,233.633,1476,793.84,433.95,918.1,683.04,0.8592
14010,233.733,1651,562.4,435.68,752.36,688.19,0.8848
14022,233.934,1641,817.26,589.84,1006.81,884.64,0.7984
14028,234.034,1641,684.9,583.0,837.68,875.03,0.8562
14034,234.134,1641,567.19,573.67,752.14,868.4,0.886
14040,234.234,1641,505.73,554.55,698.76,852.0,0.8499
14040,234.234,1701,1651.55,348.56,1746.38,490.61,0.7862
14046,234.334,1641,522.86,540.18,693.51,834.11,0.8969
14046,234.334,1701,1587.88,349.49,1677.18,481.43,0.7324
14052,234.434,1641,523.53,519.92,695.87,825.08,0.8906
14052,234.434,1701,1534.33,350.59,1611.53,471.62,0.713
14058,234.534,1641,558.68,497.19,706.95,785.27,0.8535
14058,234.534,1701,1485.75,350.64,1558.06,463.88,0.7274
14064,234.634,1641,622.28,480.93,728.55,770.42,0.8344
14064,234.634,1701,1445.45,350.48,1527.47,454.63,0.8352
14070,234.734,1701,1408.91,351.08,1494.09,449.07,0.7798
14076,234.835,1641,675.9,445.35,800.61,710.8,0.8569
14076,234.835,1701,1367.16,309.48,1453.68,441.97,0.6452
14082,234.935,1641,703.48,429.05,822.39,699.41,0.8991
14082,234.935,1701,1320.72,293.4,1418.0,438.06,0.6443
14088,235.035,1641,737.24,409.1,855.57,666.66,0.8507
14088,235.035,1701,1268.07,291.01,1378.57,434.4,0.8016
14094,235.135,1641,788.18,395.22,903.4,648.26,0.8496
14094,235.135,1701,1234.52,290.76,1352.91,429.98,0.8084
14100,235.235,1641,833.48,377.11,948.41,634.09,0.7502
14100,235.235,1701,1216.22,293.31,1322.86,430.11,0.5609
14106,235.335,1641,866.77,362.5,993.5,594.98,0.7466
14106,235.335,1701,1189.69,295.41,1279.55,431.89,0.7481
14112,235.435,1641,906.75,352.77,1031.93,580.33,0.8621
14112,235.435,1701,1156.64,292.39,1258.35,431.67,0.8567
14112,235.435,1719,0.72,626.35,180.23,1001.56,0.8959
14118,235.535,1641,949.22,336.59,1057.17,568.61,0.8543
14118,235.535,1701,1125.95,288.62,1222.78,426.65,0.6891
14118,235.535,1719,39.09,608.88,237.83,948.26,0.8801
14124,235.635,1641,985.47,329.41,1079.73,540.15,0.7823
14124,235.635,1651,529.95,320.99,654.9,511.22,0.8217
14124,235.635,1701,1093.94,287.7,1177.91,428.04,0.6862
14124,235.635,1719,131.34,592.94,296.56,930.68,0.8612
14130,235.736,1641,1023.06,318.71,1113.56,529.93,0.7963
14130,235.736,1651,580.38,317.65,695.62,501.57,0.8117
14130,235.736,1719,208.55,561.07,355.28,912.8,0.8575
14136,235.836,1641,1047.45,305.21,1140.02,516.97,0.7643
14136,235.836,1651,615.79,309.0,730.38,493.96,0.8381
14136,235.836,1719,271.96,536.54,430.88,868.06,0.8861
14142,235.936,1641,1061.79,297.21,1158.2,493.0,0.8218
14142,235.936,1651,633.97,302.48,735.93,481.38,0.8322
14142,235.936,1719,314.93,529.5,461.62,833.63,0.8875
14148,236.036,1641,1074.25,290.56,1166.69,487.72,0.8311
14148,236.036,1651,644.49,291.66,743.2,472.52,0.8156
14148,236.036,1719,358.95,513.16,483.89,825.56,0.8397
14148,236.036,1724,938.82,294.51,1008.3,426.83,0.6701
14154,236.136,1641,1089.07,283.44,1171.64,473.73,0.7579
14154,236.136,1651,652.38,284.18,742.73,461.04,0.8712
14154,236.136,1719,389.63,489.93,519.47,808.55,0.8509
14154,236.136,1724,890.14,298.26,978.69,435.56,0.7407
14154,236.136,1727,0.0,806.06,233.34,1078.2,0.8865
14160,236.236,1641,1106.69,273.56,1181.66,461.65,0.857
14160,236.236,1651,664.17,277.14,746.64,451.43,0.8132
14160,236.236,1719,410.9,475.9,538.41,765.74,0.8354
14160,236.236,1724,845.42,311.32,930.71,433.67,0.7668
14160,236.236,1727,58.13,763.58,295.69,1078.29,0.8995
14160,236.236,1728,1085.81,784.67,1281.38,1080.0,0.8924
14166,236.336,1641,1115.07,267.77,1201.39,451.54,0.7971
14166,236.336,1651,667.44,271.06,742.46,443.25,0.8057
14166,236.336,1719,432.27,465.47,560.01,751.14,0.8593
14166,236.336,1724,791.14,330.52,880.46,435.03,0.7077
14166,236.336,1727,156.51,733.31,364.29,1079.65,0.8969
14166,236.336,1728,1119.7,742.5,1314.07,1079.57,0.8987
14172,236.436,1641,1110.34,262.28,1203.51,433.86,0.7845
14172,236.436,1651,651.11,265.42,728.08,435.44,0.7625
14172,236.436,1719,430.11,445.44,554.46,742.91,0.844
14172,236.436,1724,729.25,345.65,836.84,436.34,0.6777
14172,236.436,1727,227.74,704.28,394.65,1080.0,0.8848
14172,236.436,1728,1147.29,686.92,1328.09,1079.89,0.8572
14178,236.536,1641,1095.25,258.24,1170.83,422.71,0.7453
14178,236.536,1651,623.65,258.62,690.24,432.02,0.7803
14178,236.536,1719,413.63,431.6,550.21,716.8,0.8388
14178,236.536,1724,675.7,350.43,792.82,438.5,0.7175
14178,236.536,1727,249.96,663.65,434.39,1079.25,0.8771
14178,236.536,1728,1154.8,645.06,1343.11,1022.52,0.8896
14184,236.636,1641,1054.73,252.63,1134.25,411.6,0.6729
14184,236.636,1651,577.52,255.19,654.31,428.84,0.7894
14184,236.636,1719,395.88,431.68,537.52,695.61,0.8582
14184,236.636,1724,622.86,352.85,744.65,441.68,0.4987
14184,236.636,1727,264.45,637.11,445.79,1043.7,0.8881
14184,236.636,1728,1160.08,606.67,1341.96,991.59,0.8866
14190,236.737,1641,1014.58,252.04,1121.92,399.52,0.7885
14190,236.737,1651,538.55,255.99,627.37,426.96,0.7062
14190,236.737,1719,390.14,420.95,511.87,692.22,0.8662
14190,236.737,1724,580.56,352.5,696.41,444.33,0.5367
14190,236.737,1727,278.63,621.98,472.29,1026.58,0.8646
14190,236.737,1728,1164.99,563.85,1323.35,952.15,0.8859
14196,236.837,1641,999.61,253.95,1107.71,394.11,0.7888
14196,236.837,1651,534.17,262.36,600.51,411.72,0.5302
14196,236.837,1719,378.28,407.02,488.71,664.57,0.7959
14196,236.837,1724,543.3,351.34,664.68,447.07,0.7072
14196,236.837,1727,281.77,594.08,478.14,1011.13,0.8723
14196,236.837,1728,1165.27,534.06,1309.0,878.36,0.885
14202,236.937,1641,1003.47,251.76,1091.22,386.85,0.7955
14202,236.937,1651,522.13,265.67,587.84,412.21,0.3664
14202,236.937,1719,384.36,403.46,488.33,646.79,0.8008
14202,236.937,1724,516.87,352.35,646.26,448.6,0.5169
14202,236.937,1727,296.48,573.61,488.41,972.11,0.8929
14202,236.937,1728,1178.24,509.66,1314.24,848.74,0.8905
14202,236.937,1730,465.81,249.51,541.15,397.93,0.5689
14208,237.037,1641,1008.47,247.03,1094.04,382.67,0.5611
14208,237.037,1651,518.18,263.0,582.58,418.42,0.4503
14208,237.037,1719,396.7,409.19,515.08,636.45,0.8486
14208,237.037,1724,517.28,351.8,636.41,446.27,0.5607
14208,237.037,1727,327.54,567.97,498.87,922.2,0.8834
14208,237.037,1728,1201.24,479.66,1331.92,819.67,0.8285
14208,237.037,1730,463.99,249.35,529.81,394.49,0.6094
14214,237.137,1641,1023.94,245.82,1107.0,381.28,0.6781
14214,237.137,1651,526.9,256.99,587.25,400.99,0.3972
14214,237.137,1719,416.21,401.67,545.4,614.93,0.7949
14214,237.137,1724,521.19,347.5,636.51,444.45,0.648
14214,237.137,1727,388.68,557.28,524.79,888.93,0.8588
14214,237.137,1728,1221.62,456.82,1370.65,764.77,0.8868
14214,237.137,1730,472.54,248.92,534.32,394.6,0.6714
14220,237.237,1641,1040.72,248.05,1115.24,375.12,0.6376
14220,237.237,1651,537.16,250.97,593.57,407.69,0.4069
14220,237.237,1719,440.69,397.32,551.37,588.6,0.5528
14220,237.237,1724,525.83,339.28,645.86,444.55,0.6484
14220,237.237,1727,432.96,530.02,556.99,865.9,0.8524
14220,237.237,1728,1254.05,444.29,1406.96,747.42,0.8826
14220,237.237,1730,488.58,242.06,549.69,394.81,0.6171
14226,237.337,1641,1051.11,246.24,1133.76,372.6,0.6726
14226,237.337,1651,541.92,246.6,599.45,396.14,0.4645
14226,237.337,1719,464.17,405.02,554.27,575.22,0.5381
14226,237.337,1724,539.96,324.09,659.47,443.07,0.6396
14226,237.337,1727,472.36,521.32,577.02,838.05,0.8618
14226,237.337,1728,1289.29,425.67,1414.07,726.54,0.8672
14226,237.337,1730,498.96,235.73,553.1,381.53,0.6599
14232,237.437,1641,1052.83,235.37,1143.23,368.8,0.7538
14232,237.437,1651,536.22,243.45,598.38,393.36,0.5619
14232,237.437,1719,485.84,403.23,566.06,577.39,0.5853
14232,237.437,1724,554.3,312.9,668.44,445.33,0.7852
14232,237.437,1727,493.4,518.93,607.14,807.82,0.8808
14232,237.437,1728,1309.5,414.53,1418.33,696.0,0.8633
14232,237.437,1730,500.1,236.47,548.9,380.35,0.648
14232,237.437,1736,0.0,414.98,110.03,636.06,0.8549
14238,237.537,1641,1048.85,226.53,1135.2,367.91,0.8133
14238,237.537,1651,538.69,242.81,596.54,390.15,0.6284
14238,237.537,1719,490.34,393.46,574.46,594.26,0.7721
14238,237.537,1724,559.34,304.28,678.94,441.13,0.6562
14238,237.537,1727,509.47,525.69,648.63,794.97,0.8737
14238,237.537,1728,1323.66,409.4,1420.9,667.62,0.8791
14238,237.537,1730,492.41,227.59,540.15,371.53,0.6597
14238,237.537,1736,0.0,408.44,107.67,633.03,0.8051
14244,237.637,1641,1054.49,224.75,1141.13,367.5,0.7359
14244,237.637,1651,546.02,238.57,596.93,388.38,0.7373
14244,237.637,1719,502.88,390.46,588.15,599.41,0.7676
14244,237.637,1724,599.53,299.58,692.49,435.4,0.7477
14244,237.637,1727,516.18,522.15,689.23,789.73,0.8856
14244,237.637,1728,1332.22,393.21,1439.5,654.84,0.8524
14244,237.637,1730,485.96,220.93,538.65,362.29,0.6324
14244,237.637,1736,0.0,394.47,101.26,625.53,0.7903
14250,237.738,1641,1078.17,224.14,1158.85,363.82,0.8271
14250,237.738,1651,562.04,233.4,605.06,387.75,0.6685
14250,237.738,1719,530.49,388.18,604.0,597.29,0.7617
14250,237.738,1724,624.84,290.43,725.86,430.49,0.7436
14250,237.738,1727,561.79,505.87,717.4,782.9,0.862
14250,237.738,1728,1341.72,383.6,1466.73,628.02,0.7982
14250,237.738,1730,484.57,216.82,543.14,358.17,0.7174
14250,237.738,1736,13.15,387.21,131.53,623.2,0.831
14256,237.838,1641,1110.04,223.02,1178.47,363.8,0.765
14256,237.838,1651,568.92,226.13,621.28,382.44,0.6943
14256,237.838,1719,552.82,386.71,631.07,605.34,0.7553
14256,237.838,1724,646.87,279.71,752.62,424.73,0.7451
14256,237.838,1727,628.29,486.75,752.68,777.88,0.8686
14256,237.838,1728,1373.68,377.06,1498.02,611.93,0.8731
14256,237.838,1730,496.75,215.38,555.54,357.81,0.7295
14256,237.838,1736,28.95,388.59,161.23,621.94,0.8552
14262,237.938,1641,1139.63,227.13,1207.25,368.94,0.7641
14262,237.938,1651,574.28,228.73,641.79,385.18,0.7087
14262,237.938,1719,570.27,390.08,667.9,614.11,0.7462
14262,237.938,1724,698.49,269.15,787.78,421.22,0.7254
14262,237.938,1727,686.08,477.94,795.57,778.73,0.8708
14262,237.938,1728,1410.92,364.11,1521.65,604.36,0.815
14262,237.938,1730,505.12,213.51,565.28,352.93,0.6458
14262,237.938,1736,46.44,391.49,175.5,625.13,0.8632
14268,238.038,1641,1164.66,226.92,1249.13,369.24,0.7244
14268,238.038,1651,584.69,226.8,650.43,382.04,0.7751
14268,238.038,1719,577.61,397.8,701.61,627.44,0.7898
14268,238.038,1724,732.98,256.5,815.0,416.4,0.8056
14268,238.038,1727,736.26,480.84,882.76,781.71,0.8821
14268,238.038,1728,1447.52,353.85,1549.45,591.15,0.8251
14268,238.038,1730,510.7,212.57,570.08,350.04,0.7049
14268,238.038,1736,59.93,390.95,187.46,625.59,0.8371
14274,238.138,1641,1184.48,225.78,1284.32,373.68,0.8235
14274,238.138,1651,604.11,227.42,655.88,381.84,0.6793
14274,238.138,1719,597.29,408.38,709.26,627.53,0.7456
14274,238.138,1724,757.09,251.76,852.86,411.22,0.6946
14274,238.138,1727,761.37,480.74,938.38,784.24,0.9127
14274,238.138,1728,1487.14,351.59,1575.39,578.56,0.8369
14274,238.138,1730,514.36,217.38,564.18,346.98,0.7069
14274,238.138,1736,70.88,388.51,190.74,626.06,0.8203
14280,238.238,1641,1216.14,231.53,1304.93,375.23,0.6816
14280,238.238,1651,614.46,224.81,669.1,381.2,0.7155
14280,238.238,1719,600.32,412.98,707.87,640.2,0.7833
14280,238.238,1724,802.74,248.27,867.55,404.9,0.6503
14280,238.238,1727,820.8,474.31,972.51,787.07,0.8863
14280,238.238,1728,1515.51,346.32,1606.06,571.81,0.8235
14280,238.238,1730,519.4,223.65,566.53,342.47,0.7232
14280,238.238,1736,76.74,388.53,186.67,627.79,0.8661
14286,238.338,1641,1226.6,234.74,1320.05,377.14,0.5967
14286,238.338,1651,620.86,225.62,686.1,380.95,0.7954
14286,238.338,1719,602.8,417.32,710.13,651.35,0.8078
14286,238.338,1724,839.01,244.94,895.66,403.88,0.7139
14286,238.338,1727,893.29,462.56,1015.5,785.91,0.8828
14286,238.338,1728,1534.6,341.99,1645.07,562.45,0.7825
14286,238.338,1730,524.79,221.52,567.3,340.47,0.68
14286,238.338,1736,76.3,391.15,195.28,632.37,0.8793
14292,238.438,1641,1243.48,231.34,1343.66,382.28,0.7522
14292,238.438,1651,627.76,224.45,693.31,383.43,0.7198
14292,238.438,1719,611.38,423.97,715.04,660.2,0.7965
14292,238.438,1724,853.78,239.49,941.57,399.51,0.7796
14292,238.438,1727,950.48,458.96,1066.4,794.11,0.8514
14292,238.438,1728,1558.06,341.85,1684.04,554.04,0.7774
14292,238.438,1730,526.67,219.44,567.79,340.02,0.6678
14292,238.438,1736,75.15,394.22,203.8,636.75,0.8647
14298,238.538,1641,1265.72,231.9,1364.0,390.68,0.768
14298,238.538,1651,634.39,225.6,699.05,382.94,0.7325
14298,238.538,1719,623.05,434.29,731.85,665.23,0.8385
14298,238.538,1724,874.89,238.12,962.98,391.74,0.7116
14298,238.538,1727,1001.24,468.54,1156.03,801.15,0.8795
14298,238.538,1728,1601.51,341.62,1714.05,552.53,0.8114
14298,238.538,1730,527.31,218.89,567.52,338.82,0.6494
14298,238.538,1736,74.5,396.25,203.51,638.24,0.8792
14304,238.638,1641,1292.33,235.94,1378.53,395.12,0.8522
14304,238.638,1651,640.62,225.67,704.89,381.04,0.7774
14304,238.638,1719,627.92,440.26,729.9,686.45,0.8341
14304,238.638,1724,914.19,237.71,980.6,391.63,0.7318
14304,238.638,1727,1047.72,475.8,1236.83,804.88,0.8945
14304,238.638,1728,1642.59,341.9,1735.39,547.12,0.8204
14304,238.638,1730,524.79,213.52,567.46,336.82,0.6698
14304,238.638,1736,71.66,397.98,193.53,638.34,0.8649
14310,238.739,1641,1315.94,236.74,1394.76,399.05,0.7305
14310,238.739,1651,643.7,226.25,707.24,380.49,0.7603
14310,238.739,1719,620.53,453.35,729.03,704.15,0.8229
14310,238.739,1724,940.58,231.58,1003.28,390.52,0.7541
14310,238.739,1727,1087.86,479.57,1297.14,805.31,0.8897
14310,238.739,1728,1672.6,342.73,1758.99,545.27,0.8173
14310,238.739,1730,520.16,211.23,567.69,335.65,0.7129
14310,238.739,1736,67.59,401.14,180.34,638.46,0.8578
14316,238.839,1641,1331.61,237.38,1410.36,405.73,0.6739
14316,238.839,1651,644.7,227.12,706.92,379.16,0.7665
14316,238.839,1719,602.45,464.32,732.14,715.01,0.8628
14316,238.839,1724,962.64,225.31,1034.45,383.41,0.6548
14316,238.839,1727,1159.19,470.72,1312.66,803.82,0.8874
14316,238.839,1728,1699.47,343.23,1785.72,540.78,0.7601
14316,238.839,1730,517.56,208.55,568.19,335.61,0.7034
14316,238.839,1736,62.05,406.98,166.12,646.43,0.8438
14322,238.939,1641,1343.54,241.86,1418.29,424.99,0.7425
14322,238.939,1651,647.44,227.15,706.36,381.26,0.7236
14322,238.939,1719,578.75,473.28,730.89,744.39,0.838
14322,238.939,1724,987.46,231.84,1050.35,380.95,0.701
14322,238.939,1727,1213.21,464.19,1353.32,803.11,0.8598
14322,238.939,1728,1725.1,342.77,1822.57,537.92,0.8231
14322,238.939,1730,517.33,208.4,566.34,337.28,0.7743
14322,238.939,1736,58.67,414.1,156.37,657.88,0.8363
14328,239.039,1641,1355.96,247.01,1421.96,433.73,0.6552
14328,239.039,1651,648.23,227.06,707.32,381.44,0.7267
14328,239.039,1719,575.17,487.11,709.79,771.2,0.8592
14328,239.039,1724,1015.93,230.6,1069.07,378.43,0.7492
14328,239.039,1727,1260.79,470.56,1436.54,811.06,0.8988
14328,239.039,1728,1745.13,345.29,1857.53,535.89,0.8158
14328,239.039,1730,515.58,207.28,562.45,337.26,0.7969
14328,239.039,1736,51.79,420.13,151.84,665.16,0.8692
14334,239.139,1651,647.8,226.93,714.02,382.4,0.6947
14334,239.139,1719,568.84,501.43,693.88,779.25,0.8669
14334,239.139,1724,1032.34,225.45,1100.82,377.04,0.712
14334,239.139,1727,1307.47,493.1,1514.99,819.34,0.9148
14334,239.139,1728,1758.72,345.85,1878.91,535.69,0.8316
14334,239.139,1730,511.89,207.62,560.78,339.82,0.7503
14334,239.139,1736,41.13,424.2,150.84,666.96,0.8694
14340,239.239,1651,647.25,226.94,722.53,381.02,0.6593
14340,239.239,1719,550.29,511.69,681.51,807.67,0.8324
14340,239.239,1724,1043.11,222.01,1124.32,375.14,0.7281
14340,239.239,1727,1348.04,520.56,1557.86,828.65,0.9188
14340,239.239,1728,1783.18,345.8,1882.6,537.52,0.7472
14340,239.239,1730,508.34,208.59,559.37,342.19,0.7405
14340,239.239,1736,29.39,427.78,148.12,673.09,0.8621
14346,239.339,1641,1405.06,331.43,1470.62,444.06,0.6044
14346,239.339,1651,644.3,227.28,717.93,382.44,0.7159
14346,239.339,1719,526.37,531.72,659.67,840.79,0.8515
14346,239.339,1724,1061.76,224.56,1133.07,370.68,0.6622
14346,239.339,1727,1365.87,537.36,1574.75,829.97,0.8866
14346,239.339,1728,1804.89,346.4,1884.24,537.96,0.7605
14346,239.339,1730,503.75,211.84,558.57,343.63,0.7069
14346,239.339,1736,15.05,437.72,158.99,687.77,0.8311
14352,239.439,1641,1415.41,345.86,1487.29,450.19,0.6732
14352,239.439,1651,640.12,228.59,704.74,383.21,0.7613
14352,239.439,1719,497.18,561.86,650.22,856.34,0.8371
14352,239.439,1724,1085.17,222.25,1149.0,368.3,0.7711
14352,239.439,1727,1364.47,553.04,1586.62,837.96,0.8969
14352,239.439,1728,1815.22,345.45,1899.49,535.37,0.8101
14352,239.439,1730,496.52,212.15,556.96,345.33,0.7391
14352,239.439,1736,4.17,451.65,152.21,698.26,0.8586
14358,239.539,1641,1428.11,351.1,1498.48,457.34,0.6719
14358,239.539,1651,633.05,230.12,697.2,386.84,0.7243
14358,239.539,1719,454.02,586.35,639.48,896.96,0.872
14358,239.539,1724,1099.18,218.71,1162.39,368.0,0.7147
14358,239.539,1727,1378.83,564.94,1590.11,849.28,0.8867
14358,239.539,1728,1830.77,345.35,1919.34,539.51,0.8097
14358,239.539,1730,490.27,213.92,549.53,345.23,0.778
14358,239.539,1736,0.0,480.27,138.79,704.87,0.8351
14364,239.639,1719,446.53,649.86,604.63,905.11,0.8338
14370,239.739,1719,419.86,664.55,553.26,913.05,0.8375
14370,239.739,1752,5.18,672.45,89.36,881.01,0.7919
14376,239.84,1719,369.84,662.74,508.45,919.69,0.8427
14376,239.84,1752,2.51,676.68,108.2,882.55,0.8358
14382,239.94,1719,311.64,658.37,461.35,938.99,0.833
14382,239.94,1752,1.12,679.33,116.53,882.54,0.8064
14388,240.04,1752,1.89,678.37,123.26,889.81,0.8166
14394,240.14,1752,3.15,672.98,137.85,898.15,0.8166
14400,240.24,1752,27.28,660.59,207.99,967.2,0.8407
14406,240.34,1752,19.81,676.74,198.9,992.93,0.7234
14412,240.44,1752,81.82,675.05,238.79,948.58,0.8236
14418,240.54,1752,141.04,679.28,294.23,930.46,0.7862
14424,240.64,1752,218.33,676.88,390.47,924.69,0.8136
14430,240.74,1752,355.23,677.06,506.86,923.16,0.8113
14436,240.841,1752,488.44,676.34,645.93,925.63,0.8442
14442,240.941,1752,607.3,671.54,765.65,943.38,0.8594
14448,241.041,1752,731.7,669.49,904.49,961.56,0.8603
14454,241.141,1752,834.34,673.39,1053.29,995.48,0.8679
14460,241.241,1752,964.68,677.17,1178.21,1028.55,0.8583
14466,241.341,1752,1101.49,670.79,1323.92,1025.82,0.8773
14466,241.341,1802,680.74,650.75,776.84,861.4,0.7666
14472,241.441,1752,1206.32,669.02,1475.56,1052.4,0.9109
14472,241.441,1802,842.99,647.51,959.57,863.7,0.7942
14478,241.541,1752,1328.56,659.44,1535.23,1055.37,0.8895
14478,241.541,1802,976.56,643.92,1080.62,858.44,0.7101
14484,241.641,1752,1355.37,657.08,1611.15,1066.99,0.8949
14484,241.641,1802,1079.89,652.46,1167.96,866.26,0.7581
14484,241.641,1814,913.33,678.72,950.14,778.88,0.7058
14490,241.742,1752,1429.79,673.02,1661.81,1079.33,0.8759
14490,241.742,1802,1134.72,646.3,1252.09,873.98,0.8509
14490,241.742,1814,1008.48,679.25,1053.5,781.11,0.7663
14496,241.842,1752,1428.56,668.51,1707.8,1071.97,0.9047
14496,241.842,1802,1166.06,645.94,1297.38,870.88,0.8271
14496,241.842,1814,1084.44,673.95,1132.53,780.12,0.7181
14502,241.942,1752,1440.17,666.41,1765.53,1080.0,0.9218
14502,241.942,1802,1204.45,648.61,1310.51,877.47,0.7319
14502,241.942,1814,1155.47,677.51,1197.32,785.78,0.7211
14502,241.942,1819,650.45,718.55,907.5,1032.38,0.8966
14508,242.042,1752,1447.43,649.74,1758.47,1072.32,0.9075
14508,242.042,1802,1207.66,644.22,1319.79,875.49,0.8293
14508,242.042,1819,631.58,751.66,902.81,1050.34,0.9024
14508,242.042,1823,229.94,664.29,304.91,880.74,0.7335
14514,242.142,1752,1465.77,624.5,1711.71,1078.56,0.8761
14514,242.142,1802,1202.61,641.29,1340.52,880.17,0.888
14514,242.142,1819,513.87,811.03,911.34,1057.86,0.8968
14514,242.142,1823,300.59,667.18,371.7,877.84,0.7565
14520,242.242,1752,1454.98,605.69,1689.06,1080.0,0.8879
14520,242.242,1802,1211.38,648.24,1317.53,886.39,0.6163
14520,242.242,1814,1303.06,678.74,1339.14,788.61,0.7083
14520,242.242,1819,460.17,863.49,908.75,1071.49,0.7887
14520,242.242,1823,351.2,666.29,425.29,877.33,0.7349
14520,242.242,1827,1688.4,663.77,1767.41,813.89,0.6492
14526,242.342,1752,1384.26,608.42,1668.11,1080.0,0.9072
14526,242.342,1802,1198.65,646.35,1307.72,889.25,0.646
14526,242.342,1814,1336.1,680.26,1377.12,792.01,0.718
14526,242.342,1819,437.5,885.27,878.44,1075.21,0.813
14526,242.342,1823,394.66,665.99,468.64,872.31,0.7126
14526,242.342,1827,1727.67,661.01,1797.89,814.23,0.7553
14532,242.442,1752,1321.86,628.81,1610.21,1080.0,0.9057
14532,242.442,1802,1164.55,642.46,1296.55,884.89,0.8279
14532,242.442,1819,459.23,871.68,852.41,1050.07,0.7372
14532,242.442,1823,430.76,664.82,501.65,863.66,0.735
14532,242.442,1827,1747.93,657.47,1810.95,814.46,0.7263
14538,242.542,1752,1289.67,659.57,1535.96,1080.0,0.8678
14538,242.542,1802,1139.42,651.97,1272.27,881.99,0.8244
14538,242.542,1819,424.83,862.4,822.44,1062.61,0.876
14538,242.542,1823,456.73,662.84,525.29,861.17,0.7001
14538,242.542,1827,1758.5,659.48,1830.76,816.2,0.7842
14544,242.642,1752,1203.47,655.7,1465.26,1078.36,0.8966
14544,242.642,1802,1123.0,657.57,1225.25,884.85,0.8453
14544,242.642,1814,1392.46,677.83,1431.47,791.34,0.6721
14544,242.642,1819,420.67,855.98,812.48,1057.89,0.8829
14544,242.642,1823,478.65,660.93,545.38,860.52,0.6755
14544,242.642,1827,1764.46,658.08,1853.48,816.97,0.7644
14550,242.743,1752,1125.57,630.55,1405.43,1077.29,0.8971
14550,242.743,1802,1096.83,661.31,1196.9,884.03,0.7722
14550,242.743,1814,1403.76,676.58,1443.02,790.92,0.8342
14550,242.743,1819,433.95,866.99,815.95,1055.14,0.8614
14550,242.743,1823,495.59,659.16,561.47,857.48,0.7247
14550,242.743,1827,1773.69,659.65,1862.17,817.37,0.8197
14556,242.843,1752,1065.13,626.68,1347.32,1078.22,0.9034
14556,242.843,1814,1415.17,674.11,1456.43,790.8,0.7449
14556,242.843,1819,457.51,868.48,828.07,1045.91,0.8638
14556,242.843,1823,511.01,659.08,578.67,857.86,0.7109
14556,242.843,1827,1792.03,655.69,1870.26,817.29,0.847
14562,242.943,1752,992.73,632.52,1283.87,1078.47,0.9002
14562,242.943,1814,1419.3,672.92,1468.32,790.06,0.7966
14562,242.943,1819,491.65,854.26,846.13,1066.83,0.8722
14562,242.943,1823,525.86,658.52,587.71,855.95,0.6942
14562,242.943,1827,1804.52,653.25,1878.64,816.82,0.7865
14568,243.043,1752,948.53,610.73,1251.05,1078.03,0.9099
14568,243.043,1814,1427.21,673.18,1478.83,790.78,0.7744
14568,243.043,1819,519.15,835.61,839.81,1072.92,0.7702
14568,243.043,1823,538.98,657.05,602.75,853.14,0.7706
14568,243.043,1827,1806.2,656.08,1884.42,816.06,0.8526
14574,243.143,1752,898.5,593.0,1228.01,1079.09,0.9131
14574,243.143,1814,1437.73,674.73,1490.88,791.05,0.7445
14574,243.143,1819,563.04,808.39,829.24,1063.01,0.7024
14574,243.143,1823,553.29,656.49,614.4,850.82,0.72
14574,243.143,1827,1806.54,657.73,1893.75,816.29,0.8716
14580,243.243,1752,815.15,601.83,1201.09,1075.85,0.9124
14580,243.243,1814,1443.55,673.34,1497.8,790.16,0.7198
14580,243.243,1819,604.28,781.67,839.65,1019.62,0.759
14580,243.243,1823,565.64,656.85,626.59,849.67,0.7142
14586,243.343,1752,728.45,588.64,1159.37,1078.01,0.9227
14586,243.343,1814,1450.04,671.18,1499.15,788.99,0.713
14586,243.343,1819,671.69,761.84,849.23,987.87,0.746
14586,243.343,1823,575.47,654.15,636.36,845.57,0.6484
14586,243.343,1832,1543.0,409.48,1920.0,1074.03,0.9261
14586,243.343,1833,1065.39,647.67,1131.94,777.61,0.6199
14592,243.443,1752,690.69,557.75,1127.06,1077.52,0.9187
14592,243.443,1814,1455.8,669.11,1499.48,788.44,0.7468
14592,243.443,1819,693.31,751.45,850.48,987.57,0.3025
14592,243.443,1823,584.52,649.29,644.87,842.84,0.7084
14592,243.443,1832,1468.14,367.42,1919.27,1071.21,0.9405
14592,243.443,1833,1060.71,642.2,1132.49,748.76,0.678
14598,243.543,1752,708.1,537.38,1112.6,1076.4,0.9
14598,243.543,1823,593.87,650.03,652.0,840.97,0.7207
14598,243.543,1832,1372.76,350.77,1902.8,1074.89,0.942
14598,243.543,1833,1054.12,636.58,1134.87,743.57,0.6932
14604,243.643,1752,676.12,531.31,1111.95,1076.78,0.8995
14604,243.643,1823,599.65,646.88,659.25,839.38,0.7435
14604,243.643,1827,1837.99,652.22,1909.6,809.96,0.7157
14604,243.643,1832,1288.95,346.14,1895.75,1075.97,0.9413
14604,243.643,1833,1051.66,633.21,1136.52,760.9,0.6486
14610,243.744,1752,669.59,520.94,1105.85,1078.4,0.8441
14610,243.744,1823,605.22,643.76,665.27,833.41,0.7612
14610,243.744,1827,1840.0,651.77,1915.18,804.5,0.7361
14610,243.744,1832,1177.22,316.83,1904.58,1077.02,0.9425
14610,243.744,1833,1050.85,627.88,1133.92,764.95,0.5439
14616,243.844,1752,697.01,501.85,1094.35,1076.78,0.9178
14616,243.844,1823,609.37,637.42,668.8,826.08,0.7532
14616,243.844,1827,1844.52,644.94,1919.18,800.76,0.8188
14616,243.844,1832,1092.06,281.46,1872.02,1077.41,0.9422
14616,243.844,1833,1048.58,616.79,1130.41,782.47,0.4923
14622,243.944,1752,687.97,468.07,1090.85,1075.16,0.9179
14622,243.944,1823,609.8,629.68,670.5,816.63,0.6781
14622,243.944,1827,1846.31,629.45,1919.37,795.47,0.8084
14622,243.944,1832,1044.34,241.47,1897.85,1074.84,0.9544
14622,243.944,1833,1047.64,605.75,1123.88,732.76,0.4503
14628,244.044,1752,649.12,421.31,1092.22,1071.8,0.9198
14628,244.044,1823,609.89,613.64,671.34,799.44,0.6946
14628,244.044,1832,1028.02,193.78,1908.43,1068.65,0.9567
14634,244.144,1752,612.5,371.25,1114.32,1069.42,0.9389
14634,244.144,1823,607.22,593.92,672.97,778.0,0.7012
14634,244.144,1827,1844.84,623.97,1920.0,768.17,0.469
14634,244.144,1832,1048.92,144.53,1913.16,1065.42,0.916
14640,244.244,1752,588.39,309.84,1152.68,1065.38,0.9451
14640,244.244,1823,602.85,566.22,672.33,750.73,0.7043
14640,244.244,1827,1859.59,606.13,1920.0,742.2,0.4372
14640,244.244,1832,1118.63,255.88,1916.27,1061.88,0.9431
14646,244.344,1752,593.15,258.78,1191.08,1064.97,0.9418
14646,244.344,1823,608.64,536.37,672.81,721.28,0.6543
14646,244.344,1827,1865.02,561.37,1920.0,719.77,0.7464
14646,244.344,1832,1203.61,310.74,1916.51,1067.72,0.9436
14652,244.444,1752,608.11,217.0,1220.0,1063.78,0.9471
14652,244.444,1823,611.6,512.59,674.27,695.25,0.6984
14652,244.444,1832,1245.99,330.53,1917.5,1063.39,0.9584
14658,244.544,1752,639.41,192.01,1247.16,1065.99,0.9475
14658,244.544,1823,605.05,496.76,673.52,679.2,0.733
14658,244.544,1832,1260.53,341.33,1917.7,1063.88,0.9521
14658,244.544,1842,1272.17,513.62,1304.53,593.99,0.3811
14664,244.644,1752,652.93,175.84,1276.96,1072.44,0.9503
14664,244.644,1823,603.55,492.77,672.1,674.76,0.6987
14664,244.644,1832,1273.8,349.72,1920.0,1068.24,0.9423
14664,244.644,1842,1272.76,508.56,1305.52,589.43,0.5811
14670,244.745,1752,659.69,160.11,1315.13,1072.57,0.9313
14670,244.745,1823,599.8,489.15,670.0,670.64,0.7539
14670,244.745,1832,1315.9,353.04,1917.78,1072.01,0.9297
14670,244.745,1842,1271.25,508.9,1303.21,580.24,0.3483
14676,244.845,1752,666.77,207.17,1333.36,1074.57,0.9442
14676,244.845,1823,602.21,486.88,668.18,668.68,0.7479
14676,244.845,1832,1396.75,354.99,1916.51,1072.24,0.937
14676,244.845,1842,1270.8,506.56,1302.38,575.82,0.6617
14682,244.945,1752,743.87,381.18,1405.96,1074.41,0.9265
14682,244.945,1823,598.64,484.73,663.01,669.36,0.7743
14682,244.945,1832,1488.19,355.74,1918.21,1074.05,0.9164
14682,244.945,1833,951.67,458.16,1046.82,732.89,0.8368
14688,245.045,1823,588.91,485.05,654.46,671.87,0.7439
14688,245.045,1832,1570.7,357.42,1919.14,1074.16,0.9315
14688,245.045,1833,930.61,452.28,1027.14,743.63,0.8814
14694,245.145,1823,570.38,484.56,636.37,671.94,0.7373
14694,245.145,1832,1594.77,358.81,1913.11,1075.24,0.9271
14694,245.145,1833,899.68,450.33,995.11,749.47,0.8527
14700,245.245,1823,547.69,484.31,611.75,672.06,0.7617
14700,245.245,1832,1656.99,363.81,1911.12,1077.04,0.934
14700,245.245,1833,849.82,453.41,958.19,759.64,0.8676
14700,245.245,1842,1211.11,505.52,1240.32,579.89,0.5664
14706,245.345,1823,502.79,484.7,568.1,676.74,0.7388
14706,245.345,1827,1812.68,457.05,1883.78,618.65,0.7827
14706,245.345,1832,1792.39,426.04,1916.06,1080.0,0.7039
14706,245.345,1833,803.66,458.3,909.76,768.32,0.8484
14706,245.345,1842,1173.19,507.48,1202.26,585.61,0.6577
14712,245.445,1823,444.2,486.64,514.42,683.94,0.7131
14712,245.445,1827,1760.52,460.69,1859.65,678.76,0.8264
14712,245.445,1833,736.4,459.18,850.8,779.73,0.7989
14712,245.445,1842,1127.65,509.65,1156.29,588.74,0.7299
14718,245.545,1823,392.6,485.53,466.0,687.99,0.7886
14718,245.545,1827,1706.92,468.41,1818.13,700.57,0.8644
14718,245.545,1833,692.1,455.85,796.23,786.75,0.8324
14718,245.545,1842,1085.8,508.06,1114.7,591.6,0.6851
14718,245.545,1853,1179.49,505.32,1224.41,625.62,0.7224
14724,245.645,1823,354.88,486.96,422.29,693.72,0.7555
14724,245.645,1827,1641.62,473.16,1771.83,704.87,0.7848
14724,245.645,1833,647.31,452.44,758.25,789.69,0.8739
14724,245.645,1842,1051.21,508.55,1081.97,592.07,0.7549
14724,245.645,1853,1143.7,503.76,1187.69,625.45,0.7428
14730,245.745,1823,324.28,484.6,394.04,693.26,0.7738
14730,245.745,1833,607.43,449.48,731.92,793.83,0.9009
14730,245.745,1842,1024.13,507.47,1056.69,590.28,0.7872
14730,245.745,1853,1114.42,503.21,1157.08,623.73,0.7387
14736,245.846,1823,299.16,484.99,368.99,696.36,0.7963
14736,245.846,1833,577.82,456.03,714.62,804.04,0.8878
14736,245.846,1842,1009.77,508.36,1039.59,591.95,0.7349
14736,245.846,1853,1096.07,505.62,1140.3,624.1,0.7339
14742,245.946,1823,286.49,484.61,354.89,697.96,0.77
14742,245.946,1827,1570.93,468.37,1666.74,717.58,0.7988
14742,245.946,1833,558.26,457.35,705.5,819.32,0.8931
14742,245.946,1842,998.98,509.58,1029.61,591.54,0.6648
14742,245.946,1853,1082.86,504.83,1129.91,623.99,0.7269
14748,246.046,1823,279.3,485.8,347.87,700.91,0.7586
14748,246.046,1827,1562.14,464.61,1656.84,722.51,0.8353
14748,246.046,1833,547.77,448.53,692.22,827.96,0.8897
14748,246.046,1842,996.42,510.04,1027.02,590.45,0.601
14748,246.046,1853,1079.94,504.73,1126.23,625.16,0.67
14754,246.146,1823,277.53,486.22,347.37,702.07,0.7613
14754,246.146,1827,1554.76,454.77,1650.19,731.47,0.8622
14754,246.146,1833,542.66,445.44,681.07,832.56,0.8971
14754,246.146,1842,996.21,510.06,1026.84,591.54,0.6143
14754,246.146,1853,1081.95,500.63,1126.87,625.65,0.7022
14760,246.246,1823,277.4,486.47,348.58,702.16,0.7459
14760,246.246,1827,1540.24,453.01,1647.62,737.26,0.85
14760,246.246,1833,537.18,448.32,676.21,851.71,0.8611
14760,246.246,1842,996.48,510.14,1028.3,592.45,0.6591
14760,246.246,1853,1083.03,498.57,1128.53,626.11,0.742
14766,246.346,1823,276.12,485.8,349.0,701.72,0.7595
14766,246.346,1827,1529.06,453.08,1642.98,731.5,0.8742
14766,246.346,1833,527.92,450.79,666.46,871.23,0.8633
14766,246.346,1842,997.45,511.0,1029.09,591.7,0.6488
14766,246.346,1853,1083.89,497.97,1129.76,626.07,0.6956
14772,246.446,1823,276.65,485.62,353.16,702.22,0.7744
14772,246.446,1827,1523.24,444.07,1639.29,745.53,0.8165
14772,246.446,1833,520.54,450.67,662.93,883.54,0.8843
14772,246.446,1842,999.98,510.04,1031.7,590.95,0.7296
14772,246.446,1853,1083.25,497.17,1133.03,626.5,0.6882
14778,246.546,1823,281.56,484.68,358.68,701.65,0.8126
14778,246.546,1827,1516.41,440.59,1632.76,750.63,0.8394
14778,246.546,1833,515.58,441.55,662.47,888.96,0.8866
14778,246.546,1842,1005.42,509.52,1036.27,590.01,0.7488
14778,246.546,1853,1086.31,497.91,1137.72,626.81,0.7064
14784,246.646,1823,288.13,484.37,368.43,701.19,0.7921
14784,246.646,1827,1516.33,443.8,1634.29,761.45,0.8403
14784,246.646,1833,506.58,430.11,671.71,898.73,0.9237
14784,246.646,1842,1014.61,509.06,1043.72,593.07,0.744
14784,246.646,1853,1092.66,498.65,1143.72,626.58,0.7538
14790,246.746,1823,295.86,483.98,377.03,700.77,0.7867
14790,246.746,1827,1517.79,435.84,1639.85,771.86,0.8754
14790,246.746,1833,493.12,423.93,685.01,923.33,0.8794
14790,246.746,1842,1022.79,510.43,1052.71,594.77,0.732
14790,246.746,1853,1100.94,498.37,1150.61,626.92,0.7661
14796,246.847,1823,307.47,483.86,385.93,698.2,0.7785
14796,246.847,1827,1510.92,428.41,1646.29,780.77,0.8929
14796,246.847,1833,487.08,424.22,696.07,957.56,0.8945
14796,246.847,1842,1031.72,505.92,1064.01,593.9,0.8272
14796,246.847,1853,1105.67,499.54,1154.86,627.06,0.7671
14802,246.947,1823,319.23,484.22,397.27,697.57,0.7751
14802,246.947,1827,1502.67,430.78,1655.04,790.95,0.8902
14802,246.947,1833,489.89,422.5,703.34,977.48,0.9016
14802,246.947,1842,1043.12,507.4,1073.97,594.02,0.6136
14802,246.947,1853,1111.23,497.59,1159.9,627.65,0.8242
14808,247.047,1823,332.38,483.5,408.35,697.29,0.782
14808,247.047,1827,1509.81,435.65,1661.63,802.15,0.8706
14808,247.047,1833,497.17,411.4,702.77,989.02,0.8989
14808,247.047,1842,1052.1,505.64,1082.97,593.18,0.7523
14808,247.047,1853,1119.83,496.84,1166.42,628.82,0.8073
14814,247.147,1823,344.96,482.53,422.3,695.42,0.8134
14814,247.147,1827,1524.47,433.12,1681.27,817.97,0.8848
14814,247.147,1833,504.23,400.65,707.37,1000.37,0.8931
14814,247.147,1842,1062.85,504.17,1094.31,592.5,0.6921
14814,247.147,1853,1125.32,498.45,1175.29,629.14,0.7548
14820,247.247,1823,361.27,482.44,437.46,694.45,0.7716
14820,247.247,1827,1546.7,431.6,1715.35,838.69,0.8653
14820,247.247,1833,503.95,400.0,724.59,1046.42,0.901
14820,247.247,1842,1075.85,506.07,1108.34,592.68,0.7692
14820,247.247,1853,1137.03,497.54,1187.92,630.93,0.8482
14826,247.347,1823,384.51,482.4,458.64,694.2,0.7281
14826,247.347,1827,1575.57,422.61,1750.3,846.6,0.9159
14826,247.347,1833,506.44,394.62,741.08,1073.73,0.8961
14826,247.347,1842,1094.32,507.47,1125.37,592.79,0.6466
14826,247.347,1853,1152.93,496.63,1203.3,629.79,0.7691
14832,247.447,1823,416.25,480.66,488.97,688.36,0.7412
14832,247.447,1827,1615.31,406.48,1791.27,846.61,0.8998
14832,247.447,1833,514.66,384.33,765.73,1076.94,0.9158
14832,247.447,1842,1116.05,507.24,1146.49,590.66,0.6307
14832,247.447,1853,1171.38,493.53,1220.36,628.69,0.7712
14838,247.547,1823,462.24,483.02,532.53,686.53,0.7587
14838,247.547,1827,1661.96,396.97,1867.85,864.72,0.9009
14838,247.547,1833,543.18,357.05,809.06,1077.94,0.9131
14838,247.547,1842,1151.53,505.81,1182.49,591.07,0.7298
14838,247.547,1853,1205.6,492.5,1254.3,628.69,0.8638
14844,247.647,1823,503.37,484.02,568.68,688.65,0.7233
14844,247.647,1827,1720.55,401.98,1911.83,873.26,0.8683
14844,247.647,1833,555.89,334.95,837.74,1078.65,0.9099
14844,247.647,1842,1187.42,506.86,1217.5,592.75,0.7046
14844,247.647,1853,1238.28,494.35,1288.88,635.77,0.792
14850,247.748,1827,1804.78,482.97,1920.0,886.59,0.7978
14850,247.748,1833,540.57,346.58,863.66,1080.0,0.9352
14850,247.748,1842,1213.76,508.54,1244.56,595.79,0.7417
14850,247.748,1853,1254.31,500.19,1314.23,641.19,0.7173
14856,247.848,1833,538.67,342.93,881.49,1080.0,0.9249
14856,247.848,1842,1225.92,509.95,1257.51,599.91,0.806
14856,247.848,1853,1260.48,501.06,1321.72,643.18,0.7606
14862,247.948,1833,497.61,319.91,872.57,1080.0,0.9377
14862,247.948,1842,1227.94,508.68,1260.79,599.71,0.6832
14862,247.948,1853,1259.85,501.0,1319.4,644.58,0.7241
14868,248.048,1833,442.48,315.31,864.17,1078.4,0.9316
14868,248.048,1842,1226.25,508.59,1259.1,597.7,0.5283
14868,248.048,1853,1254.36,501.04,1312.94,644.58,0.7329
14874,248.148,1833,371.56,379.64,864.61,1076.23,0.9235
14874,248.148,1853,1242.73,499.9,1300.35,642.63,0.7948
14880,248.248,1823,540.6,482.42,606.47,657.17,0.7334
14880,248.248,1833,295.47,490.15,873.13,1076.01,0.9241
14880,248.248,1853,1228.32,489.97,1287.7,636.24,0.7676
14886,248.348,1823,538.74,465.12,605.16,650.84,0.7144
14886,248.348,1833,230.57,571.19,880.25,1070.23,0.9269
14886,248.348,1853,1220.37,470.79,1278.52,618.18,0.781
14892,248.448,1823,537.42,445.68,606.07,634.41,0.7566
14892,248.448,1833,191.36,605.31,888.85,1069.38,0.9344
14892,248.448,1853,1214.74,451.88,1271.77,597.08,0.7631
14898,248.548,1823,536.82,426.0,605.01,615.21,0.7711
14898,248.548,1833,174.63,611.04,892.09,1069.48,0.9448
14898,248.548,1853,1209.45,432.23,1265.4,577.75,0.7458
14904,248.648,1823,536.38,405.2,604.23,597.28,0.7673
14904,248.648,1833,170.27,594.08,888.49,1070.76,0.9443
14904,248.648,1853,1205.26,414.1,1258.03,558.5,0.804
14910,248.749,1823,536.39,383.41,603.58,575.6,0.7192
14910,248.749,1833,170.74,568.36,884.33,1069.76,0.939
14910,248.749,1853,1199.56,393.27,1251.91,537.6,0.7557
14916,248.849,1823,535.45,364.92,600.7,557.26,0.6834
14916,248.849,1833,166.29,558.71,878.67,1070.38,0.9255
14916,248.849,1853,1194.43,374.74,1250.41,519.81,0.7525
14922,248.949,1823,534.0,351.65,597.12,545.97,0.6625
14922,248.949,1833,157.82,556.38,869.88,1072.33,0.923
14922,248.949,1853,1181.68,359.59,1246.95,506.93,0.6954
14928,249.049,1823,527.77,341.31,591.67,535.48,0.6851
14928,249.049,1833,149.16,550.99,888.07,1075.27,0.9251
14928,249.049,1853,1167.07,348.07,1243.22,496.36,0.7719
14934,249.149,1823,521.65,333.59,585.3,526.67,0.7384
14934,249.149,1833,133.89,534.35,895.62,1078.87,0.9151
14934,249.149,1853,1154.99,340.71,1235.64,489.62,0.7112
14940,249.249,1823,512.94,324.85,578.83,520.83,0.7564
14940,249.249,1833,125.13,512.6,882.64,1079.91,0.9182
14940,249.249,1853,1146.39,333.08,1224.77,484.12,0.7584
14946,249.349,1823,503.85,320.05,569.84,516.41,0.7547
14946,249.349,1833,113.1,478.27,853.93,1078.82,0.9123
14946,249.349,1842,1197.53,342.8,1228.8,427.92,0.6146
14946,249.349,1853,1139.65,332.19,1206.43,477.85,0.7573
14946,249.349,1867,1854.6,399.41,1918.23,645.39,0.7685
14952,249.449,1823,495.13,316.66,561.24,487.59,0.6844
14952,249.449,1833,107.24,424.59,810.15,1080.0,0.897
14952,249.449,1842,1188.23,340.3,1221.08,426.89,0.5694
14952,249.449,1853,1130.17,329.74,1191.51,473.91,0.7459
14952,249.449,1867,1848.22,363.41,1917.05,638.58,0.7753
14958,249.549,1823,486.81,310.44,550.73,444.16,0.6979
14958,249.549,1833,107.18,359.88,764.68,1078.68,0.9085
14958,249.549,1842,1180.54,336.37,1213.04,423.54,0.5923
14958,249.549,1853,1118.45,322.87,1177.98,467.94,0.7422
14958,249.549,1867,1821.54,349.35,1918.01,636.37,0.8183
14964,249.649,1833,115.64,283.93,716.64,1077.37,0.9193
14964,249.649,1842,1171.23,333.68,1203.09,420.2,0.7516
14964,249.649,1853,1106.06,319.67,1164.65,461.84,0.8042
14964,249.649,1867,1793.11,343.97,1917.08,626.38,0.8404
14970,249.75,1833,123.79,218.29,677.19,1075.8,0.9261
14970,249.75,1842,1164.29,326.96,1194.87,415.08,0.785
14970,249.75,1853,1094.68,316.21,1146.59,457.85,0.7888
14970,249.75,1867,1761.76,344.57,1912.04,618.09,0.8169
14976,249.85,1833,120.11,166.21,632.97,1075.58,0.7766
14976,249.85,1842,1159.27,323.07,1189.17,412.31,0.7721
14976,249.85,1853,1083.95,311.62,1131.65,456.01,0.7254
14976,249.85,1867,1747.68,345.84,1890.67,609.4,0.7944
14982,249.95,1833,130.45,145.04,599.94,1075.47,0.8705
14982,249.95,1842,1153.1,320.36,1184.91,412.31,0.8232
14982,249.95,1853,1071.77,308.9,1122.2,452.02,0.7649
14982,249.95,1867,1737.91,348.03,1872.14,598.04,0.7956
14988,250.05,1833,148.18,137.94,577.01,1076.2,0.8914
14988,250.05,1842,1146.86,320.0,1180.09,411.66,0.8247
14988,250.05,1853,1065.2,309.83,1111.93,451.33,0.843
14988,250.05,1867,1729.92,349.92,1850.21,587.67,0.8171
14994,250.15,1833,138.8,133.98,559.54,1075.87,0.8824
14994,250.15,1842,1142.47,319.95,1175.6,410.5,0.7694
14994,250.15,1853,1058.94,310.02,1101.76,450.3,0.7295
14994,250.15,1867,1721.46,349.54,1829.17,584.75,0.8237
15000,250.25,1833,148.26,134.19,561.16,1075.38,0.8804
15000,250.25,1842,1138.96,318.28,1171.48,410.27,0.7121
15000,250.25,1853,1049.93,309.18,1093.27,450.66,0.7426
15000,250.25,1867,1707.3,350.54,1815.46,585.09,0.8116
15006,250.35,1833,123.06,133.28,587.35,1077.02,0.9236
15006,250.35,1842,1135.43,319.02,1166.95,410.64,0.7355
15006,250.35,1853,1039.27,308.46,1083.3,450.4,0.817
15006,250.35,1867,1700.54,351.08,1806.44,584.3,0.8631
15012,250.45,1833,146.74,134.19,627.82,1074.73,0.912
15012,250.45,1842,1130.1,318.44,1161.39,411.43,0.8043
15012,250.45,1853,1023.13,301.69,1074.12,451.33,0.7824
15012,250.45,1867,1693.23,351.12,1808.5,579.8,0.8652
15018,250.55,1833,163.63,132.78,690.04,1075.35,0.8696
15018,250.55,1842,1121.88,318.3,1153.67,410.93,0.8176
15018,250.55,1853,1003.59,301.49,1064.15,452.18,0.7786
15018,250.55,1867,1683.33,351.15,1809.27,575.69,0.8644
15024,250.65,1833,164.97,134.64,718.67,1073.58,0.8995
15024,250.65,1842,1115.22,319.92,1146.05,410.25,0.7216
15024,250.65,1853,990.94,297.64,1051.68,452.22,0.7634
15024,250.65,1867,1671.11,350.55,1812.75,569.12,0.8614
15030,250.751,1833,163.1,135.56,740.11,1072.4,0.9299
15030,250.751,1842,1106.34,318.12,1137.05,410.51,0.7821
15030,250.751,1853,977.5,300.71,1042.2,452.57,0.8018
15030,250.751,1867,1662.08,349.46,1817.22,563.71,0.8897
15036,250.851,1833,169.22,138.39,784.87,1071.63,0.952
15036,250.851,1842,1096.33,318.03,1128.79,409.77,0.7896
15036,250.851,1853,964.53,304.37,1028.29,451.99,0.8017
15036,250.851,1867,1656.06,349.97,1826.25,562.6,0.8763
15042,250.951,1833,176.78,138.11,838.73,1069.76,0.9353
15042,250.951,1842,1090.75,318.67,1122.3,409.92,0.7062
15042,250.951,1853,951.25,306.39,1009.26,451.17,0.7728
15042,250.951,1867,1649.06,350.17,1837.84,560.06,0.8653
15048,251.051,1833,198.18,140.64,952.96,1067.16,0.9369
15048,251.051,1842,1084.77,317.59,1116.73,410.21,0.7722
15048,251.051,1853,941.5,310.16,991.46,451.08,0.7649
15048,251.051,1867,1661.5,350.58,1846.93,564.62,0.863
15054,251.151,1833,227.46,127.06,1103.48,1066.54,0.9049
15054,251.151,1842,1081.29,317.54,1113.13,410.88,0.8109
15054,251.151,1853,930.7,311.58,979.94,451.41,0.775
15054,251.151,1867,1700.71,351.46,1857.53,565.35,0.8508
15060,251.251,1833,279.42,71.6,1255.81,1067.52,0.9261
15060,251.251,1842,1077.28,317.91,1109.98,409.28,0.8117
15060,251.251,1853,923.31,310.22,967.98,434.24,0.7681
15060,251.251,1867,1725.79,350.57,1869.82,566.06,0.8586
15066,251.351,1833,346.96,32.84,1356.45,1068.2,0.9269
15066,251.351,1842,1074.43,319.27,1107.14,404.65,0.764
15066,251.351,1867,1735.98,351.49,1875.8,564.33,0.8504
15072,251.451,1833,417.47,32.24,1398.64,1069.8,0.9455
15072,251.451,1842,1071.5,318.62,1105.18,409.76,0.7765
15072,251.451,1867,1741.76,351.93,1875.74,565.06,0.8777
15072,251.451,1874,338.02,294.57,410.72,502.61,0.6892
15078,251.551,1833,463.97,60.93,1307.28,1070.16,0.9609
15078,251.551,1842,1070.42,320.76,1103.71,411.26,0.7385
15078,251.551,1867,1744.29,350.63,1868.74,562.45,0.8556
15078,251.551,1874,332.79,294.85,409.73,503.02,0.7286
15084,251.651,1833,497.79,72.2,1109.79,1070.76,0.9448
15084,251.651,1842,1069.88,322.36,1102.83,411.91,0.7356
15084,251.651,1867,1734.92,350.19,1865.82,558.72,0.8781
15084,251.651,1874,334.9,294.0,409.08,503.68,0.717
15090,251.751,1833,529.17,55.66,1058.01,1071.26,0.9253
15090,251.751,1842,1069.68,323.05,1102.05,412.01,0.7402
15090,251.751,1867,1714.45,350.55,1865.1,558.37,0.8411
15090,251.751,1874,332.32,292.74,407.1,504.84,0.7236
15096,251.852,1833,568.82,30.16,1060.07,1072.27,0.9332
15096,251.852,1842,1069.66,324.95,1102.1,412.5,0.7674
15096,251.852,1867,1705.78,352.63,1859.38,557.84,0.9276
15096,251.852,1874,329.15,294.39,406.56,506.62,0.6748
15102,251.952,1833,600.12,23.66,1026.53,1072.68,0.9409
15102,251.952,1842,1069.82,330.05,1103.31,413.91,0.7596
15102,251.952,1867,1694.35,353.29,1834.71,558.2,0.8252
15102,251.952,1874,328.26,297.11,402.1,510.16,0.7236
15108,252.052,1833,631.86,39.24,1028.89,1076.54,0.9352
15108,252.052,1842,1071.46,337.63,1105.24,415.94,0.8044
15108,252.052,1867,1675.43,356.0,1779.14,560.35,0.8029
15108,252.052,1874,318.83,302.16,399.24,516.82,0.7752
15114,252.152,1833,661.32,71.79,1040.47,1079.16,0.9349
15114,252.152,1842,1074.26,346.19,1110.65,425.67,0.715
15114,252.152,1867,1639.64,356.94,1743.81,563.35,0.8443
15114,252.152,1874,320.4,314.98,398.42,528.38,0.7521
15120,252.252,1833,688.52,113.45,1160.92,1079.6,0.9461
15120,252.252,1842,1080.23,357.07,1113.8,439.47,0.7465
15120,252.252,1867,1589.91,357.61,1733.82,575.33,0.869
15120,252.252,1874,317.64,329.77,397.73,542.12,0.73
15126,252.352,1833,722.01,149.9,1248.83,1080.0,0.9459
15126,252.352,1842,1082.77,370.76,1115.8,455.97,0.704
15126,252.352,1867,1562.98,355.64,1723.08,587.81,0.8596
15126,252.352,1874,320.72,344.73,398.24,558.15,0.758
15132,252.452,1833,756.32,191.26,1284.63,1079.65,0.9451
15132,252.452,1842,1087.17,387.47,1118.11,469.9,0.661
15132,252.452,1867,1552.28,355.44,1689.54,599.82,0.8509
15132,252.452,1874,324.97,363.41,397.6,575.58,0.7533
15138,252.552,1833,798.02,237.32,1271.56,1079.48,0.9337
15138,252.552,1842,1091.59,407.32,1122.21,482.67,0.7056
15138,252.552,1867,1535.57,358.95,1646.07,609.79,0.8512
15138,252.552,1874,323.87,377.91,398.26,589.83,0.7599
15144,252.652,1833,838.26,278.37,1225.56,1079.63,0.9307
15144,252.652,1842,1097.02,421.09,1128.66,493.02,0.4286
15144,252.652,1867,1506.81,371.78,1629.57,620.36,0.8747
15144,252.652,1874,325.21,390.22,395.92,600.42,0.7713
15150,252.752,1833,866.87,299.01,1180.93,1079.09,0.9205
15150,252.752,1867,1484.14,387.28,1620.85,631.67,0.8881
15150,252.752,1874,324.31,403.01,394.94,614.1,0.7751
15156,252.853,1833,883.08,307.4,1154.31,1079.39,0.9155
15156,252.853,1867,1470.72,400.49,1599.66,638.62,0.8879
15156,252.853,1874,326.27,415.45,393.37,625.01,0.7469
15162,252.953,1833,892.25,316.7,1148.25,1077.83,0.9016
15162,252.953,1867,1460.65,413.08,1569.08,649.02,0.8826
15162,252.953,1874,334.43,428.66,396.98,638.06,0.7502
15168,253.053,1833,900.91,341.43,1146.87,1076.74,0.9136
15168,253.053,1867,1456.75,425.7,1545.49,659.49,0.8502
15168,253.053,1874,335.08,442.18,399.3,650.82,0.7868
15174,253.153,1833,909.22,371.7,1144.98,1076.97,0.9137
15174,253.153,1867,1444.64,441.05,1532.32,666.72,0.8427
15174,253.153,1874,338.73,458.78,399.83,666.01,0.7505
15180,253.253,1833,912.11,400.53,1137.48,1078.9,0.9007
15180,253.253,1867,1432.86,455.12,1516.81,678.26,0.7835
15180,253.253,1874,339.16,474.17,402.28,679.67,0.7719
15186,253.353,1833,916.02,414.67,1130.02,1078.72,0.8839
15186,253.353,1867,1431.3,469.33,1505.48,687.83,0.8071
15186,253.353,1874,342.61,485.23,401.42,693.84,0.7827
15192,253.453,1833,915.8,417.63,1132.31,1068.82,0.8705
15192,253.453,1867,1425.01,479.35,1497.46,694.87,0.8233
15192,253.453,1874,341.17,498.03,403.11,703.6,0.7568
15192,253.453,1881,898.93,507.24,942.1,635.22,0.542
15198,253.553,1833,916.06,426.84,1145.04,1071.15,0.8854
15198,253.553,1867,1411.61,490.05,1496.22,703.08,0.8412
15198,253.553,1874,342.4,504.39,401.92,715.99,0.7463
15198,253.553,1881,905.59,511.0,946.06,646.6,0.4173
15204,253.653,1833,949.53,446.73,1159.83,1072.76,0.868
15204,253.653,1867,1401.18,502.26,1497.84,708.09,0.8107
15204,253.653,1874,341.52,512.35,403.89,723.88,0.7144
15204,253.653,1881,917.57,525.84,951.27,655.5,0.4447
15210,253.754,1833,976.65,461.12,1169.62,1072.28,0.8825
15210,253.754,1867,1392.63,514.99,1498.72,716.78,0.8532
15210,253.754,1874,339.68,524.74,401.98,731.73,0.7496
15210,253.754,1881,921.94,537.56,958.07,665.41,0.6212
15216,253.854,1833,991.7,474.02,1178.82,1045.13,0.8725
15216,253.854,1867,1385.28,525.47,1489.85,725.03,0.8772
15216,253.854,1874,340.42,531.29,400.79,740.88,0.7594
15216,253.854,1881,923.43,543.54,963.54,673.0,0.6541
15222,253.954,1833,1010.22,480.2,1191.33,1030.28,0.8677
15222,253.954,1867,1386.4,533.13,1473.36,731.69,0.8109
15222,253.954,1874,339.54,540.36,401.0,751.48,0.7375
15222,253.954,1881,926.07,552.75,966.1,682.35,0.6791
15228,254.054,1833,1025.47,486.03,1205.13,1031.48,0.8802
15228,254.054,1867,1386.51,541.52,1459.97,739.12,0.85
15228,254.054,1874,335.01,551.38,394.4,760.39,0.7654
15228,254.054,1881,933.37,558.49,968.58,689.86,0.7071
15234,254.154,1833,1037.93,495.59,1215.24,1037.43,0.8797
15234,254.154,1867,1384.09,552.49,1450.7,744.35,0.852
15234,254.154,1874,331.56,558.29,389.46,769.99,0.7371
15234,254.154,1881,937.13,567.87,971.52,699.46,0.7239
15240,254.254,1833,1049.25,505.29,1221.77,1039.24,0.8773
15240,254.254,1867,1376.88,563.15,1440.95,750.73,0.8611
15240,254.254,1874,324.78,565.75,386.46,781.65,0.7816
15240,254.254,1881,937.8,573.02,972.68,706.29,0.7633
15246,254.354,1833,1064.57,511.31,1236.48,1045.57,0.8784
15246,254.354,1867,1370.29,568.87,1435.84,754.46,0.8536
15246,254.354,1874,322.94,572.21,382.33,789.11,0.7723
15246,254.354,1881,936.69,578.59,975.0,712.21,0.7264
15252,254.454,1833,1082.57,522.95,1259.6,1060.62,0.8889
15252,254.454,1867,1359.84,575.1,1426.46,756.85,0.8002
15252,254.454,1874,319.84,580.39,380.51,794.62,0.7668
15252,254.454,1881,930.16,586.76,975.42,718.53,0.7722
15258,254.554,1833,1091.66,533.7,1315.07,1068.4,0.9073
15258,254.554,1867,1347.42,578.43,1422.06,762.26,0.845
15258,254.554,1874,319.99,585.18,379.02,797.88,0.6964
15258,254.554,1881,921.54,594.88,975.22,723.97,0.7218
15264,254.654,1833,1095.45,542.61,1342.82,1075.27,0.9235
15264,254.654,1867,1337.41,590.17,1416.77,766.12,0.8498
15264,254.654,1874,314.57,590.29,376.03,804.62,0.7418
15264,254.654,1881,915.99,595.35,980.73,730.49,0.6917
15270,254.755,1833,1111.16,540.9,1365.39,1078.07,0.8997
15270,254.755,1867,1329.84,599.01,1403.0,785.14,0.6081
15270,254.755,1874,311.37,596.03,372.54,809.27,0.798
15270,254.755,1881,914.26,604.9,984.55,737.92,0.7594
15276,254.855,1833,1170.55,521.28,1390.24,1078.66,0.9106
15276,254.855,1874,308.09,600.76,367.8,814.42,0.7566
15276,254.855,1881,923.71,610.65,984.11,742.27,0.8227
15282,254.955,1833,1210.65,509.49,1420.42,1076.27,0.9061
15282,254.955,1874,302.96,603.26,360.69,817.64,0.7668
15282,254.955,1881,938.76,613.45,984.08,745.3,0.7088
15288,255.055,1833,1240.36,515.37,1461.46,1075.92,0.9192
15288,255.055,1874,297.11,608.01,355.18,823.06,0.7828
15288,255.055,1881,940.79,622.26,994.48,748.05,0.7227
15294,255.155,1833,1270.76,523.6,1515.24,1075.81,0.912
15294,255.155,1874,281.35,612.31,343.82,829.72,0.7524
15294,255.155,1881,934.62,625.69,1006.35,753.32,0.7364
15300,255.255,1833,1300.98,527.24,1565.49,1075.39,0.927
15300,255.255,1867,1248.44,623.86,1317.95,784.82,0.754
15300,255.255,1874,269.84,616.09,331.2,833.73,0.7182
15300,255.255,1881,929.54,632.76,998.52,759.44,0.6497
15306,255.355,1867,1236.75,493.99,1360.0,779.36,0.8799
15312,255.455,1867,1208.01,477.99,1340.24,785.8,0.8975
15312,255.455,1896,554.08,379.45,757.28,651.03,0.9064
15318,255.555,1867,1181.85,465.79,1316.98,783.76,0.8794
15318,255.555,1896,562.5,374.72,748.05,643.28,0.8904
15324,255.655,1867,1163.4,452.85,1292.66,768.16,0.8825
15324,255.655,1896,622.25,375.45,736.5,637.39,0.7976
15324,255.655,1900,1794.37,412.02,1886.46,665.26,0.7914
15330,255.756,1867,1139.52,440.86,1267.12,757.26,0.8728
15330,255.756,1896,632.17,377.3,787.08,632.63,0.8819
15330,255.756,1900,1735.74,406.76,1837.63,663.56,0.655
15336,255.856,1867,1112.73,431.32,1239.89,747.41,0.8947
15336,255.856,1896,620.83,369.94,786.21,635.44,0.9057
15336,255.856,1900,1685.75,394.74,1787.46,656.75,0.8126
15342,255.956,1867,1079.42,426.32,1205.75,739.21,0.8917
15342,255.956,1896,596.66,360.87,746.99,633.81,0.8583
15342,255.956,1900,1636.16,387.4,1732.85,634.03,0.8174
15348,256.056,1867,1028.98,424.89,1151.66,721.88,0.873
15348,256.056,1896,549.69,359.22,688.19,627.24,0.859
15348,256.056,1900,1574.07,375.81,1665.38,618.75,0.8315
15354,256.156,1867,938.06,415.92,1063.71,705.5,0.8873
15354,256.156,1896,481.6,367.67,626.61,623.88,0.8269
15354,256.156,1900,1465.55,362.66,1564.69,606.56,0.7921
15360,256.256,1867,818.15,404.75,953.17,697.73,0.8687
15360,256.256,1896,387.99,368.4,528.71,623.07,0.849
15360,256.256,1900,1332.04,356.04,1434.93,595.23,0.8579
15366,256.356,1867,699.66,404.96,836.59,679.02,0.8743
15366,256.356,1896,281.6,367.86,412.44,625.7,0.8623
15366,256.356,1900,1180.57,350.1,1298.85,584.97,0.8457
15366,256.356,1901,1669.72,633.7,1815.39,1020.57,0.8796
15372,256.456,1867,599.86,409.26,731.98,674.62,0.8655
15372,256.456,1896,195.4,376.8,305.77,623.93,0.8429
15372,256.456,1900,1047.23,344.05,1167.92,574.64,0.8359
15372,256.456,1901,1548.16,615.32,1693.67,1003.61,0.8765
15372,256.456,1902,1708.55,385.64,1777.75,555.42,0.7781
15378,256.556,1867,509.05,405.98,641.46,676.4,0.8653
15378,256.556,1896,116.23,382.98,207.79,629.14,0.8168
15378,256.556,1900,941.12,338.61,1060.8,568.81,0.8432
15378,256.556,1901,1443.65,601.36,1580.62,987.69,0.8369
15378,256.556,1902,1584.5,370.72,1649.17,539.5,0.7544
15384,256.656,1867,450.2,399.06,583.56,669.45,0.8361
15384,256.656,1896,48.42,377.7,161.19,633.26,0.8294
15384,256.656,1900,870.82,338.84,985.98,565.74,0.8224
15384,256.656,1901,1371.36,589.94,1500.32,956.51,0.8389
15384,256.656,1902,1484.89,356.51,1545.67,524.26,0.7279
15384,256.656,1904,1240.22,218.17,1292.04,338.34,0.7975
15390,256.757,1867,429.63,400.2,542.2,662.49,0.8095
15390,256.757,1896,9.07,375.75,129.21,628.46,0.8498
15390,256.757,1900,815.67,340.43,936.13,563.13,0.7662
15390,256.757,1901,1312.69,581.64,1439.11,922.07,0.8629
15390,256.757,1902,1412.37,350.62,1476.87,510.4,0.7362
15390,256.757,1904,1183.53,215.38,1232.02,338.67,0.7817
15396,256.857,1867,410.58,398.77,518.66,660.11,0.8247
15396,256.857,1896,2.25,376.53,110.23,623.92,0.8429
15396,256.857,1900,770.87,341.78,896.23,561.1,0.7271
15396,256.857,1901,1266.89,567.61,1391.32,907.2,0.8595
15396,256.857,1902,1350.94,331.37,1423.24,502.8,0.7853
15396,256.857,1904,1138.71,214.11,1183.58,339.61,0.762
15396,256.857,1905,1822.5,354.73,1886.36,544.76,0.6449
15402,256.957,1867,394.95,390.44,514.96,657.34,0.8772
15402,256.957,1896,0.0,366.37,96.67,619.48,0.85
15402,256.957,1900,754.21,343.12,873.76,555.79,0.7995
15402,256.957,1901,1232.61,549.2,1364.14,897.97,0.8521
15402,256.957,1902,1305.92,317.43,1381.54,491.92,0.7942
15402,256.957,1904,1107.58,214.47,1150.61,339.71,0.6996
15402,256.957,1905,1783.07,353.45,1851.13,519.22,0.6951
15408,257.057,1867,398.89,387.37,525.17,637.25,0.8197
15408,257.057,1896,2.0,359.21,99.98,602.74,0.859
15408,257.057,1900,757.15,336.51,865.77,550.31,0.8507
15408,257.057,1901,1216.98,539.43,1355.04,863.41,0.8702
15408,257.057,1902,1279.55,314.7,1345.94,479.99,0.7049
15408,257.057,1904,1090.59,216.05,1131.84,337.97,0.7809
15408,257.057,1905,1757.42,353.97,1826.96,520.96,0.7029
15414,257.157,1867,435.91,390.33,548.62,630.48,0.7278
15414,257.157,1896,19.51,358.46,109.59,591.3,0.8372
15414,257.157,1900,757.92,331.47,870.71,544.46,0.8335
15414,257.157,1901,1223.91,531.79,1352.9,850.42,0.8791
15414,257.157,1902,1258.53,308.89,1315.68,471.75,0.7
15414,257.157,1904,1074.93,217.37,1120.61,337.35,0.7317
15414,257.157,1905,1737.92,350.59,1803.77,518.2,0.7535
15420,257.257,1867,453.91,382.07,572.41,629.19,0.8504
15420,257.257,1896,38.59,348.34,115.72,587.3,0.8131
15420,257.257,1900,775.94,332.24,875.13,536.91,0.8327
15420,257.257,1901,1238.07,512.24,1357.58,834.79,0.862
15420,257.257,1902,1240.99,300.93,1292.86,461.69,0.775
15420,257.257,1904,1063.78,221.23,1112.19,337.19,0.7862
15420,257.257,1905,1714.59,353.01,1783.23,511.5,0.7019
15426,257.357,1867,466.14,373.98,595.43,624.92,0.8489
15426,257.357,1896,38.57,340.75,133.44,577.34,0.8577
15426,257.357,1900,788.87,328.19,879.17,533.13,0.7904
15426,257.357,1901,1243.59,498.56,1358.71,819.52,0.8565
15426,257.357,1902,1216.94,298.96,1273.19,452.4,0.7923
15426,257.357,1904,1055.64,216.38,1099.45,337.86,0.7621
15426,257.357,1905,1689.53,351.3,1759.89,504.92,0.7629
15432,257.457,1867,493.9,374.79,607.81,622.42,0.8307
15432,257.457,1896,42.95,340.9,133.96,567.9,0.8171
15432,257.457,1900,784.75,321.42,891.89,532.12,0.8388
15432,257.457,1901,1253.59,494.88,1350.49,800.41,0.8545
15432,257.457,1902,1187.51,292.61,1248.86,444.28,0.7943
15432,257.457,1904,1045.32,216.63,1082.61,335.46,0.735
15432,257.457,1905,1660.71,350.32,1733.5,496.5,0.6648
15438,257.557,1867,530.23,368.36,625.51,613.01,0.8147
15438,257.557,1896,49.03,338.09,140.1,559.11,0.8317
15438,257.557,1900,789.9,320.01,910.24,528.77,0.8315
15438,257.557,1901,1251.13,485.68,1354.34,788.12,0.8533
15438,257.557,1902,1164.41,285.94,1232.33,438.27,0.7291
15438,257.557,1904,1037.76,216.04,1073.28,336.75,0.7337
15438,257.557,1905,1633.11,349.42,1696.07,490.47,0.7033
15444,257.657,1867,551.15,358.21,662.9,605.35,0.8715
15444,257.657,1896,57.52,329.01,143.12,552.96,0.8422
15444,257.657,1900,820.19,320.76,922.49,525.62,0.7774
15444,257.657,1901,1252.55,475.4,1377.24,782.86,0.8979
15444,257.657,1902,1148.55,284.5,1213.81,426.33,0.7839
15444,257.657,1904,1032.05,216.43,1073.43,337.03,0.6964
15444,257.657,1905,1611.69,348.31,1667.23,490.62,0.7335
15450,257.757,1867,579.11,356.04,709.46,595.44,0.8408
15450,257.757,1896,71.86,324.36,155.22,541.27,0.8034
15450,257.757,1900,862.65,308.04,947.22,521.86,0.7794
15450,257.757,1901,1269.96,471.56,1402.44,765.1,0.8675
15450,257.757,1902,1142.37,280.63,1202.53,422.92,0.7406
15450,257.757,1904,1035.51,216.78,1084.4,338.3,0.7679
15450,257.757,1905,1585.78,348.17,1658.23,487.59,0.7997
15456,257.858,1867,629.44,357.58,748.17,590.98,0.8208
15456,257.858,1896,92.89,323.04,168.91,536.53,0.8062
15456,257.858,1900,893.64,301.26,972.93,516.96,0.805
15456,257.858,1901,1303.2,464.39,1412.85,751.67,0.8524
15456,257.858,1902,1133.52,274.11,1193.41,416.81,0.7245
15456,257.858,1904,1039.42,216.58,1089.43,339.22,0.7743
15456,257.858,1905,1574.35,349.64,1651.87,487.98,0.7304
15462,257.958,1867,673.07,350.8,771.3,583.59,0.8578
15462,257.958,1896,113.58,314.91,188.67,529.94,0.7913
15462,257.958,1900,916.31,304.72,996.85,510.66,0.7591
15462,257.958,1901,1324.86,447.0,1422.22,744.54,0.825
15462,257.958,1902,1123.23,276.56,1185.91,411.52,0.7105
15462,257.958,1904,1043.27,216.9,1091.77,339.65,0.7846
15462,257.958,1905,1571.34,351.4,1635.94,485.41,0.6278
15462,257.958,1909,836.36,221.84,911.04,336.81,0.6195
15468,258.058,1867,705.92,344.13,803.81,577.1,0.8518
15468,258.058,1896,126.71,309.29,204.53,523.56,0.8312
15468,258.058,1900,932.91,305.63,1013.15,505.65,0.8174
15468,258.058,1901,1335.44,438.44,1427.32,726.89,0.839
15468,258.058,1902,1107.99,274.54,1171.57,404.14,0.7645
15468,258.058,1904,1052.05,216.27,1092.96,338.93,0.7354
15468,258.058,1905,1565.55,351.4,1616.31,482.74,0.6726
15468,258.058,1909,834.45,223.23,906.41,336.85,0.5791
15474,258.158,1867,734.19,345.66,827.42,572.27,0.8341
15474,258.158,1896,139.98,309.15,214.66,512.52,0.8257
15474,258.158,1900,950.34,300.12,1023.19,501.6,0.7929
15474,258.158,1901,1340.09,437.05,1427.74,709.46,0.8493
15474,258.158,1902,1086.52,267.03,1160.51,400.83,0.7445
15474,258.158,1904,1058.08,217.09,1098.14,337.22,0.6242
15474,258.158,1905,1543.3,349.51,1606.59,484.27,0.7088
15474,258.158,1909,830.29,226.21,908.4,338.33,0.5562
15480,258.258,1867,761.13,340.75,851.29,566.47,0.8424
15480,258.258,1896,148.66,304.02,223.38,504.86,0.8019
15480,258.258,1900,961.1,294.7,1036.8,497.48,0.8071
15480,258.258,1901,1342.61,426.69,1430.72,701.12,0.826
15480,258.258,1902,1067.4,233.08,1144.0,396.16,0.6369
15480,258.258,1905,1524.5,347.3,1600.56,487.39,0.7991
15480,258.258,1909,825.33,228.57,903.23,341.37,0.5588
15486,258.358,1867,782.87,334.78,883.62,560.37,0.8372
15486,258.358,1896,157.27,297.13,231.15,499.86,0.7586
15486,258.358,1900,973.24,295.06,1046.45,493.06,0.7226
15486,258.358,1901,1343.18,414.68,1435.32,692.1,0.8076
15486,258.358,1902,1054.56,220.6,1116.59,391.88,0.6648
15486,258.358,1905,1513.18,347.51,1590.95,488.34,0.7517
15486,258.358,1909,817.69,210.98,879.04,330.9,0.5021
15492,258.458,1867,803.68,330.18,918.64,553.16,0.8595
15492,258.458,1896,164.11,294.76,238.02,489.07,0.7488
15492,258.458,1900,985.26,289.86,1050.15,486.92,0.6641
15492,258.458,1901,1347.91,412.52,1443.48,681.83,0.8728
15492,258.458,1905,1510.55,348.15,1580.24,488.68,0.7055
15492,258.458,1909,811.88,198.71,862.86,343.89,0.5133
15498,258.558,1867,832.47,343.31,950.22,549.8,0.8385
15498,258.558,1896,188.93,292.72,252.64,480.31,0.7742
15498,258.558,1900,1007.55,273.56,1074.45,483.52,0.6645
15498,258.558,1901,1358.11,416.3,1455.21,670.05,0.8308
15498,258.558,1905,1519.0,349.89,1580.99,490.31,0.7596
15498,258.558,1909,815.94,192.99,864.32,348.72,0.5809
15504,258.658,1867,857.84,346.88,973.54,548.28,0.8741
15504,258.658,1896,219.79,284.41,275.72,475.82,0.7526
15504,258.658,1900,1022.26,272.89,1092.73,468.48,0.5789
15504,258.658,1901,1373.22,410.5,1463.49,663.4,0.7932
15504,258.658,1905,1520.59,350.37,1590.24,491.48,0.7602
15504,258.658,1909,824.2,198.49,869.66,345.89,0.5468
15510,258.759,1867,881.64,343.85,997.29,539.94,0.8512
15510,258.759,1896,249.47,281.97,307.84,469.62,0.75
15510,258.759,1900,1061.62,279.22,1126.05,471.95,0.6556
15510,258.759,1901,1387.17,404.09,1472.18,655.74,0.8115
15510,258.759,1905,1536.77,349.97,1606.4,496.04,0.7623
15510,258.759,1909,841.34,213.84,879.81,340.7,0.4938
15516,258.859,1867,901.16,331.96,1005.94,532.09,0.8085
15516,258.859,1896,288.45,280.43,345.65,456.77,0.7608
15516,258.859,1900,1098.75,290.43,1154.81,472.84,0.7113
15516,258.859,1901,1400.72,406.08,1491.68,643.42,0.8254
15516,258.859,1905,1562.43,349.7,1632.05,497.79,0.7557
15516,258.859,1909,862.11,190.58,897.92,327.37,0.3993
15522,258.959,1867,921.71,320.11,1020.1,525.37,0.8461
15522,258.959,1896,331.89,274.4,393.96,451.83,0.8092
15522,258.959,1900,1140.87,290.3,1198.45,469.31,0.7521
15522,258.959,1901,1432.18,407.38,1515.76,637.28,0.8087
15522,258.959,1905,1600.61,348.46,1656.65,500.26,0.7989
15522,258.959,1909,891.63,202.81,928.71,324.53,0.4413
15528,259.059,1867,947.58,317.86,1034.26,515.43,0.8112
15528,259.059,1896,376.28,268.86,442.72,443.95,0.8144
15528,259.059,1900,1185.39,285.72,1245.77,467.78,0.72
15528,259.059,1901,1469.47,406.05,1546.58,637.66,0.7367
15528,259.059,1905,1633.64,347.7,1689.93,505.58,0.6874
15528,259.059,1909,914.04,208.37,962.23,340.62,0.5981
15534,259.159,1867,965.65,316.91,1050.41,507.74,0.7847
15534,259.159,1896,420.41,263.18,485.14,437.6,0.7439
15534,259.159,1900,1226.65,284.36,1288.77,466.04,0.7382
15534,259.159,1901,1495.27,403.85,1572.36,637.3,0.7783
15534,259.159,1905,1650.34,347.59,1720.14,512.63,0.7175
15534,259.159,1917,1057.37,263.04,1138.07,382.83,0.7559
15540,259.259,1867,984.25,311.72,1070.83,502.93,0.7732
15540,259.259,1896,466.6,260.08,529.12,431.22,0.7178
15540,259.259,1900,1263.95,281.67,1334.0,464.39,0.7515
15540,259.259,1901,1518.42,401.82,1598.38,636.23,0.7927
15540,259.259,1905,1676.18,348.15,1747.36,518.61,0.762
15540,259.259,1909,950.89,229.6,1006.08,343.01,0.388
15540,259.259,1917,1083.85,256.74,1158.51,383.21,0.7292
15546,259.359,1867,1016.52,310.02,1089.4,499.15,0.7921
15546,259.359,1896,510.4,254.11,578.21,425.79,0.7461
15546,259.359,1900,1301.93,296.29,1379.18,465.06,0.6808
15546,259.359,1901,1536.78,401.43,1628.71,638.01,0.8047
15546,259.359,1905,1703.85,349.92,1778.86,525.52,0.7518
15546,259.359,1909,971.58,231.32,1033.24,349.32,0.5173
15546,259.359,1917,1110.25,253.19,1165.55,382.39,0.7814
15552,259.459,1867,1051.28,309.04,1122.71,494.4,0.8114
15552,259.459,1896,562.94,251.88,628.61,416.53,0.8125
15552,259.459,1900,1354.56,284.2,1428.89,466.09,0.4108
15552,259.459,1901,1557.28,403.83,1667.88,638.96,0.8242
15552,259.459,1905,1753.34,351.9,1820.85,525.99,0.8222
15552,259.459,1909,996.53,241.68,1068.15,353.86,0.5045
15552,259.459,1917,1135.73,253.46,1189.53,383.51,0.7371
15558,259.559,1867,1093.59,304.21,1170.67,490.58,0.8286
15558,259.559,1896,624.09,248.32,688.21,413.82,0.811
15558,259.559,1900,1429.82,325.94,1487.93,466.6,0.7601
15558,259.559,1901,1594.97,411.2,1721.03,642.93,0.8258
15558,259.559,1905,1807.0,354.19,1872.16,534.5,0.7701
15558,259.559,1917,1170.99,264.96,1225.76,382.59,0.6313
15564,259.659,1867,1143.02,306.59,1226.96,480.21,0.8294
15564,259.659,1896,687.34,251.93,754.62,403.8,0.7857
15564,259.659,1900,1506.09,343.32,1555.58,470.95,0.7771
15564,259.659,1901,1642.53,417.06,1774.7,647.68,0.8631
15564,259.659,1905,1860.66,360.14,1920.0,544.65,0.7647
15564,259.659,1917,1207.12,268.74,1270.12,387.88,0.6582
15570,259.76,1867,1192.05,303.02,1290.01,476.79,0.7806
15570,259.76,1896,751.35,250.51,825.29,401.64,0.8054
15570,259.76,1900,1572.35,349.8,1627.52,470.38,0.6378
15570,259.76,1901,1700.04,419.67,1817.67,651.19,0.7381
15570,259.76,1917,1255.53,270.87,1317.95,390.43,0.7453
15576,259.86,1867,1239.15,300.73,1344.66,471.09,0.7711
15576,259.86,1896,828.67,246.15,896.76,399.62,0.8124
15576,259.86,1900,1640.98,349.27,1706.64,476.5,0.708
15576,259.86,1901,1751.1,419.27,1845.44,657.6,0.7611
15576,259.86,1917,1306.13,262.66,1365.29,393.66,0.6613
15576,259.86,1924,30.2,217.04,98.39,391.34,0.7856
15582,259.96,1867,1275.32,295.78,1366.71,463.91,0.7581
15582,259.96,1896,903.42,242.11,969.43,399.11,0.7927
15582,259.96,1900,1709.92,350.22,1779.37,482.64,0.7783
15582,259.96,1901,1798.59,422.57,1883.97,662.56,0.7517
15582,259.96,1917,1361.75,267.68,1405.96,396.06,0.3627
15582,259.96,1924,87.32,212.66,163.36,387.68,0.7732
15588,260.06,1867,1303.7,288.05,1396.81,459.59,0.7953
15588,260.06,1896,971.49,242.08,1052.82,397.11,0.7386
15588,260.06,1900,1774.39,351.04,1845.72,488.14,0.8153
15588,260.06,1901,1825.11,432.46,1920.0,668.59,0.855
15588,260.06,1924,146.09,205.97,211.75,382.63,0.7211
15594,260.16,1896,1032.86,242.39,1109.34,397.86,0.7454
15594,260.16,1900,1849.79,351.2,1908.72,493.06,0.6667
15594,260.16,1901,1865.99,447.04,1920.0,679.0,0.6384
15594,260.16,1909,1317.62,281.19,1384.24,450.34,0.7931
15594,260.16,1924,197.65,199.02,248.83,378.46,0.7249
15600,260.26,1896,1093.08,240.69,1165.77,398.89,0.7211
15600,260.26,1909,1341.57,282.7,1411.72,452.09,0.8155
15600,260.26,1917,1483.81,338.45,1545.87,406.33,0.6493
15600,260.26,1924,248.53,197.97,297.68,374.58,0.7309
15606,260.36,1896,1144.69,238.56,1210.47,400.89,0.6762
15606,260.36,1909,1359.04,277.88,1446.36,450.91,0.8102
15606,260.36,1917,1539.18,348.95,1600.0,410.74,0.6852
15606,260.36,1924,293.11,194.81,355.55,368.44,0.6976
15612,260.46,1896,1203.4,239.97,1256.46,402.05,0.6605
15612,260.46,1917,1591.05,350.85,1654.88,416.15,0.7527
15612,260.46,1924,333.7,192.62,408.23,363.85,0.7404
15618,260.56,1896,1240.95,243.54,1314.72,400.1,0.8018
15618,260.56,1917,1629.96,352.35,1698.4,420.93,0.8295
15618,260.56,1924,368.81,193.0,446.7,359.69,0.8062
15624,260.66,1896,1257.03,246.73,1344.18,400.57,0.7769
15624,260.66,1917,1653.77,351.75,1719.44,423.42,0.7511
15624,260.66,1924,385.55,189.96,457.17,358.2,0.7674
15630,260.76,1896,1261.93,246.83,1341.53,402.66,0.8181
15630,260.76,1917,1664.22,351.22,1725.86,424.41,0.649
15630,260.76,1924,384.51,187.84,447.54,359.61,0.7616
15636,260.861,1896,1263.5,244.24,1327.69,402.32,0.8263
15636,260.861,1917,1667.36,350.26,1729.75,426.01,0.7188
15636,260.861,1924,374.09,188.69,432.61,356.3,0.7712
15642,260.961,1896,1262.13,244.29,1321.0,403.99,0.8194
15642,260.961,1917,1667.73,351.73,1733.22,424.97,0.6214
15642,260.961,1924,358.08,187.18,425.14,356.08,0.7737
15642,260.961,1931,1320.44,274.67,1400.42,415.69,0.7878
15648,261.061,1896,1245.53,254.83,1306.75,403.99,0.7264
15648,261.061,1917,1655.95,351.39,1726.01,426.35,0.6507
15648,261.061,1924,339.09,188.09,408.72,356.98,0.738
15648,261.061,1931,1265.01,267.24,1377.75,414.27,0.8227
15654,261.161,1896,1195.37,265.96,1259.15,404.79,0.6631
15654,261.161,1917,1613.15,352.36,1683.32,423.04,0.4845
15654,261.161,1924,289.12,192.31,358.53,359.73,0.7368
15654,261.161,1931,1214.61,262.7,1321.78,409.11,0.8428
15660,261.261,1896,1114.13,271.81,1181.07,410.67,0.6036
15660,261.261,1901,1782.61,437.78,1906.5,675.51,0.8594
15660,261.261,1917,1541.02,352.02,1616.17,424.41,0.6222
15660,261.261,1924,205.47,196.92,271.09,367.97,0.7358
15660,261.261,1931,1121.86,251.75,1235.41,413.23,0.7454
15666,261.361,1901,1671.79,429.08,1797.64,672.94,0.8466
15666,261.361,1917,1452.82,351.68,1529.83,425.1,0.6518
15666,261.361,1924,91.34,203.22,150.84,378.13,0.7329
15666,261.361,1931,1002.78,239.96,1120.35,414.75,0.7274
15672,261.461,1901,1545.69,421.18,1678.4,659.01,0.8742
15672,261.461,1917,1351.4,351.71,1430.37,419.45,0.6526
15672,261.461,1931,871.42,249.07,986.51,417.02,0.7423
15678,261.561,1901,1424.22,415.03,1564.65,655.32,0.8425
15678,261.561,1931,750.03,254.09,860.32,426.53,0.681
15678,261.561,1936,1274.18,828.97,1478.87,1079.08,0.899
15684,261.661,1901,1331.28,404.61,1467.66,646.8,0.8638
15684,261.661,1931,652.73,261.98,763.11,437.56,0.7215
15684,261.661,1936,1165.03,792.65,1350.34,1078.69,0.9044
15684,261.661,1943,1192.05,290.93,1287.67,419.79,0.6427
15690,261.762,1901,1273.83,394.43,1400.31,640.47,0.8195
15690,261.762,1931,591.4,264.95,681.17,445.62,0.7579
15690,261.762,1936,1069.97,763.35,1240.45,1080.0,0.8972
15696,261.862,1901,1263.03,392.49,1373.49,637.45,0.868
15696,261.862,1931,574.47,267.21,652.02,452.85,0.7115
15696,261.862,1936,1007.34,749.8,1171.06,1079.69,0.9052
15702,261.962,1901,1271.49,392.0,1377.58,636.69,0.8442
15702,261.962,1931,589.07,263.97,673.62,460.19,0.7007
15702,261.962,1936,978.41,737.01,1138.67,1080.0,0.9
15708,262.062,1901,1277.63,389.84,1377.17,630.48,0.8023
15708,262.062,1931,619.61,264.34,690.54,466.21,0.6834
15708,262.062,1936,961.54,709.84,1109.31,1080.0,0.8952
15714,262.162,1901,1285.13,386.22,1376.71,626.78,0.7765
15714,262.162,1931,635.39,274.9,721.42,471.31,0.7471
15714,262.162,1936,934.92,689.8,1089.75,1080.0,0.9062
15714,262.162,1952,1224.63,287.12,1291.19,418.5,0.6021
15720,262.262,1901,1292.45,378.69,1374.61,617.99,0.8267
15720,262.262,1931,654.71,293.26,746.59,478.22,0.7557
15720,262.262,1936,904.24,680.32,1069.2,1080.0,0.8927
15720,262.262,1952,1238.6,285.77,1300.57,414.17,0.6065
15726,262.362,1901,1292.35,370.87,1376.2,614.35,0.8069
15726,262.362,1931,672.53,300.01,757.82,482.73,0.7497
15726,262.362,1936,899.19,666.47,1050.39,1080.0,0.8989
15726,262.362,1952,1246.08,279.15,1306.64,409.95,0.5937
15732,262.462,1901,1294.79,370.83,1377.47,612.32,0.7907
15732,262.462,1931,679.19,300.71,762.27,485.92,0.7555
15732,262.462,1936,894.59,647.15,1034.45,1080.0,0.8951
15732,262.462,1952,1248.08,275.63,1313.47,409.76,0.6077
15738,262.562,1901,1300.42,371.53,1381.51,610.68,0.7678
15738,262.562,1931,673.79,300.5,748.71,492.04,0.7706
15738,262.562,1936,881.93,636.63,1025.29,1059.81,0.8974
15738,262.562,1952,1248.62,279.1,1311.2,416.73,0.4919
15738,262.562,1955,746.86,262.04,804.45,437.78,0.7428
15744,262.662,1901,1301.11,369.14,1386.6,603.14,0.7969
15744,262.662,1931,666.12,307.41,745.93,495.67,0.8283
15744,262.662,1936,873.75,631.05,1014.99,1040.72,0.8934
15744,262.662,1952,1244.44,272.92,1316.86,417.72,0.4353
15744,262.662,1955,763.96,269.22,846.94,437.11,0.7959
15750,262.762,1901,1293.38,361.72,1394.37,596.55,0.8197
15750,262.762,1931,650.43,315.99,749.81,497.83,0.8519
15750,262.762,1936,869.29,617.84,1002.12,1031.23,0.8737
15750,262.762,1952,1239.56,261.63,1307.66,423.29,0.5003
15750,262.762,1955,786.79,273.39,868.53,439.43,0.7735
15756,262.863,1901,1290.94,352.77,1400.2,593.73,0.7811
15756,262.863,1931,643.55,319.02,755.88,497.98,0.8072
15756,262.863,1936,858.54,602.95,986.02,1018.13,0.8817
15756,262.863,1952,1225.31,261.64,1305.99,424.86,0.6588
15756,262.863,1955,813.27,271.04,885.9,439.95,0.7971
15762,262.963,1901,1304.35,352.83,1406.18,591.03,0.8073
15762,262.963,1931,634.35,320.27,753.2,496.44,0.8394
15762,262.963,1936,851.95,596.9,981.48,1003.28,0.865
15762,262.963,1952,1224.47,260.14,1309.21,426.26,0.6865
15762,262.963,1955,838.34,267.45,910.64,442.91,0.7388
15768,263.063,1896,597.76,318.41,699.48,489.37,0.8134
15768,263.063,1901,1318.94,354.11,1414.73,587.56,0.8437
15768,263.063,1936,856.8,591.34,987.1,980.69,0.8893
15768,263.063,1952,1234.49,257.71,1302.23,426.18,0.616
15768,263.063,1955,860.59,267.1,948.76,444.06,0.84
15774,263.163,1896,570.72,315.61,713.82,493.16,0.8307
15774,263.163,1901,1333.35,355.26,1425.33,583.14,0.7819
15774,263.163,1936,865.4,578.0,996.4,967.5,0.8911
15774,263.163,1952,1241.77,255.87,1297.14,426.26,0.6792
15774,263.163,1955,892.17,268.45,979.17,445.27,0.8791
15780,263.263,1896,557.79,311.68,727.29,494.9,0.7388
15780,263.263,1901,1359.38,350.56,1441.68,576.05,0.7036
15780,263.263,1936,878.28,566.54,1012.78,958.13,0.8854
15780,263.263,1952,1246.2,254.64,1311.12,425.84,0.758
15780,263.263,1955,926.97,272.9,1010.04,445.96,0.8383
15786,263.363,1896,556.93,310.29,720.08,494.49,0.7158
15786,263.363,1901,1360.95,353.69,1467.69,577.47,0.7505
15786,263.363,1936,906.98,566.11,1040.1,934.04,0.8823
15786,263.363,1952,1260.24,256.02,1341.63,425.19,0.7704
15786,263.363,1955,961.41,271.96,1048.54,447.53,0.8169
15792,263.463,1896,569.37,303.85,719.9,491.14,0.8161
15792,263.463,1901,1395.91,354.7,1504.32,575.04,0.7214
15792,263.463,1936,940.48,561.76,1066.03,919.25,0.8767
15792,263.463,1952,1294.08,254.6,1371.34,425.32,0.7179
15792,263.463,1955,1001.19,267.77,1080.52,450.38,0.8286
15798,263.563,1896,606.27,297.68,735.05,491.72,0.7438
15798,263.563,1901,1437.44,356.49,1546.06,573.73,0.7536
15798,263.563,1936,972.87,549.99,1088.57,911.07,0.8652
15798,263.563,1952,1339.14,252.75,1394.29,424.1,0.6203
15798,263.563,1955,1044.8,266.33,1113.07,452.85,0.8071
15804,263.663,1896,594.08,296.91,738.52,494.04,0.8203
15804,263.663,1901,1476.02,357.5,1576.66,572.08,0.738
15804,263.663,1936,989.67,543.66,1117.12,905.47,0.8633
15804,263.663,1952,1369.81,264.22,1422.41,425.31,0.6137
15804,263.663,1955,1077.82,272.68,1150.0,453.83,0.7768
15810,263.764,1896,626.85,296.35,729.39,494.82,0.653
15810,263.764,1901,1514.73,357.57,1607.18,572.86,0.7288
15810,263.764,1936,1015.19,542.7,1149.66,899.51,0.8495
15810,263.764,1943,1385.37,347.28,1455.43,425.06,0.6178
15810,263.764,1955,1104.52,277.54,1192.96,454.21,0.8172
15816,263.864,1896,597.02,293.0,742.8,493.65,0.7994
15816,263.864,1901,1539.17,355.91,1648.98,573.85,0.8006
15816,263.864,1936,1041.79,540.58,1174.2,887.64,0.8781
15816,263.864,1943,1426.16,349.9,1500.95,425.87,0.7435
15816,263.864,1955,1139.9,276.94,1228.44,455.49,0.773
15816,263.864,1994,36.63,209.55,83.29,380.66,0.7234
15822,263.964,1896,599.37,292.86,756.94,496.24,0.8392
15822,263.964,1901,1576.31,355.49,1682.5,575.47,0.7031
15822,263.964,1936,1071.63,534.36,1184.55,876.84,0.8661
15822,263.964,1943,1464.94,351.29,1539.33,426.47,0.6868
15822,263.964,1955,1166.73,273.46,1239.62,455.64,0.7503
15822,263.964,1994,85.0,206.89,130.58,373.08,0.7637
15828,264.064,1896,597.88,294.83,740.62,494.85,0.7338
15828,264.064,1901,1619.25,356.9,1703.69,575.46,0.6431
15828,264.064,1936,1092.35,531.27,1219.76,875.9,0.8895
15828,264.064,1943,1493.09,352.43,1553.92,422.65,0.6508
15828,264.064,1955,1185.24,273.48,1257.98,456.12,0.7936
15828,264.064,1994,131.96,199.87,181.46,366.51,0.7796
15834,264.164,1896,593.96,289.59,746.4,498.24,0.8325
15834,264.164,1901,1645.14,361.44,1713.78,584.0,0.7001
15834,264.164,1936,1083.9,533.03,1257.31,876.2,0.9208
15834,264.164,1943,1505.52,350.67,1579.53,425.29,0.7855
15834,264.164,1955,1200.48,267.93,1292.69,455.34,0.8293
15834,264.164,1994,178.41,197.52,230.4,360.97,0.7485
15840,264.264,1896,600.46,286.7,756.49,496.35,0.8122
15840,264.264,1901,1657.34,364.98,1746.39,585.82,0.8022
15840,264.264,1936,1101.81,532.32,1283.92,877.03,0.8912
15840,264.264,1943,1518.09,349.51,1612.2,425.12,0.7246
15840,264.264,1955,1226.18,273.49,1319.79,453.58,0.7286
15840,264.264,1994,228.61,192.85,282.63,356.69,0.7716
15846,264.364,1896,599.16,291.01,747.57,498.14,0.74
15846,264.364,1901,1686.87,367.05,1785.21,587.3,0.7781
15846,264.364,1936,1131.06,529.99,1298.46,875.87,0.8775
15846,264.364,1943,1542.41,350.5,1623.58,423.1,0.7026
15846,264.364,1955,1254.77,273.63,1327.35,454.3,0.7112
15846,264.364,1994,279.68,190.32,332.72,353.12,0.7925
15852,264.464,1896,608.92,290.01,750.29,495.79,0.7011
15852,264.464,1901,1731.5,367.58,1812.27,587.95,0.7235
15852,264.464,1936,1169.84,525.49,1300.06,868.83,0.8786
15852,264.464,1943,1558.03,352.48,1628.59,421.32,0.6558
15852,264.464,1955,1266.95,280.31,1349.92,453.65,0.819
15852,264.464,1994,331.97,185.31,385.22,348.09,0.7922
15858,264.564,1896,606.48,288.0,769.55,493.54,0.8734
15858,264.564,1901,1777.14,367.98,1839.35,595.5,0.7211
15858,264.564,1936,1201.46,522.41,1317.01,867.31,0.8577
15858,264.564,1943,1557.96,352.47,1652.45,419.98,0.6948
15858,264.564,1955,1288.54,277.16,1387.29,453.26,0.7447
15858,264.564,1994,390.58,181.47,443.81,344.5,0.721
15864,264.664,1896,620.98,288.25,779.25,494.92,0.8519
15864,264.664,1901,1812.33,375.86,1879.79,605.01,0.736
15864,264.664,1936,1193.52,523.54,1344.65,868.92,0.8962
15864,264.664,1943,1583.88,352.88,1668.95,421.97,0.5009
15864,264.664,1955,1312.99,278.01,1406.74,452.44,0.7815
15864,264.664,1994,446.15,179.27,502.05,339.64,0.6357
15870,264.764,1896,649.43,286.69,780.79,491.52,0.7678
15870,264.764,1901,1850.17,386.71,1920.0,614.16,0.7984
15870,264.764,1936,1221.89,528.13,1394.12,871.24,0.8894
15870,264.764,1943,1619.38,351.47,1678.72,421.46,0.6558
15870,264.764,1955,1341.78,274.7,1428.88,451.91,0.8396
15870,264.764,1994,513.35,173.8,569.61,332.68,0.6934
15876,264.865,1896,675.01,279.28,806.46,490.58,0.8533
15876,264.865,1936,1267.07,530.41,1445.26,873.66,0.8662
15876,264.865,1943,1634.54,351.6,1716.51,420.95,0.7841
15876,264.865,1955,1371.79,278.06,1463.3,451.24,0.7331
15876,264.865,1994,578.19,175.09,638.32,329.39,0.7304
15882,264.965,1896,694.03,278.82,819.48,491.83,0.8348
15882,264.965,1936,1314.46,531.63,1477.93,876.52,0.8736
15882,264.965,1943,1663.14,351.89,1750.98,422.95,0.7382
15882,264.965,1955,1405.51,328.22,1478.14,451.11,0.7063
15882,264.965,1994,636.65,176.56,696.14,326.43,0.7406
15888,265.065,1896,723.31,281.72,813.58,488.3,0.7556
15888,265.065,1936,1370.18,531.9,1499.26,873.78,0.8869
15888,265.065,1943,1710.45,349.94,1776.56,422.82,0.6714
15888,265.065,1955,1425.72,347.75,1510.24,452.26,0.8371
15888,265.065,1994,705.4,176.47,760.39,294.06,0.5744
15894,265.165,1896,737.76,278.03,848.16,488.06,0.8354
15894,265.165,1936,1416.69,532.43,1548.7,870.53,0.8963
15894,265.165,1943,1755.36,350.56,1820.69,423.76,0.668
15894,265.165,1955,1453.61,353.37,1553.8,450.0,0.8278
15894,265.165,1994,778.8,175.47,831.48,312.27,0.458
15900,265.265,1896,751.3,272.04,878.5,485.4,0.8793
15900,265.265,1936,1424.59,537.31,1597.85,885.76,0.8961
15900,265.265,1943,1791.49,350.16,1871.63,425.95,0.6367
15900,265.265,1955,1494.03,356.64,1568.42,447.42,0.781
15900,265.265,1994,845.21,173.89,896.13,316.85,0.7228
15906,265.365,1896,765.74,270.07,866.3,481.25,0.8087
15906,265.365,1936,1441.6,541.68,1631.92,891.43,0.8917
15906,265.365,1943,1831.56,349.62,1898.51,425.2,0.4699
15906,265.365,1955,1504.95,353.97,1578.59,444.21,0.7721
15906,265.365,1994,894.84,169.27,950.6,318.93,0.7418
15912,265.465,1896,757.95,263.41,859.2,478.47,0.8237
15912,265.465,1936,1466.87,541.07,1648.81,893.91,0.8956
15912,265.465,1943,1853.61,349.05,1914.54,426.62,0.6778
15912,265.465,1955,1498.71,353.45,1573.43,442.84,0.743
15912,265.465,1994,929.85,167.15,989.39,320.31,0.659
15918,265.565,1896,720.15,258.85,845.7,477.79,0.8763
15918,265.565,1936,1481.75,535.96,1632.21,886.73,0.8804
15918,265.565,1943,1842.72,348.65,1918.88,425.93,0.6795
15918,265.565,1955,1486.32,352.74,1551.14,435.46,0.7788
15918,265.565,1994,952.76,164.61,1019.12,319.26,0.7222
15924,265.665,1896,690.81,259.73,795.77,479.76,0.848
15924,265.665,1936,1487.43,528.24,1606.5,880.27,0.8536
15924,265.665,1943,1837.02,348.89,1915.28,423.57,0.3014
15924,265.665,1955,1442.63,351.77,1541.45,428.35,0.7953
15924,265.665,1994,963.72,166.11,1029.83,314.48,0.6488
15930,265.766,1896,644.28,259.02,748.19,480.64,0.8106
15930,265.766,1936,1444.29,525.74,1584.01,880.02,0.9142
15930,265.766,1943,1825.37,345.69,1911.54,421.95,0.3584
15930,265.766,1955,1422.83,350.87,1505.93,425.33,0.7605
15930,265.766,1994,966.08,167.87,1046.48,314.81,0.7239
15936,265.866,1896,585.0,256.64,719.58,475.76,0.8868
15936,265.866,1936,1400.77,528.7,1567.53,879.61,0.909
15936,265.866,1943,1801.94,347.62,1878.37,419.66,0.678
15936,265.866,1955,1390.35,348.6,1466.28,421.52,0.6167
15936,265.866,1994,969.22,167.28,1043.48,313.36,0.6965
15942,265.966,1896,552.45,257.53,672.16,477.75,0.8239
15942,265.966,1936,1383.75,531.66,1568.15,878.48,0.9039
15942,265.966,1943,1776.47,348.38,1865.59,416.87,0.5623
15942,265.966,1955,1350.76,275.01,1446.73,418.31,0.7671
15942,265.966,1994,977.4,165.01,1053.51,313.25,0.7367
15948,266.066,1896,519.68,254.28,623.3,478.09,0.8248
15948,266.066,1936,1381.31,533.1,1553.42,876.53,0.9071
15948,266.066,1955,1325.33,255.64,1398.93,415.39,0.7628
15948,266.066,1994,981.3,168.42,1052.09,317.45,0.7175
15954,266.166,1896,465.65,249.79,594.5,473.12,0.8965
15954,266.166,1936,1386.59,530.82,1517.21,873.95,0.8508
15954,266.166,1943,1756.55,349.95,1810.91,415.27,0.5758
15954,266.166,1955,1282.82,244.45,1369.91,413.25,0.8303
15954,266.166,1994,984.97,168.99,1044.16,321.58,0.7936
15960,266.266,1896,430.07,249.57,550.85,472.48,0.8542
15960,266.266,1936,1372.48,528.0,1493.06,871.24,0.885
15960,266.266,1943,1735.43,349.48,1795.77,412.33,0.6106
15960,266.266,1955,1241.03,235.98,1344.36,409.79,0.8059
15960,266.266,1994,983.3,170.85,1043.98,321.85,0.7379
15966,266.366,1896,406.04,248.69,505.07,473.19,0.8336
15966,266.366,1936,1318.95,531.69,1478.84,872.43,0.8788
15966,266.366,1943,1712.47,349.24,1786.5,412.57,0.4507
15966,266.366,1955,1210.8,229.21,1289.37,406.22,0.782
15966,266.366,1994,980.16,170.8,1049.3,321.08,0.7907
15972,266.466,1896,354.91,248.41,472.83,471.81,0.8795
15972,266.466,1936,1291.61,535.31,1466.56,876.66,0.9059
15972,266.466,1943,1701.45,349.47,1760.3,413.47,0.613
15972,266.466,1955,1160.32,226.05,1244.26,398.57,0.7955
15972,266.466,1994,973.32,171.37,1050.8,321.94,0.7318
15978,266.566,1896,322.65,249.47,439.07,470.12,0.8754
15978,266.566,1936,1280.97,537.12,1443.68,880.17,0.898
15978,266.566,1943,1681.62,349.64,1736.27,412.99,0.6295
15978,266.566,1955,1117.67,227.88,1189.96,399.94,0.8099
15978,266.566,1994,965.37,171.39,1046.57,323.71,0.7456
15984,266.666,1896,273.78,252.99,399.28,470.2,0.8579
15984,266.666,1936,1280.38,535.88,1413.5,884.85,0.8694
15984,266.666,1943,1650.38,348.61,1725.32,410.06,0.4995
15984,266.666,1955,1052.52,231.18,1142.55,397.11,0.8174
15984,266.666,1994,958.09,174.83,1035.25,329.19,0.7645
15984,266.666,2025,1770.24,576.72,1919.89,889.29,0.8678
15990,266.767,1896,223.09,255.09,363.3,471.82,0.8856
15990,266.767,1936,1270.75,541.69,1392.26,898.53,0.8581
15990,266.767,1943,1634.83,349.25,1711.58,409.6,0.3687
15990,266.767,1955,1013.36,235.13,1109.46,395.95,0.7718
15990,266.767,1994,947.64,175.2,1023.73,330.98,0.6686
15990,266.767,2025,1756.42,565.85,1920.0,895.81,0.8833
15996,266.867,1896,199.97,255.74,323.16,476.25,0.8568
15996,266.867,1936,1237.52,556.11,1369.62,906.76,0.8738
15996,266.867,1943,1627.68,349.95,1684.33,409.1,0.4157
15996,266.867,1955,977.06,232.48,1058.51,396.9,0.7431
15996,266.867,1994,936.24,171.12,1017.79,303.0,0.4471
15996,266.867,2025,1752.85,556.08,1895.2,897.88,0.8532
16002,266.967,1896,174.36,254.2,294.6,483.11,0.8263
16002,266.967,1936,1216.23,572.0,1347.88,918.07,0.8943
16002,266.967,1943,1614.48,349.24,1661.9,410.57,0.7077
16002,266.967,1955,929.78,215.98,1023.61,391.06,0.6868
16002,266.967,2025,1742.9,547.8,1858.73,906.28,0.8189
16008,267.067,1896,132.39,255.78,261.86,485.37,0.8197
16008,267.067,1936,1186.66,588.73,1327.4,922.82,0.8736
16008,267.067,1943,1598.91,349.38,1648.86,416.8,0.6013
16008,267.067,1955,888.35,220.72,981.4,397.36,0.5218
16008,267.067,1994,932.11,164.1,1009.28,332.24,0.5532
16008,267.067,2025,1673.19,551.15,1823.17,906.47,0.8873
16008,267.067,2028,1888.21,347.93,1919.29,418.23,0.5179
16014,267.167,1896,107.1,258.76,254.81,483.89,0.8047
16014,267.167,1936,1162.67,596.2,1309.52,928.19,0.8596
16014,267.167,1943,1589.52,349.38,1636.55,418.28,0.6133
16014,267.167,1955,860.37,225.92,939.91,402.48,0.7486
16014,267.167,1994,929.46,161.61,1005.44,328.66,0.6145
16014,267.167,2025,1629.61,558.64,1807.31,902.29,0.9063
16014,267.167,2028,1890.16,351.46,1919.81,420.86,0.5646
16020,267.267,1896,101.64,256.82,248.54,484.66,0.8492
16020,267.267,1936,1144.58,595.32,1293.2,949.05,0.8941
16020,267.267,1943,1578.76,350.71,1628.88,422.61,0.5996
16020,267.267,1955,815.89,226.24,903.83,407.95,0.7612
16020,267.267,1994,922.01,161.98,1007.16,329.77,0.7759
16020,267.267,2025,1613.73,562.66,1789.0,900.91,0.8828
16020,267.267,2028,1884.48,348.69,1920.0,425.87,0.6638
16026,267.367,1896,91.42,253.32,221.36,486.04,0.79
16026,267.367,1936,1145.54,603.3,1278.17,970.4,0.8455
16026,267.367,1943,1566.07,350.16,1624.93,425.14,0.663
16026,267.367,1955,773.66,229.13,871.6,411.06,0.7956
16026,267.367,1994,920.73,159.66,993.09,327.18,0.6993
16026,267.367,2025,1611.24,558.4,1756.91,900.84,0.8619
16026,267.367,2028,1876.42,350.7,1920.0,431.32,0.6976
16032,267.467,1896,79.93,254.19,213.09,484.62,0.8566
16032,267.467,1936,1118.89,621.73,1258.19,980.33,0.8888
16032,267.467,1943,1561.24,350.08,1621.87,424.77,0.574
16032,267.467,1955,748.46,232.57,826.26,417.2,0.7522
16032,267.467,1994,922.13,155.7,986.93,326.41,0.7625
16032,267.467,2025,1596.29,557.53,1733.74,900.95,0.824
16032,267.467,2028,1874.64,350.96,1920.0,435.17,0.6251
16038,267.567,1896,79.21,255.77,209.66,482.86,0.8537
16038,267.567,1936,1104.33,633.88,1247.4,1026.86,0.875
16038,267.567,1943,1556.84,350.35,1608.52,428.05,0.5476
16038,267.567,1955,713.47,229.4,789.45,420.18,0.7547
16038,267.567,1994,920.01,152.75,983.29,325.8,0.7627
16038,267.567,2025,1541.0,566.69,1711.82,906.58,0.8947
16038,267.567,2028,1869.78,352.17,1920.0,437.11,0.6357
16038,267.567,2030,1837.12,453.97,1920.0,723.5,0.7879
16044,267.667,1896,81.39,255.5,198.06,486.27,0.7916
16044,267.667,1936,1093.32,652.51,1231.94,1064.39,0.8657
16044,267.667,1943,1552.68,350.01,1601.68,432.41,0.6862
16044,267.667,1955,678.49,228.7,768.19,429.89,0.7887
16044,267.667,1994,918.93,151.99,984.44,323.55,0.7541
16044,267.667,2025,1512.21,579.92,1698.93,914.97,0.8752
16044,267.667,2028,1865.77,351.19,1920.0,441.02,0.7265
16044,267.667,2030,1811.07,451.43,1920.0,723.19,0.723
16050,267.767,1896,88.49,254.97,201.69,482.24,0.813
16050,267.767,1936,1065.38,671.48,1206.58,1078.11,0.8902
16050,267.767,1943,1541.5,349.91,1598.18,437.2,0.6581
16050,267.767,1955,653.16,232.1,738.57,434.96,0.7911
16050,267.767,1994,920.22,151.01,984.8,321.54,0.7761
16050,267.767,2025,1503.65,596.02,1679.61,925.09,0.86
16050,267.767,2028,1865.74,350.92,1920.0,448.7,0.7523
16050,267.767,2030,1791.1,460.1,1904.7,738.38,0.828
16056,267.868,1896,85.75,255.78,183.83,484.04,0.8195
16056,267.868,1936,1029.6,679.29,1179.41,1080.0,0.8938
16056,267.868,1943,1525.64,350.15,1581.75,441.32,0.631
16056,267.868,1955,620.14,233.16,706.48,433.47,0.8263
16056,267.868,1994,919.11,150.1,980.51,318.67,0.7714
16056,267.868,2025,1493.83,605.47,1655.46,947.36,0.8844
16056,267.868,2028,1861.87,350.64,1919.79,453.3,0.7801
16056,267.868,2030,1751.2,461.68,1855.44,744.67,0.8569
16062,267.968,1896,68.32,261.4,174.36,491.03,0.7814
16062,267.968,1936,998.53,697.14,1156.59,1080.0,0.9081
16062,267.968,1943,1507.42,350.22,1568.34,444.45,0.7458
16062,267.968,1955,580.22,238.67,681.37,455.67,0.8177
16062,267.968,1994,916.79,150.36,975.24,318.91,0.7716
16062,267.968,2025,1485.31,610.31,1639.91,979.94,0.8921
16062,267.968,2028,1855.23,350.82,1916.82,459.59,0.7856
16062,267.968,2030,1687.5,454.92,1814.03,746.11,0.8189
16068,268.068,1896,66.22,265.88,167.08,491.81,0.7763
16068,268.068,1936,968.07,723.9,1128.7,1080.0,0.8851
16068,268.068,1943,1489.8,351.82,1561.62,445.08,0.6874
16068,268.068,1955,552.57,250.18,641.07,473.44,0.7903
16068,268.068,1994,912.71,150.06,973.02,317.8,0.7511
16068,268.068,2025,1491.96,617.85,1617.38,999.68,0.8532
16068,268.068,2028,1851.26,350.45,1917.97,466.95,0.8521
16068,268.068,2030,1640.21,460.5,1758.91,759.18,0.8158
16074,268.168,1896,85.47,261.73,174.45,489.76,0.8005
16074,268.168,1936,950.92,751.02,1104.49,1080.0,0.8925
16074,268.168,1943,1478.65,352.01,1553.27,450.32,0.7441
16074,268.168,1955,517.43,256.98,599.34,481.2,0.8263
16074,268.168,1994,903.01,147.62,971.96,314.05,0.7087
16074,268.168,2025,1471.6,616.75,1601.56,1004.38,0.8294
16074,268.168,2028,1850.02,350.83,1916.03,474.0,0.7517
16074,268.168,2030,1590.16,460.07,1699.17,759.64,0.8215
16080,268.268,1896,91.42,260.0,225.64,486.04,0.841
16080,268.268,1936,938.07,788.62,1087.47,1080.0,0.8636
16080,268.268,1943,1468.07,351.08,1527.01,451.31,0.4443
16080,268.268,1955,456.34,267.98,580.03,491.36,0.8816
16080,268.268,1994,897.59,148.37,970.71,311.0,0.7429
16080,268.268,2025,1430.23,622.35,1599.67,1022.19,0.8802
16080,268.268,2028,1847.64,349.03,1918.2,477.5,0.8297
16080,268.268,2030,1532.15,454.42,1668.23,760.46,0.7589
16086,268.368,1896,104.48,252.5,247.97,479.86,0.902
16086,268.368,1936,899.83,820.52,1076.89,1080.0,0.8979
16086,268.368,1943,1446.41,350.46,1513.99,452.13,0.6867
16086,268.368,1955,426.32,286.83,541.38,500.0,0.8086
16086,268.368,1994,896.85,151.4,972.29,310.92,0.7965
16086,268.368,2025,1406.39,645.05,1596.44,1057.39,0.8536
16086,268.368,2028,1848.14,349.38,1919.0,484.52,0.7786
16086,268.368,2030,1436.83,462.76,1622.48,763.73,0.7541
16092,268.468,1896,118.38,244.37,234.7,471.39,0.7779
16092,268.468,1936,871.09,861.0,1054.94,1080.0,0.8435
16092,268.468,1943,1417.91,351.45,1503.35,453.58,0.6879
16092,268.468,1955,406.95,296.97,516.65,505.64,0.8186
16092,268.468,1994,902.27,150.43,975.6,310.44,0.8055
16092,268.468,2025,1402.47,671.2,1575.79,1076.52,0.8799
16092,268.468,2028,1843.07,348.84,1920.0,489.24,0.7305
16092,268.468,2030,1401.69,477.3,1561.51,769.69,0.8469
16098,268.568,1896,135.13,241.48,236.51,466.08,0.7933
16098,268.568,1936,857.54,895.96,1024.41,1080.0,0.8501
16098,268.568,1943,1409.01,350.57,1480.93,456.47,0.6711
16098,268.568,1955,398.97,292.94,508.65,505.42,0.8422
16098,268.568,1994,909.02,150.51,971.82,311.51,0.7218
16098,268.568,2025,1410.16,688.32,1568.4,1080.0,0.882
16098,268.568,2028,1853.31,349.0,1920.0,493.36,0.757
16098,268.568,2030,1383.23,485.46,1516.76,777.96,0.8089
16104,268.668,1896,153.51,241.53,255.42,457.89,0.7457
16104,268.668,1936,843.96,903.06,1001.9,1080.0,0.8464
16104,268.668,1943,1394.44,349.46,1459.96,456.09,0.752
16104,268.668,1955,382.71,287.8,499.95,501.99,0.8511
16104,268.668,1994,911.89,146.27,969.6,311.08,0.7188
16104,268.668,2025,1416.07,705.09,1565.33,1080.0,0.8779
16104,268.668,2028,1852.96,349.41,1919.45,499.51,0.794
16104,268.668,2030,1326.63,492.71,1484.4,784.98,0.8973
16110,268.769,1896,173.98,244.77,276.92,447.42,0.7815
16110,268.769,1936,825.92,898.77,978.3,1079.62,0.8645
16110,268.769,1943,1361.19,349.43,1442.66,463.63,0.7945
16110,268.769,1955,367.35,287.93,501.07,503.85,0.8271
16110,268.769,1994,908.83,147.25,968.36,311.69,0.8279
16110,268.769,2025,1417.09,709.65,1569.53,1080.0,0.8986
16110,268.769,2028,1846.85,348.16,1918.39,503.43,0.8276
16110,268.769,2030,1308.46,495.16,1459.62,786.98,0.847
16116,268.869,1896,180.82,247.57,292.07,441.56,0.8344
16116,268.869,1936,804.54,889.77,960.32,1079.33,0.8584
16116,268.869,1943,1346.88,344.72,1425.5,466.2,0.7522
16116,268.869,1955,361.19,285.5,490.1,503.68,0.8482
16116,268.869,1994,894.64,147.89,962.28,311.14,0.8351
16116,268.869,2025,1415.41,702.28,1575.26,1080.0,0.8934
16116,268.869,2028,1835.57,349.27,1911.76,506.28,0.7777
16116,268.869,2030,1299.16,489.77,1452.41,790.94,0.8684
16122,268.969,1896,194.49,242.58,322.17,435.55,0.8158
16122,268.969,1936,783.94,874.01,947.67,1079.15,0.8584
16122,268.969,1943,1337.2,300.61,1412.66,472.2,0.7382
16122,268.969,1955,365.73,276.17,485.86,499.95,0.8602
16122,268.969,1994,878.39,150.67,955.48,309.25,0.777
16122,268.969,2025,1407.77,710.69,1577.83,1080.0,0.9034
16122,268.969,2028,1820.06,347.81,1903.02,509.58,0.8106
16122,268.969,2030,1296.16,478.57,1458.0,792.69,0.8833
16128,269.069,1896,233.63,239.96,372.8,423.21,0.7467
16128,269.069,1936,759.44,865.27,931.96,1079.54,0.861
16128,269.069,1943,1329.35,280.87,1399.57,474.67,0.8164
16128,269.069,1955,375.25,271.11,490.21,490.4,0.8637
16128,269.069,1994,871.46,152.89,948.2,306.99,0.7433
16128,269.069,2025,1390.59,737.5,1573.13,1080.0,0.8854
16128,269.069,2028,1813.21,347.48,1897.1,511.83,0.7688
16128,269.069,2030,1296.23,472.01,1480.36,792.13,0.8995
16134,269.169,1896,268.1,233.39,397.88,421.07,0.8191
16134,269.169,1936,735.64,870.05,923.17,1080.0,0.8476
16134,269.169,1943,1326.8,268.14,1394.09,475.29,0.785
16134,269.169,1955,383.85,266.31,506.69,485.17,0.8389
16134,269.169,1994,869.23,152.12,942.41,305.8,0.7281
16134,269.169,2025,1385.86,751.35,1567.38,1080.0,0.8888
16134,269.169,2028,1813.08,350.15,1898.47,511.94,0.773
16134,269.169,2030,1298.2,473.15,1499.31,790.82,0.8992
16140,269.269,1896,298.4,223.83,429.05,408.58,0.7832
16140,269.269,1936,711.75,869.99,908.1,1080.0,0.8415
16140,269.269,1943,1322.58,264.18,1387.12,475.96,0.7709
16140,269.269,1955,399.12,263.77,512.82,472.07,0.8681
16140,269.269,1994,867.83,152.08,939.02,305.86,0.7132
16140,269.269,2025,1387.53,752.38,1570.41,1080.0,0.899
16140,269.269,2028,1822.32,349.53,1906.09,510.47,0.8066
16140,269.269,2030,1299.71,475.95,1517.78,792.15,0.8985
16146,269.369,1896,359.44,221.32,457.85,399.67,0.6775
16146,269.369,1936,686.86,857.72,879.26,1079.14,0.8666
16146,269.369,1943,1311.04,265.79,1382.44,476.92,0.8115
16146,269.369,1955,405.48,259.07,534.52,461.43,0.8165
16146,269.369,1994,867.48,152.87,938.21,305.17,0.7171
16146,269.369,2025,1386.89,755.1,1578.45,1080.0,0.8971
16146,269.369,2028,1838.54,349.42,1912.91,511.52,0.8317
16146,269.369,2030,1300.54,481.75,1539.23,790.17,0.828
16152,269.469,1896,382.35,217.79,497.77,395.65,0.7906
16152,269.469,1936,668.21,835.98,854.1,1080.0,0.8739
16152,269.469,1943,1303.25,267.28,1376.43,478.35,0.8342
16152,269.469,1955,423.6,252.7,556.73,445.89,0.7298
16152,269.469,1994,864.69,157.13,938.3,306.66,0.7526
16152,269.469,2025,1398.0,762.19,1596.27,1080.0,0.9005
16152,269.469,2028,1847.77,347.98,1916.51,510.6,0.8314
16152,269.469,2030,1304.92,484.59,1568.05,787.37,0.8876
16158,269.569,1936,655.55,819.3,836.25,1079.37,0.8914
16158,269.569,1943,1297.48,267.4,1375.82,479.54,0.8439
16158,269.569,1955,430.88,244.14,544.98,402.4,0.6408
16158,269.569,1994,862.92,161.24,938.65,306.3,0.7303
16158,269.569,2025,1415.61,768.08,1605.65,1080.0,0.8916
16158,269.569,2028,1856.58,351.95,1917.81,510.04,0.7495
16158,269.569,2030,1345.89,486.36,1583.7,787.47,0.8904
16164,269.669,1936,643.0,808.44,823.38,1078.54,0.8754
16164,269.669,1943,1295.62,261.73,1375.89,482.31,0.7988
16164,269.669,1994,860.35,162.82,936.01,305.86,0.7379
16164,269.669,2025,1444.3,775.65,1622.02,1080.0,0.9031
16164,269.669,2028,1877.05,359.86,1918.21,505.96,0.5911
16164,269.669,2030,1387.42,479.63,1587.81,785.76,0.8926
16164,269.669,2034,504.42,239.66,645.85,426.16,0.6514
16170,269.769,1936,623.04,800.42,809.06,1078.63,0.8971
16170,269.769,1943,1291.1,258.43,1372.53,483.03,0.8206
16170,269.769,1994,853.49,161.95,928.08,302.94,0.7275
16170,269.769,2025,1468.32,780.9,1640.9,1079.05,0.8981
16170,269.769,2030,1417.8,467.8,1604.24,785.9,0.9109
16170,269.769,2034,564.34,235.83,666.9,423.0,0.6388
16176,269.87,1936,602.85,785.22,789.13,1079.21,0.8911
16176,269.87,1943,1273.59,259.73,1364.19,486.81,0.8077
16176,269.87,1994,841.55,162.09,913.53,302.49,0.743
16176,269.87,2025,1484.92,781.0,1654.91,1080.0,0.893
16176,269.87,2030,1455.46,466.02,1617.8,773.76,0.8772
16176,269.87,2034,589.84,227.58,726.96,417.07,0.7319
16182,269.97,1936,583.97,765.7,773.67,1079.23,0.8913
16182,269.97,1943,1252.5,270.94,1355.35,491.07,0.8345
16182,269.97,1994,829.62,162.44,899.29,302.62,0.6987
16182,269.97,2025,1479.45,780.68,1667.07,1080.0,0.8835
16182,269.97,2030,1489.9,466.34,1630.98,765.02,0.9059
16182,269.97,2034,612.36,223.48,747.63,404.36,0.5278
16188,270.07,1936,571.0,745.35,760.2,1079.83,0.8852
16188,270.07,1943,1237.71,284.9,1344.07,491.76,0.8407
16188,270.07,1994,816.91,159.15,885.13,302.12,0.6913
16188,270.07,2025,1468.81,781.77,1676.01,1078.78,0.8953
16188,270.07,2030,1496.34,458.05,1649.72,757.31,0.9032
16188,270.07,2034,662.69,220.07,774.12,406.02,0.7274
16188,270.07,2040,1880.41,349.04,1916.61,483.72,0.6932
16194,270.17,1936,557.07,734.37,756.59,1079.47,0.8887
16194,270.17,1943,1218.47,291.34,1336.51,492.42,0.8927
16194,270.17,1994,800.18,159.52,865.73,301.66,0.6495
16194,270.17,2025,1453.66,781.02,1681.69,1078.58,0.8903
16194,270.17,2030,1496.82,454.89,1662.02,751.68,0.886
16194,270.17,2034,692.9,216.92,780.73,402.05,0.6983
16194,270.17,2040,1865.64,350.52,1912.24,477.87,0.7376
16200,270.27,1936,543.66,729.3,754.6,1077.66,0.8764
16200,270.27,1943,1200.57,285.75,1327.98,492.23,0.8802
16200,270.27,1994,781.82,157.3,848.33,302.34,0.619
16200,270.27,2025,1448.83,775.93,1683.59,1077.5,0.8881
16200,270.27,2030,1519.88,456.29,1670.64,745.39,0.8688
16200,270.27,2034,702.8,214.31,797.21,399.07,0.5525
16200,270.27,2040,1850.26,353.54,1904.43,471.01,0.7749
16206,270.37,1936,540.87,719.31,742.86,1079.4,0.8982
16206,270.37,1943,1218.96,275.49,1325.75,492.89,0.8742
16206,270.37,1994,771.58,153.42,832.38,283.84,0.4235
16206,270.37,2025,1464.15,764.27,1688.31,1079.54,0.899
16206,270.37,2030,1552.09,448.66,1688.02,741.64,0.8644
16206,270.37,2034,725.43,216.66,814.6,395.88,0.5718
16206,270.37,2040,1842.65,350.97,1896.79,466.24,0.6872
16212,270.47,1936,540.55,705.55,727.54,1080.0,0.9128
16212,270.47,1943,1238.52,266.74,1326.56,491.48,0.8389
16212,270.47,2025,1495.7,748.14,1693.78,1079.49,0.8912
16212,270.47,2030,1570.29,442.72,1711.39,741.98,0.8916
16212,270.47,2034,756.01,202.65,829.07,394.26,0.6712
16212,270.47,2040,1834.91,351.03,1881.98,460.9,0.719
16218,270.57,1936,537.33,688.37,708.71,1080.0,0.9129
16218,270.57,1943,1238.31,265.29,1326.15,489.89,0.8296
16218,270.57,2025,1523.85,734.95,1699.57,1078.39,0.8911
16218,270.57,2030,1593.46,444.53,1724.38,729.14,0.8558
16218,270.57,2034,772.69,208.88,862.42,392.34,0.7498
16218,270.57,2040,1816.85,350.48,1868.27,454.75,0.7873
16224,270.67,1936,529.92,673.89,689.5,1079.39,0.893
16224,270.67,1943,1225.76,271.07,1330.42,488.3,0.8385
16224,270.67,2025,1526.29,732.74,1705.3,1079.56,0.9016
16224,270.67,2030,1620.22,439.76,1736.82,722.43,0.8515
16224,270.67,2034,779.24,214.22,875.97,387.98,0.7528
16224,270.67,2040,1798.07,350.63,1849.26,448.62,0.7659
16230,270.771,1936,518.66,666.16,673.08,1078.48,0.9199
16230,270.771,1943,1215.98,287.37,1324.84,486.7,0.8652
16230,270.771,2025,1521.77,733.79,1709.74,1079.87,0.8982
16230,270.771,2030,1615.28,431.65,1756.28,715.43,0.8791
16230,270.771,2034,762.5,217.4,868.91,384.18,0.6876
16230,270.771,2040,1778.72,352.71,1826.42,442.28,0.6315
16230,270.771,2049,716.15,163.93,786.32,315.97,0.5163
16236,270.871,1936,501.59,659.61,662.43,1077.33,0.9122
16236,270.871,1943,1200.27,298.67,1308.96,484.57,0.8511
16236,270.871,2025,1524.39,727.63,1710.86,1080.0,0.8865
16236,270.871,2030,1607.71,429.45,1770.44,711.47,0.9129
16236,270.871,2034,766.37,199.88,855.26,383.65,0.7723
16236,270.871,2040,1754.72,353.79,1802.9,436.43,0.5903
16236,270.871,2049,709.19,158.13,773.41,300.74,0.7295
16242,270.971,1936,485.49,652.09,651.38,1078.73,0.9044
16242,270.971,1943,1175.06,296.83,1286.58,480.97,0.7522
16242,270.971,2025,1518.14,714.25,1705.22,1080.0,0.9004
16242,270.971,2030,1612.53,429.73,1777.47,705.43,0.8922
16242,270.971,2034,759.08,202.19,843.43,375.22,0.6341
16242,270.971,2040,1732.4,356.22,1777.11,430.64,0.5785
16242,270.971,2049,693.28,162.73,754.21,297.54,0.6732
16248,271.071,1936,469.14,638.78,640.31,1076.03,0.9047
16248,271.071,1943,1126.61,294.98,1245.77,474.88,0.644
16248,271.071,2025,1481.64,711.51,1695.54,1079.92,0.9059
16248,271.071,2030,1644.04,418.1,1769.39,705.82,0.8382
16248,271.071,2034,789.33,187.62,855.97,347.35,0.5946
16248,271.071,2040,1706.81,353.41,1753.16,426.03,0.404
16248,271.071,2049,675.54,163.42,737.08,306.81,0.5864
16254,271.171,1936,460.46,625.19,634.29,1077.03,0.9083
16254,271.171,1943,1059.43,296.43,1203.85,475.44,0.8789
16254,271.171,2025,1451.13,728.97,1686.4,1079.96,0.9117
16254,271.171,2030,1656.86,412.9,1765.09,701.41,0.817
16254,271.171,2034,797.77,182.17,868.26,340.12,0.7553
16254,271.171,2040,1679.02,352.11,1730.92,430.96,0.5395
16254,271.171,2049,658.55,164.6,719.35,311.75,0.5582
16260,271.271,1936,450.08,616.89,633.93,1077.59,0.9094
16260,271.271,1943,1007.5,294.99,1167.13,478.39,0.8314
16260,271.271,2025,1428.77,737.5,1668.82,1078.6,0.9066
16260,271.271,2030,1657.45,417.36,1759.67,689.19,0.8687
16260,271.271,2034,806.11,175.0,875.94,335.13,0.7787
16260,271.271,2040,1655.99,350.65,1706.61,421.47,0.5043
16260,271.271,2049,640.93,166.68,710.58,312.78,0.5027
16266,271.371,1936,438.86,610.65,627.51,1070.79,0.901
16266,271.371,1943,985.95,293.13,1116.98,485.13,0.8132
16266,271.371,2025,1404.49,717.51,1635.73,1078.84,0.9159
16266,271.371,2030,1659.02,419.14,1751.01,681.88,0.8654
16266,271.371,2034,809.97,173.18,889.23,330.95,0.7932
16266,271.371,2040,1636.1,350.16,1688.11,415.06,0.594
16266,271.371,2049,625.85,167.89,694.99,293.56,0.4726
16272,271.471,1936,424.86,601.26,602.56,1054.33,0.8906
16272,271.471,1943,932.9,295.08,1059.45,485.69,0.8105
16272,271.471,2025,1367.68,686.81,1583.84,1078.06,0.903
16272,271.471,2030,1658.5,416.36,1748.13,680.54,0.8718
16272,271.471,2034,827.33,175.42,894.72,327.61,0.7273
16272,271.471,2040,1616.68,351.05,1667.18,412.2,0.5475
16272,271.471,2049,612.58,167.15,676.1,287.79,0.5609
16278,271.571,1936,397.37,594.79,561.4,1021.29,0.9166
16278,271.571,1943,868.86,294.43,1012.12,490.37,0.844
16278,271.571,2025,1317.66,659.42,1519.88,1065.34,0.9041
16278,271.571,2030,1643.91,423.54,1743.31,669.55,0.8511
16278,271.571,2034,837.97,173.04,893.24,326.74,0.5675
16278,271.571,2040,1593.01,350.09,1643.77,408.03,0.5196
16278,271.571,2049,591.26,164.88,649.01,293.78,0.6763
16284,271.671,1936,361.72,602.29,565.94,1000.06,0.9265
16284,271.671,1943,820.59,292.29,958.96,505.15,0.8635
16284,271.671,2025,1273.99,647.06,1453.86,1038.66,0.8851
16284,271.671,2030,1638.96,428.66,1734.52,667.52,0.8637
16284,271.671,2034,852.3,172.42,915.45,323.55,0.5349
16284,271.671,2040,1583.96,352.44,1632.35,407.08,0.4707
16284,271.671,2049,576.64,162.93,636.62,309.96,0.6497
16290,271.772,1936,329.17,600.5,569.77,991.43,0.925
16290,271.772,2025,1202.45,652.31,1407.79,1018.6,0.8924
16290,271.772,2030,1641.37,427.43,1734.21,666.8,0.8571
16290,271.772,2034,863.02,177.38,936.4,324.75,0.7626
16290,271.772,2049,570.46,159.94,637.73,314.72,0.6594
16296,271.872,1936,287.81,586.21,544.54,979.06,0.8911
16296,271.872,2025,1130.61,647.96,1389.88,1009.13,0.9004
16296,271.872,2030,1640.92,420.62,1734.22,665.73,0.8498
16296,271.872,2034,892.88,178.92,956.38,322.97,0.6989
16296,271.872,2040,1599.34,348.76,1648.32,406.96,0.5068
16296,271.872,2049,565.61,158.71,637.8,318.71,0.652
16302,271.972,1936,246.69,569.75,478.02,954.62,0.8949
16302,271.972,2025,1062.94,635.55,1350.3,984.82,0.904
16302,271.972,2030,1647.46,417.99,1739.23,665.02,0.842
16302,271.972,2034,925.68,179.27,988.23,322.72,0.7803
16302,271.972,2040,1606.76,348.3,1668.42,409.3,0.5237
16302,271.972,2049,571.88,160.27,640.29,319.13,0.7269
16308,272.072,1936,243.65,555.14,452.63,930.88,0.8792
16308,272.072,2025,999.8,630.4,1266.03,961.49,0.8948
16308,272.072,2030,1673.59,419.59,1759.02,667.15,0.8264
16308,272.072,2034,983.43,182.24,1044.89,321.6,0.6283
16308,272.072,2040,1637.73,348.12,1703.44,412.56,0.5673
16308,272.072,2049,595.09,158.62,662.74,318.92,0.7284
16314,272.172,1936,256.84,546.35,469.71,916.08,0.8917
16314,272.172,2025,976.32,616.82,1245.72,958.64,0.903
16314,272.172,2030,1716.76,422.29,1797.53,672.99,0.8193
16314,272.172,2034,1067.52,187.86,1120.47,321.99,0.737
16314,272.172,2040,1697.31,349.23,1761.82,415.89,0.559
16314,272.172,2049,648.34,156.71,709.55,314.82,0.7054
16326,272.372,2060,324.09,743.27,470.17,1053.34,0.8674
16326,272.372,2062,666.92,771.48,769.65,938.11,0.7944
16326,272.372,2063,1456.99,757.8,1509.11,907.51,0.7509
16326,272.372,2064,254.81,747.45,326.68,977.83,0.7015
16326,272.372,2065,1801.46,775.52,1856.81,900.41,0.6658
16326,272.372,2066,1546.72,781.6,1578.03,865.1,0.6451
16332,272.472,2060,329.56,741.7,460.49,1053.49,0.8817
16332,272.472,2062,668.17,768.17,769.73,938.28,0.7419
16332,272.472,2063,1458.79,754.81,1513.75,907.58,0.7736
16332,272.472,2064,262.36,748.85,330.91,979.26,0.6449
16332,272.472,2065,1792.14,773.45,1846.42,900.02,0.7442
16332,272.472,2066,1560.57,782.56,1586.1,861.06,0.4104
16338,272.572,2060,335.39,740.24,451.93,1052.87,0.8562
16338,272.572,2062,676.29,769.4,758.58,931.76,0.7148
16338,272.572,2063,1456.73,751.78,1516.9,908.38,0.7353
16338,272.572,2064,268.95,743.95,336.54,978.15,0.6603
16338,272.572,2065,1773.19,773.84,1846.95,899.95,0.7288
16338,272.572,2066,1569.8,777.31,1598.9,861.5,0.5034
16344,272.672,2060,339.41,739.31,442.55,1052.99,0.8405
16344,272.672,2062,680.42,771.54,755.9,931.44,0.7527
16344,272.672,2063,1452.59,751.6,1513.56,909.01,0.7643
16344,272.672,2064,272.89,750.3,348.84,979.69,0.6942
16344,272.672,2065,1770.96,776.53,1843.21,900.79,0.7491
16344,272.672,2066,1578.1,776.58,1609.89,862.72,0.6697
16344,272.672,2078,968.79,767.11,1016.59,872.51,0.5132
16350,272.772,2060,342.55,738.88,438.82,1048.86,0.8381
16350,272.772,2062,682.28,770.88,753.87,931.95,0.7728
16350,272.772,2063,1445.41,752.93,1504.11,909.17,0.7857
16350,272.772,2064,276.19,750.05,347.93,978.57,0.7228
16350,272.772,2065,1756.92,774.16,1826.2,899.71,0.7239
16350,272.772,2066,1584.72,780.04,1618.07,864.67,0.704
16350,272.772,2078,966.6,769.58,1005.99,877.85,0.6197
16350,272.772,2080,866.8,773.61,941.3,944.97,0.7978
16356,272.873,2060,346.62,736.5,438.54,1047.4,0.8486
16356,272.873,2062,685.0,771.13,763.7,931.1,0.7149
16356,272.873,2063,1434.15,756.28,1501.7,910.32,0.7259
16356,272.873,2064,278.28,752.53,349.71,978.42,0.7289
16356,272.873,2065,1748.49,768.98,1811.68,900.52,0.7309
16356,272.873,2066,1591.68,783.73,1624.89,864.08,0.5905
16356,272.873,2078,964.64,772.92,1002.19,879.48,0.6533
16356,272.873,2080,848.59,767.54,931.49,940.72,0.7996
16362,272.973,2060,351.63,735.78,439.75,1046.31,0.8641
16362,272.973,2062,687.72,773.67,765.69,932.37,0.6398
16362,272.973,2063,1428.68,758.41,1500.61,911.82,0.7415
16362,272.973,2064,282.32,751.25,351.99,979.27,0.7239
16362,272.973,2065,1733.47,774.81,1806.62,900.6,0.7383
16362,272.973,2066,1598.73,782.65,1634.79,863.99,0.6482
16362,272.973,2078,963.59,770.17,1005.25,880.03,0.6354
16362,272.973,2080,823.88,765.67,906.87,941.09,0.8099
16368,273.073,2060,355.15,737.95,441.78,1045.26,0.8581
16368,273.073,2062,693.78,767.69,766.49,930.38,0.7711
16368,273.073,2063,1429.39,757.1,1497.08,913.12,0.7479
16368,273.073,2064,285.77,755.1,353.97,977.35,0.6707
16368,273.073,2065,1728.17,773.45,1804.06,899.7,0.7223
16368,273.073,2066,1607.94,784.73,1643.18,865.81,0.5679
16368,273.073,2078,963.01,771.84,1005.1,880.44,0.5562
16368,273.073,2080,802.64,771.0,881.33,939.9,0.8404
16368,273.073,2091,1308.63,776.33,1341.79,855.66,0.6551
16374,273.173,2060,358.01,739.39,445.96,1044.88,0.8513
16374,273.173,2062,705.21,763.42,768.58,927.44,0.7572
16374,273.173,2063,1431.97,753.33,1486.48,914.01,0.7018
16374,273.173,2064,289.59,759.29,354.36,976.19,0.7363
16374,273.173,2065,1725.86,773.15,1790.64,899.68,0.7278
16374,273.173,2066,1617.49,784.17,1655.95,865.33,0.639
16374,273.173,2078,962.97,769.12,1009.91,881.26,0.5363
16374,273.173,2080,785.5,774.08,865.42,938.56,0.8146
16374,273.173,2091,1318.61,778.56,1353.06,856.14,0.6414
16380,273.273,2060,360.38,739.8,447.97,1045.5,0.8361
16380,273.273,2062,715.85,764.49,773.05,927.29,0.7469
16380,273.273,2063,1428.85,753.6,1483.91,914.52,0.7695
16380,273.273,2064,291.74,757.85,353.78,976.3,0.7327
16380,273.273,2065,1718.1,772.85,1768.37,899.57,0.7391
16380,273.273,2066,1622.75,783.9,1664.43,864.92,0.6491
16380,273.273,2078,965.32,767.52,1010.76,881.78,0.4637
16380,273.273,2080,779.99,769.45,860.11,936.04,0.8084
16380,273.273,2091,1329.25,779.25,1361.99,857.48,0.5799
16386,273.373,2060,361.57,740.22,450.35,1045.39,0.8401
16386,273.373,2062,717.89,766.24,768.09,928.06,0.7692
16386,273.373,2063,1421.66,757.32,1480.26,917.16,0.7214
16386,273.373,2064,295.1,757.8,356.26,976.96,0.7189
16386,273.373,2065,1700.19,772.24,1758.76,900.34,0.6403
16386,273.373,2066,1631.59,785.9,1669.89,866.16,0.5172
16386,273.373,2078,965.18,766.69,1018.17,880.45,0.5353
16386,273.373,2080,774.13,766.18,853.32,933.07,0.7998
16386,273.373,2091,1337.71,779.94,1374.46,857.45,0.68
16392,273.473,2060,363.05,740.31,452.74,1044.43,0.8307
16392,273.473,2062,710.05,768.17,766.21,925.42,0.7266
16392,273.473,2063,1417.66,754.94,1473.64,916.13,0.7902
16392,273.473,2064,295.75,754.49,357.48,977.35,0.7217
16392,273.473,2065,1685.34,772.45,1752.11,899.07,0.7121
16392,273.473,2066,1640.16,782.68,1675.28,866.33,0.6366
16392,273.473,2078,963.67,766.03,1024.0,881.57,0.6243
16392,273.473,2080,766.65,770.22,857.02,926.21,0.772
16392,273.473,2091,1345.7,775.17,1384.52,858.53,0.6201
16398,273.573,2060,363.17,741.45,453.15,1044.22,0.8309
16398,273.573,2062,703.62,777.18,759.09,925.51,0.7028
16398,273.573,2063,1413.87,753.47,1467.3,917.16,0.7075
16398,273.573,2064,295.68,754.45,357.32,977.95,0.7237
16398,273.573,2065,1675.56,770.58,1741.36,899.4,0.7329
16398,273.573,2066,1645.58,781.0,1680.5,865.41,0.5596
16398,273.573,2078,964.07,765.64,1026.85,881.42,0.7416
16398,273.573,2080,754.99,785.79,856.99,924.14,0.7909
16398,273.573,2091,1352.21,773.71,1390.05,860.27,0.5895
16398,273.573,2096,1216.07,774.37,1245.87,856.6,0.6611
16404,273.673,2060,362.02,741.21,451.62,1045.66,0.8244
16404,273.673,2062,700.14,767.23,751.59,923.64,0.6912
16404,273.673,2063,1407.8,765.42,1460.63,916.44,0.7606
16404,273.673,2064,295.19,755.17,356.34,977.88,0.7506
16404,273.673,2065,1671.37,774.21,1721.94,898.29,0.603
16404,273.673,2066,1652.37,781.0,1685.66,867.7,0.4499
16404,273.673,2078,965.34,762.76,1026.95,880.87,0.7198
16404,273.673,2080,747.79,801.36,852.81,923.4,0.5761
16404,273.673,2091,1356.31,774.51,1392.34,860.22,0.6743
16404,273.673,2096,1219.19,769.62,1253.34,853.98,0.6524
16410,273.774,2060,361.45,740.92,449.88,1046.07,0.8296
16410,273.774,2062,684.3,764.55,746.13,924.73,0.6226
16410,273.774,2063,1401.58,769.93,1455.35,917.71,0.7424
16410,273.774,2064,293.08,758.32,354.07,977.12,0.7876
16410,273.774,2065,1651.81,774.38,1706.33,896.34,0.7494
16410,273.774,2078,971.9,762.39,1025.96,879.48,0.7281
16410,273.774,2080,744.83,802.1,833.38,921.0,0.6294
16410,273.774,2091,1357.28,774.49,1393.35,860.05,0.6274
16410,273.774,2096,1229.94,773.59,1261.71,854.93,0.5341
16416,273.874,2060,360.07,741.33,445.31,1046.36,0.8308
16416,273.874,2062,671.26,769.56,733.94,925.25,0.7127
16416,273.874,2063,1400.05,774.5,1456.0,918.56,0.7196
16416,273.874,2064,289.34,760.38,352.39,977.07,0.754
16416,273.874,2065,1634.39,778.28,1697.23,897.0,0.7604
16416,273.874,2078,981.64,761.63,1027.21,881.29,0.7916
16416,273.874,2080,745.38,797.4,821.67,921.14,0.7369
16416,273.874,2091,1356.29,774.22,1394.83,861.78,0.624
16416,273.874,2096,1237.73,773.87,1271.27,857.47,0.6539
16422,273.974,2060,353.99,738.43,438.56,1048.09,0.8457
16422,273.974,2062,661.62,779.45,732.05,927.94,0.6608
16422,273.974,2063,1405.46,768.82,1463.38,922.24,0.7394
16422,273.974,2064,284.65,754.95,348.89,976.51,0.7063
16422,273.974,2065,1625.36,781.51,1690.9,896.99,0.753
16422,273.974,2078,986.14,761.68,1027.72,882.71,0.8074
16422,273.974,2080,746.33,787.64,820.19,923.84,0.7816
16422,273.974,2091,1354.52,774.57,1395.17,862.65,0.6902
16422,273.974,2096,1241.25,770.68,1281.79,858.4,0.6759
16428,274.074,2060,348.21,738.03,435.59,1051.72,0.81
16428,274.074,2062,654.04,765.54,728.11,931.48,0.6908
16428,274.074,2063,1410.54,769.21,1471.37,923.62,0.7148
16428,274.074,2064,280.54,754.94,346.32,977.89,0.7224
16428,274.074,2065,1620.38,782.56,1690.86,898.25,0.7773
16428,274.074,2078,989.32,759.62,1028.59,882.18,0.7529
16428,274.074,2080,750.25,777.24,823.94,927.52,0.7847
16428,274.074,2091,1351.01,772.74,1393.05,863.19,0.6167
16428,274.074,2096,1252.29,770.69,1290.4,861.4,0.6362
16434,274.174,2060,346.83,738.87,435.85,1053.61,0.7844
16434,274.174,2062,651.86,756.23,727.55,933.88,0.6736
16434,274.174,2063,1418.11,765.48,1491.28,924.26,0.6885
16434,274.174,2064,280.06,754.18,346.52,980.36,0.7238
16434,274.174,2065,1620.05,780.85,1695.45,899.42,0.7437
16434,274.174,2078,989.52,761.91,1033.76,884.28,0.7248
16434,274.174,2080,752.82,765.83,831.99,929.56,0.8099
16434,274.174,2091,1348.37,771.68,1389.59,863.36,0.6369
16434,274.174,2096,1264.15,773.18,1298.27,862.79,0.6912
16440,274.274,2060,344.27,739.86,431.61,1052.26,0.7803
16440,274.274,2062,650.04,751.31,727.56,934.71,0.689
16440,274.274,2063,1423.48,764.51,1500.19,927.6,0.7426
16440,274.274,2064,279.94,752.01,346.5,979.52,0.728
16440,274.274,2066,1649.71,779.48,1710.82,894.19,0.7851
16440,274.274,2078,995.12,764.65,1039.69,884.61,0.6601
16440,274.274,2080,755.14,761.5,841.11,931.67,0.7746
16440,274.274,2091,1346.29,772.62,1386.77,861.53,0.6365
16440,274.274,2096,1273.11,770.49,1310.6,863.7,0.6958
16446,274.374,2060,342.7,739.03,429.12,1051.97,0.7922
16446,274.374,2062,648.09,763.07,722.64,937.08,0.7228
16446,274.374,2063,1446.78,772.04,1507.23,929.27,0.6957
16446,274.374,2064,278.63,747.92,346.84,978.44,0.7024
16446,274.374,2066,1663.19,773.65,1720.43,896.82,0.6653
16446,274.374,2078,1004.45,765.08,1047.96,882.94,0.6072
16446,274.374,2080,764.0,758.31,850.5,934.18,0.8287
16446,274.374,2091,1343.19,771.21,1384.63,862.5,0.6907
16446,274.374,2096,1283.7,770.84,1321.44,865.36,0.6152
16452,274.474,2060,336.75,738.56,424.6,1061.46,0.7765
16452,274.474,2062,647.5,770.71,725.4,938.4,0.7508
16452,274.474,2063,1469.77,777.96,1522.53,932.1,0.7147
16452,274.474,2064,276.69,746.65,345.24,979.19,0.713
16452,274.474,2066,1679.99,768.56,1734.89,898.3,0.7308
16452,274.474,2078,1013.94,765.93,1057.42,881.07,0.724
16452,274.474,2080,766.18,752.43,858.42,937.16,0.7682
16452,274.474,2091,1336.78,770.79,1381.1,863.13,0.5389
16452,274.474,2096,1297.05,769.73,1331.45,866.85,0.5777
16458,274.574,2060,326.79,740.26,413.36,1068.58,0.7633
16458,274.574,2062,651.63,765.45,732.41,940.53,0.742
16458,274.574,2063,1474.64,770.96,1535.0,936.41,0.7364
16458,274.574,2064,271.99,746.82,338.89,977.57,0.6691
16458,274.574,2066,1690.36,768.34,1753.44,901.31,0.7379
16458,274.574,2078,1019.97,764.38,1065.03,882.35,0.744
16458,274.574,2080,767.27,751.68,866.05,940.2,0.8294
16458,274.574,2096,1304.31,769.6,1351.17,865.51,0.3609
16464,274.674,2060,312.93,741.64,407.55,1069.97,0.7945
16464,274.674,2062,657.02,756.54,737.06,943.28,0.7552
16464,274.674,2063,1479.32,775.34,1542.54,935.57,0.7204
16464,274.674,2064,263.12,747.7,332.53,979.41,0.6952
16464,274.674,2066,1694.7,776.44,1755.66,901.13,0.5295
16464,274.674,2078,1024.8,763.59,1071.22,885.75,0.7353
16464,274.674,2080,776.72,747.3,872.84,945.64,0.78
16464,274.674,2096,1309.62,767.8,1355.47,867.66,0.7139
16470,274.774,2060,297.47,742.36,397.19,1068.84,0.7798
16470,274.774,2062,655.25,746.32,739.79,944.32,0.7571
16470,274.774,2063,1475.67,773.35,1541.19,936.91,0.7003
16470,274.774,2064,249.89,749.92,316.93,979.26,0.6875
16470,274.774,2066,1700.14,772.71,1771.75,902.5,0.6169
16470,274.774,2078,1026.34,763.94,1083.14,887.37,0.6696
16470,274.774,2080,779.47,745.12,881.26,950.76,0.7394
16470,274.774,2096,1312.13,769.93,1352.88,868.53,0.638
16476,274.875,2060,275.17,741.37,376.58,1072.3,0.8154
16476,274.875,2062,655.29,742.9,733.81,949.56,0.712
16476,274.875,2063,1476.43,778.6,1544.6,935.51,0.7034
16476,274.875,2064,230.44,752.97,298.05,979.76,0.7196
16476,274.875,2066,1712.67,768.97,1767.79,903.48,0.6834
16476,274.875,2078,1016.57,765.33,1090.16,889.39,0.7935
16476,274.875,2080,789.34,744.5,885.71,955.14,0.7655
16476,274.875,2096,1309.03,769.75,1347.51,868.16,0.7061
16482,274.975,2060,250.93,742.65,357.71,1072.75,0.8338
16482,274.975,2062,652.34,747.45,731.24,952.28,0.715
16482,274.975,2063,1450.22,774.21,1538.06,936.75,0.8112
16482,274.975,2064,206.1,752.53,271.68,978.23,0.6585
16482,274.975,2078,1020.67,764.09,1090.24,888.23,0.7095
16482,274.975,2080,800.39,741.72,888.46,956.51,0.806
16482,274.975,2096,1300.95,767.33,1344.45,868.36,0.7527
16488,275.075,2060,214.76,741.12,332.84,1076.1,0.8181
16488,275.075,2062,638.32,752.96,723.08,955.33,0.7934
16488,275.075,2063,1440.41,773.08,1520.57,935.95,0.7582
16488,275.075,2064,175.11,747.69,244.23,981.5,0.7059
16488,275.075,2078,1023.85,768.5,1084.23,887.55,0.5086
16488,275.075,2080,804.92,740.53,886.48,962.51,0.8141
16488,275.075,2096,1293.99,770.06,1334.41,870.38,0.683
16494,275.175,2060,178.07,742.79,304.2,1077.88,0.8194
16494,275.175,2062,623.34,754.65,716.25,960.56,0.8095
16494,275.175,2063,1431.17,773.68,1496.45,933.46,0.7291
16494,275.175,2064,137.7,748.86,210.57,984.71,0.6898
16494,275.175,2078,1016.1,764.82,1092.72,885.57,0.6015
16494,275.175,2080,803.98,745.86,883.73,966.7,0.7535
16494,275.175,2096,1282.8,771.54,1323.45,871.31,0.7507
16494,275.175,2116,1692.37,775.88,1771.5,902.23,0.7472
16500,275.275,2060,139.02,744.73,270.25,1078.86,0.8368
16500,275.275,2062,614.24,749.2,708.34,964.45,0.8035
16500,275.275,2063,1413.44,773.03,1471.08,929.93,0.7286
16500,275.275,2064,93.96,747.48,173.12,987.08,0.6376
16500,275.275,2078,1000.22,762.33,1077.93,886.38,0.6793
16500,275.275,2080,785.74,741.9,889.32,972.21,0.8551
16500,275.275,2096,1261.3,769.91,1311.71,872.26,0.6618
16500,275.275,2116,1675.9,773.2,1740.11,899.95,0.763
16506,275.375,2060,95.67,741.79,234.05,1077.72,0.8851
16506,275.375,2062,603.53,740.04,697.49,964.75,0.8263
16506,275.375,2063,1382.34,769.14,1449.16,925.03,0.7484
16506,275.375,2064,46.0,747.08,130.82,989.89,0.7122
16506,275.375,2078,964.07,757.53,1054.48,886.61,0.5674
16506,275.375,2080,770.82,743.0,883.36,975.61,0.8413
16506,275.375,2096,1245.28,767.56,1290.2,873.25,0.697
16506,275.375,2116,1662.79,770.85,1715.08,898.64,0.7287
16512,275.475,2060,38.47,735.5,185.61,1077.21,0.8277
16512,275.475,2062,575.85,738.01,673.77,968.59,0.7529
16512,275.475,2063,1339.05,767.32,1426.89,921.67,0.6686
16512,275.475,2064,1.18,743.64,69.56,986.3,0.6794
16512,275.475,2078,918.65,755.22,1017.4,885.4,0.5358
16512,275.475,2080,765.13,740.63,872.73,979.87,0.7965
16512,275.475,2096,1221.01,765.83,1262.17,874.03,0.7308
16512,275.475,2116,1629.27,773.27,1697.22,896.26,0.7812
16518,275.575,2060,7.58,727.37,133.2,1068.52,0.8932
16518,275.575,2062,553.2,742.16,641.02,971.62,0.7286
16518,275.575,2063,1278.7,764.84,1383.01,916.03,0.868
16518,275.575,2078,907.46,751.63,969.02,882.93,0.675
16518,275.575,2080,757.17,732.66,856.99,978.78,0.8101
16518,275.575,2096,1178.61,759.49,1226.01,870.81,0.7639
16518,275.575,2116,1579.1,776.74,1651.63,892.34,0.762
16524,275.675,2062,501.57,742.74,609.32,976.87,0.8207
16524,275.675,2063,1212.94,761.71,1316.56,911.72,0.8315
16524,275.675,2066,1413.59,783.71,1450.78,883.06,0.6183
16524,275.675,2078,859.7,751.55,910.39,883.49,0.6322
16524,275.675,2080,736.54,732.42,821.46,982.08,0.8154
16524,275.675,2096,1131.29,761.01,1174.27,869.77,0.7115
16524,275.675,2116,1507.89,774.28,1574.21,889.16,0.7023
16524,275.675,2118,1778.55,781.95,1827.45,860.61,0.769
16530,275.776,2062,429.5,739.86,562.28,981.02,0.8556
16530,275.776,2063,1155.65,763.78,1253.75,905.47,0.6723
16530,275.776,2066,1337.38,782.22,1377.24,870.88,0.6488
16530,275.776,2078,799.37,749.38,841.86,883.27,0.6338
16530,275.776,2080,677.89,739.51,794.97,986.66,0.8496
16530,275.776,2096,1074.14,764.27,1116.08,869.47,0.6593
16530,275.776,2116,1440.97,774.73,1500.11,886.57,0.7162
16530,275.776,2118,1675.95,780.78,1717.88,858.29,0.6827
16536,275.876,2062,376.24,743.13,516.22,991.43,0.7048
16536,275.876,2063,1116.12,764.19,1201.56,905.21,0.7231
16536,275.876,2066,1280.92,780.26,1318.22,866.53,0.6583
16536,275.876,2080,615.06,744.3,776.93,994.16,0.9095
16536,275.876,2096,1020.55,763.17,1072.08,870.36,0.5989
16536,275.876,2116,1384.82,768.35,1443.62,884.73,0.6734
16536,275.876,2118,1599.79,782.48,1627.28,857.31,0.4929
16542,275.976,2062,351.66,744.55,495.96,999.35,0.742
16542,275.976,2063,1080.87,763.73,1175.05,904.85,0.7528
16542,275.976,2066,1238.55,778.7,1274.35,864.74,0.7625
16542,275.976,2080,584.96,745.96,756.77,1001.63,0.8724
16542,275.976,2096,984.94,761.29,1038.04,872.78,0.6561
16542,275.976,2116,1332.9,760.42,1395.82,885.99,0.6673
16542,275.976,2118,1535.81,780.19,1558.25,853.9,0.6297
16548,276.076,2062,313.2,740.17,474.11,1002.68,0.8917
16548,276.076,2063,1069.53,764.07,1144.89,903.71,0.6442
16548,276.076,2066,1194.01,782.11,1239.45,865.19,0.6676
16548,276.076,2080,597.61,742.75,762.26,1005.82,0.8433
16548,276.076,2096,957.13,759.42,1005.15,874.6,0.7285
16548,276.076,2116,1289.84,769.35,1356.72,885.48,0.768
16548,276.076,2118,1475.4,779.95,1501.7,853.76,0.5997
16548,276.076,2128,1778.32,761.37,1841.9,902.24,0.6213
16554,276.176,2062,292.93,738.58,457.6,1008.58,0.8272
16554,276.176,2063,1043.54,769.08,1130.93,902.85,0.7883
16554,276.176,2080,595.19,737.47,763.94,1009.03,0.909
16554,276.176,2096,929.61,757.04,978.36,874.82,0.7778
16554,276.176,2116,1253.25,773.86,1312.99,883.68,0.7566
16554,276.176,2118,1419.58,782.44,1451.54,852.0,0.5852
16554,276.176,2128,1724.69,759.74,1786.86,901.08,0.7093
16560,276.276,2062,299.63,742.57,444.44,1017.85,0.7513
16560,276.276,2063,1025.46,775.02,1112.66,903.95,0.7254
16560,276.276,2080,586.09,735.92,751.63,1003.58,0.5831
16560,276.276,2096,899.24,756.39,955.35,878.72,0.7505
16560,276.276,2116,1221.06,778.01,1279.01,883.52,0.7534
16560,276.276,2118,1371.71,784.24,1402.61,852.16,0.5551
16560,276.276,2128,1680.0,763.25,1746.24,899.62,0.7132
16560,276.276,2131,539.45,756.26,607.23,901.11,0.712
16566,276.376,2062,290.28,731.36,459.11,1018.85,0.8602
16566,276.376,2063,1022.23,771.79,1098.02,900.39,0.5975
16566,276.376,2080,619.85,739.37,750.97,1007.36,0.6319
16566,276.376,2096,886.06,761.3,929.92,879.77,0.6959
16566,276.376,2116,1191.33,778.02,1244.68,884.32,0.6564
16566,276.376,2118,1327.92,785.59,1354.6,850.87,0.3884
16566,276.376,2128,1631.52,763.79,1704.97,898.42,0.6774
16566,276.376,2131,502.45,757.63,570.56,901.05,0.7246
16572,276.476,2062,268.19,732.06,457.81,1018.16,0.859
16572,276.476,2063,1005.16,761.24,1093.86,900.05,0.7364
16572,276.476,2080,617.55,738.09,762.7,1005.8,0.8603
16572,276.476,2096,864.67,761.32,911.62,879.94,0.7096
16572,276.476,2116,1161.02,780.25,1213.67,883.23,0.78
16572,276.476,2118,1285.82,782.76,1310.28,850.45,0.339
16572,276.476,2128,1586.19,764.1,1664.56,897.3,0.6234
16572,276.476,2131,463.78,755.04,521.91,904.43,0.7089
16578,276.576,2062,271.4,735.0,458.48,1025.97,0.8758
16578,276.576,2080,613.04,736.86,779.73,1001.52,0.8352
16578,276.576,2096,832.86,766.41,891.33,880.67,0.7295
16578,276.576,2116,1128.87,784.47,1184.48,883.28,0.5976
16578,276.576,2118,1245.06,782.15,1272.62,850.37,0.6236
16578,276.576,2128,1547.69,763.24,1615.48,894.87,0.72
16584,276.676,2062,309.72,734.38,472.71,1027.5,0.857
16584,276.676,2096,824.45,761.36,869.69,881.4,0.6883
16584,276.676,2116,1092.06,779.91,1151.14,879.91,0.6886
16584,276.676,2118,1204.58,782.92,1234.28,848.56,0.5322
16584,276.676,2128,1518.95,761.13,1573.77,892.54,0.559
16590,276.776,2062,309.69,728.72,486.12,1030.38,0.9181
16590,276.776,2080,658.24,736.07,807.12,1002.84,0.8147
16590,276.776,2096,811.24,763.04,849.63,883.29,0.4293
16590,276.776,2116,1064.13,783.22,1122.64,887.88,0.6692
16590,276.776,2118,1169.31,782.67,1197.96,849.58,0.57
16590,276.776,2128,1481.57,761.29,1544.17,892.37,0.3698
16590,276.776,2131,343.34,764.03,400.54,905.19,0.5509
16596,276.877,2062,327.6,726.72,508.48,1026.96,0.8829
16596,276.877,2080,668.5,731.33,832.2,996.58,0.8498
16596,276.877,2116,1029.68,779.82,1094.58,889.34,0.4639
16596,276.877,2118,1129.29,781.61,1161.42,845.05,0.5022
16596,276.877,2128,1443.83,758.39,1523.74,892.16,0.4782
16596,276.877,2131,298.47,760.26,370.59,911.83,0.6517
16602,276.977,2062,371.34,729.29,519.36,1035.59,0.7974
16602,276.977,2080,732.46,738.35,841.44,1003.75,0.7368
16602,276.977,2116,999.43,785.28,1064.62,894.47,0.7197
16602,276.977,2118,1098.29,781.08,1132.04,843.85,0.6039
16602,276.977,2128,1425.7,760.43,1502.6,892.45,0.7596
16602,276.977,2131,263.5,754.69,337.35,914.98,0.7205
16608,277.077,2062,399.42,722.91,554.45,1031.22,0.856
16608,277.077,2080,761.56,735.32,862.74,1000.1,0.8104
16608,277.077,2116,989.19,780.85,1044.62,893.44,0.5654
16608,277.077,2128,1409.55,758.56,1472.43,891.22,0.6952
16608,277.077,2131,235.58,758.26,309.24,916.71,0.7141
16614,277.177,2062,410.76,720.59,595.69,1026.91,0.8933
16614,277.177,2080,765.23,739.52,896.23,1002.35,0.8125
16614,277.177,2128,1398.64,755.59,1460.38,892.18,0.7557
16614,277.177,2131,205.35,759.24,291.12,918.58,0.621
16620,277.277,2062,451.74,728.53,616.11,1029.95,0.8542
16620,277.277,2080,778.83,745.26,942.72,1000.52,0.7929
16620,277.277,2116,982.21,780.75,1030.95,891.95,0.4621
16620,277.277,2118,1029.87,778.97,1078.46,881.25,0.632
16620,277.277,2128,1388.9,756.68,1462.37,892.82,0.7383
16620,277.277,2131,186.34,758.58,275.6,921.05,0.6816
16626,277.377,2062,525.12,730.42,647.12,1029.78,0.8136
16626,277.377,2080,833.94,742.38,990.9,997.41,0.7351
16626,277.377,2116,986.24,773.48,1025.88,890.06,0.5638
16626,277.377,2118,1030.89,779.6,1075.13,884.24,0.6036
16626,277.377,2128,1386.33,764.02,1470.97,894.05,0.6813
16626,277.377,2131,184.1,757.92,258.68,921.2,0.6382
16632,277.477,2062,553.05,727.23,705.75,1024.1,0.8763
16632,277.477,2080,887.37,733.56,1019.62,991.35,0.7858
16632,277.477,2118,1035.9,780.18,1085.87,886.11,0.6254
16632,277.477,2128,1385.33,770.25,1472.77,895.38,0.7104
16632,277.477,2131,180.77,753.32,247.78,922.59,0.7344
16638,277.577,2062,594.85,728.41,736.75,1020.67,0.8606
16638,277.577,2080,926.32,740.09,1041.99,990.39,0.8347
16638,277.577,2118,1047.35,781.79,1094.88,886.31,0.5319
16638,277.577,2128,1395.25,769.55,1473.16,892.39,0.5806
16638,277.577,2131,176.82,752.39,246.74,922.91,0.7504
16644,277.677,2062,659.39,729.57,780.5,1016.62,0.8576
16644,277.677,2080,962.62,751.92,1103.1,992.36,0.8433
16644,277.677,2118,1060.01,783.7,1107.19,883.74,0.6196
16644,277.677,2128,1412.69,765.73,1470.52,890.34,0.686
16644,277.677,2131,176.53,751.32,251.86,923.99,0.7464
16650,277.778,2062,696.34,727.93,809.52,1017.33,0.8071
16650,277.778,2080,991.9,757.71,1143.28,993.91,0.8518
16650,277.778,2128,1424.42,761.51,1479.49,892.7,0.7396
16650,277.778,2131,183.93,752.51,255.86,924.49,0.7205
16656,277.878,2062,712.17,729.25,845.85,1013.09,0.8253
16656,277.878,2080,1030.38,744.38,1161.85,995.22,0.8154
16656,277.878,2128,1434.74,761.63,1499.74,893.51,0.7308
16656,277.878,2131,187.04,752.78,260.25,924.72,0.7558
16662,277.978,2062,727.8,738.4,870.15,1005.54,0.8651
16662,277.978,2080,1057.39,732.79,1179.91,996.38,0.7886
16662,277.978,2128,1447.95,763.9,1512.17,893.12,0.7229
16662,277.978,2131,196.09,755.7,267.37,924.7,0.6587
16674,278.178,2174,1146.08,675.0,1333.28,1079.89,0.8964
16674,278.178,2175,809.56,460.06,933.42,681.93,0.7908
16674,278.178,2177,1186.2,404.46,1319.64,637.13,0.8049
16674,278.178,2178,1392.95,401.58,1484.84,613.14,0.8021
16680,278.278,2174,1181.47,677.85,1388.79,1070.9,0.8961
16680,278.278,2175,806.45,461.03,969.37,680.48,0.8243
16680,278.278,2177,1227.3,414.35,1353.01,644.57,0.8579
16680,278.278,2178,1427.62,418.95,1516.98,617.74,0.8047
16686,278.378,2174,1228.3,662.93,1388.97,1062.3,0.9121
16686,278.378,2175,827.42,451.35,990.52,681.11,0.8473
16686,278.378,2177,1256.6,419.77,1373.48,651.24,0.8651
16686,278.378,2178,1456.77,429.82,1535.9,617.92,0.7909
16692,278.478,2174,1243.16,641.28,1391.84,1050.64,0.8942
16692,278.478,2175,859.58,431.09,990.1,672.63,0.8541
16692,278.478,2177,1265.27,418.97,1386.52,651.0,0.8187
16692,278.478,2178,1470.86,431.81,1553.1,616.17,0.7326
16698,278.578,2174,1227.74,628.8,1394.6,1043.67,0.9049
16698,278.578,2175,877.19,421.26,991.44,661.01,0.8106
16698,278.578,2177,1255.28,428.55,1397.14,648.93,0.8352
16698,278.578,2178,1471.2,422.35,1562.32,616.08,0.7911
16704,278.678,2174,1220.45,645.28,1407.12,1048.58,0.8972
16704,278.678,2175,876.64,410.88,1000.48,654.78,0.8208
16704,278.678,2177,1240.36,430.61,1405.0,646.93,0.8482
16704,278.678,2178,1473.23,412.9,1573.61,608.77,0.7831
16710,278.779,2174,1218.81,656.18,1419.98,1050.23,0.9002
16710,278.779,2175,878.7,401.94,989.62,638.25,0.7684
16710,278.779,2177,1222.3,431.04,1394.3,643.04,0.8062
16710,278.779,2178,1466.38,412.94,1587.19,598.93,0.816
16710,278.779,2183,3.29,483.84,70.36,780.2,0.7948
16716,278.879,2174,1198.84,655.6,1411.11,1031.83,0.9019
16716,278.879,2175,879.4,391.79,983.58,627.57,0.8243
16716,278.879,2177,1197.15,426.64,1365.7,639.84,0.8297
16716,278.879,2178,1458.79,410.95,1585.47,590.74,0.7929
16716,278.879,2183,4.6,481.25,80.68,779.65,0.8223
16722,278.979,2174,1180.37,643.0,1369.58,1011.94,0.8784
16722,278.979,2175,884.9,377.74,980.69,616.89,0.7748
16722,278.979,2177,1183.51,420.65,1351.93,637.19,0.851
16722,278.979,2178,1448.36,406.73,1565.79,581.46,0.8637
16722,278.979,2183,5.03,473.02,82.07,767.91,0.8292
16728,279.079,2174,1165.28,615.89,1341.73,998.81,0.9011
16728,279.079,2175,900.48,368.36,983.85,597.81,0.7781
16728,279.079,2177,1172.68,422.56,1321.31,630.82,0.7169
16728,279.079,2178,1434.41,403.91,1565.17,576.87,0.854
16728,279.079,2183,6.47,456.61,87.79,744.3,0.8086
16734,279.179,2174,1149.45,598.6,1326.19,980.51,0.8166
16734,279.179,2175,911.34,353.5,995.28,583.33,0.8064
16734,279.179,2177,1151.12,433.19,1277.56,628.78,0.7278
16734,279.179,2178,1432.98,394.64,1563.42,568.63,0.8421
16734,279.179,2183,7.97,435.88,107.1,730.87,0.8103
16740,279.279,2174,1139.55,595.64,1296.0,962.14,0.8639
16740,279.279,2175,923.04,346.57,1031.11,570.85,0.7713
16740,279.279,2178,1426.66,390.69,1538.69,559.76,0.7036
16740,279.279,2183,21.32,424.11,124.64,716.15,0.8561
16740,279.279,2186,28.05,321.05,85.86,457.85,0.6215
16746,279.379,2174,1126.62,579.18,1270.84,933.78,0.7697
16746,279.379,2175,942.78,345.99,1058.34,563.89,0.829
16746,279.379,2177,1132.71,448.05,1257.83,596.83,0.6007
16746,279.379,2178,1418.81,383.36,1541.38,552.78,0.8412
16746,279.379,2183,42.96,423.07,152.16,692.49,0.8288
16746,279.379,2186,62.98,320.32,119.83,455.37,0.609
16752,279.479,2175,971.72,352.3,1072.97,553.13,0.8128
16752,279.479,2177,1138.56,411.85,1264.66,593.4,0.3906
16752,279.479,2178,1412.48,375.51,1527.89,538.87,0.7184
16752,279.479,2183,65.48,402.21,174.61,678.83,0.8218
16752,279.479,2186,102.81,318.09,159.61,443.31,0.4125
16752,279.479,2190,1091.03,758.63,1394.55,1079.95,0.8616
16758,279.579,2174,1075.69,567.43,1259.66,883.99,0.7245
16758,279.579,2175,986.91,353.12,1084.9,546.42,0.7367
16758,279.579,2177,1146.17,401.2,1288.22,621.06,0.7089
16758,279.579,2178,1403.23,374.37,1510.02,536.28,0.7817
16758,279.579,2183,91.3,386.0,197.4,667.8,0.8302
16758,279.579,2186,141.94,315.92,192.77,463.79,0.3251
16758,279.579,2190,1063.2,758.69,1305.92,1077.14,0.7708
16764,279.679,2174,1042.78,565.58,1222.03,892.9,0.8498
16764,279.679,2175,984.35,349.37,1105.76,538.81,0.8011
16764,279.679,2177,1162.6,422.54,1313.63,630.62,0.5656
16764,279.679,2178,1395.46,358.97,1505.1,522.2,0.7398
16764,279.679,2183,119.77,380.59,223.1,649.49,0.7933
16764,279.679,2186,173.37,318.15,231.39,483.69,0.5219
16764,279.679,2190,936.74,752.23,1180.43,1078.95,0.8797
16770,279.779,2174,1035.18,553.59,1210.07,893.03,0.8813
16770,279.779,2175,1000.79,345.97,1114.68,532.56,0.7512
16770,279.779,2177,1177.15,460.18,1345.92,646.89,0.4778
16770,279.779,2178,1398.27,355.02,1481.92,516.36,0.7085
16770,279.779,2183,145.42,376.51,250.44,635.62,0.7935
16770,279.779,2186,207.5,328.5,275.44,502.08,0.7098
16770,279.779,2190,843.35,736.41,1110.19,1077.45,0.8789
16776,279.88,2174,1035.14,541.67,1210.78,880.08,0.871
16776,279.88,2175,1027.37,340.37,1125.33,519.17,0.7947
16776,279.88,2178,1402.47,349.53,1486.44,514.27,0.7944
16776,279.88,2183,187.29,364.84,287.94,623.92,0.7564
16776,279.88,2186,257.27,335.95,328.95,507.99,0.7141
16776,279.88,2190,707.22,733.9,971.25,1078.99,0.8857
16782,279.98,2174,1012.73,544.5,1183.22,867.3,0.8712
16782,279.98,2175,1060.26,329.5,1144.69,513.87,0.7395
16782,279.98,2178,1413.09,348.29,1506.29,504.54,0.6842
16782,279.98,2183,233.81,356.08,328.35,610.99,0.7729
16782,279.98,2186,314.28,336.78,386.87,508.88,0.5754
16782,279.98,2190,612.65,715.94,926.7,1079.1,0.9042
16788,280.08,2174,975.77,539.74,1198.94,856.97,0.9127
16788,280.08,2175,1072.28,328.73,1146.44,518.68,0.7825
16788,280.08,2178,1428.68,348.04,1498.35,499.24,0.6425
16788,280.08,2183,271.14,354.08,362.56,591.03,0.7732
16788,280.08,2186,361.55,333.27,434.85,505.24,0.7585
16788,280.08,2190,556.46,704.1,799.4,1077.01,0.8395
16794,280.18,2174,952.41,530.66,1190.51,835.51,0.9014
16794,280.18,2175,1082.62,323.26,1172.85,514.65,0.7421
16794,280.18,2177,1287.55,464.82,1440.54,669.78,0.8525
16794,280.18,2178,1427.4,346.54,1507.43,493.16,0.7701
16794,280.18,2183,302.23,353.37,406.15,578.83,0.8331
16794,280.18,2186,408.63,327.18,482.31,500.01,0.7383
16794,280.18,2190,480.19,686.49,729.2,1077.34,0.9043
16800,280.28,2174,942.99,524.65,1168.18,834.72,0.9201
16800,280.28,2175,1113.81,316.91,1197.59,510.84,0.7561
16800,280.28,2177,1324.99,466.54,1474.15,676.37,0.8312
16800,280.28,2178,1446.86,349.75,1529.74,470.07,0.6809
16800,280.28,2183,341.51,343.93,460.62,567.0,0.8316
16800,280.28,2186,468.04,322.39,539.05,496.04,0.7205
16800,280.28,2190,366.05,670.23,642.19,1074.3,0.9096
16806,280.38,2174,949.07,511.57,1164.74,810.42,0.8754
16806,280.38,2175,1140.03,310.04,1232.0,512.26,0.8071
16806,280.38,2177,1354.57,459.88,1499.54,684.69,0.83
16806,280.38,2178,1472.84,350.71,1535.83,457.81,0.5666
16806,280.38,2183,380.09,334.25,503.97,556.01,0.8563
16806,280.38,2186,529.26,320.65,598.08,491.56,0.7214
16806,280.38,2190,285.31,654.24,554.01,1067.1,0.9077
16812,280.48,2174,952.33,526.83,1106.08,803.53,0.755
16812,280.48,2175,1166.69,314.93,1243.76,509.37,0.7081
16812,280.48,2177,1379.1,451.42,1534.63,689.18,0.855
16812,280.48,2178,1490.13,351.11,1568.69,468.88,0.5533
16812,280.48,2183,416.97,324.65,515.47,548.81,0.7915
16812,280.48,2186,582.83,316.76,655.61,485.59,0.7963
16812,280.48,2190,226.61,633.2,489.61,1025.45,0.9156
16818,280.58,2174,926.46,499.1,1107.32,793.05,0.9073
16818,280.58,2175,1158.23,327.78,1256.99,506.04,0.8077
16818,280.58,2177,1407.91,447.79,1546.7,690.21,0.7645
16818,280.58,2178,1506.97,351.15,1584.79,461.78,0.3928
16818,280.58,2183,449.92,310.82,541.7,539.08,0.7793
16818,280.58,2186,634.03,309.5,709.02,480.07,0.8263
16818,280.58,2190,177.78,615.97,370.99,1009.28,0.8852
16824,280.68,2174,895.25,483.37,1093.43,770.06,0.8848
16824,280.68,2175,1174.07,330.98,1295.29,501.16,0.845
16824,280.68,2177,1429.13,441.15,1538.95,693.42,0.8261
16824,280.68,2178,1539.27,352.43,1602.04,462.56,0.6621
16824,280.68,2183,486.88,306.36,583.61,532.69,0.792
16824,280.68,2186,686.04,303.35,767.59,477.13,0.8088
16824,280.68,2190,115.86,587.88,353.14,972.37,0.8812
16830,280.781,2174,889.18,465.86,1065.6,758.69,0.8716
16830,280.781,2175,1222.85,329.85,1342.96,505.8,0.8196
16830,280.781,2177,1456.05,429.99,1584.84,696.79,0.8518
16830,280.781,2178,1580.47,351.19,1649.07,463.8,0.6986
16830,280.781,2183,527.23,307.31,632.31,531.28,0.8079
16830,280.781,2186,748.33,302.93,836.5,475.71,0.8055
16830,280.781,2190,54.91,564.55,300.0,932.16,0.907
16836,280.881,2174,911.55,447.64,1084.57,737.13,0.9004
16836,280.881,2175,1299.45,327.41,1397.58,514.32,0.7903
16836,280.881,2177,1497.77,428.7,1643.21,696.87,0.8639
16836,280.881,2178,1637.9,350.4,1711.15,443.5,0.5402
16836,280.881,2183,595.64,312.05,699.19,526.87,0.811
16836,280.881,2186,829.12,307.63,918.38,478.35,0.7671
16836,280.881,2190,48.2,537.29,274.0,903.66,0.904
16842,280.981,2174,957.1,436.89,1103.23,718.58,0.8549
16842,280.981,2175,1393.82,341.84,1488.12,521.0,0.7784
16842,280.981,2177,1580.85,434.03,1697.62,702.27,0.8222
16842,280.981,2178,1719.8,351.59,1784.35,458.21,0.6475
16842,280.981,2183,693.9,307.84,786.8,514.55,0.7159
16842,280.981,2186,939.2,308.72,1025.28,472.77,0.7763
16842,280.981,2190,60.11,506.78,290.62,844.27,0.8993
16842,280.981,2217,102.48,216.06,178.3,346.85,0.6248
16848,281.081,2174,1020.81,421.59,1139.92,704.77,0.832
16848,281.081,2175,1503.21,349.0,1603.82,531.23,0.7974
16848,281.081,2177,1672.84,433.83,1780.55,707.97,0.8429
16848,281.081,2178,1826.08,353.74,1892.42,463.09,0.6422
16848,281.081,2183,811.93,307.01,892.78,508.44,0.7603
16848,281.081,2186,1069.4,313.48,1160.42,468.83,0.7696
16848,281.081,2190,125.44,475.06,317.43,807.14,0.9044
16848,281.081,2217,237.79,200.09,318.96,339.94,0.7147
16854,281.181,2174,1077.01,405.44,1246.62,680.75,0.8816
16854,281.181,2175,1648.76,354.17,1734.03,542.53,0.7415
16854,281.181,2177,1773.04,437.67,1909.07,715.24,0.8311
16854,281.181,2183,925.59,309.0,1027.31,499.84,0.8369
16854,281.181,2186,1201.82,312.84,1315.63,468.7,0.8173
16854,281.181,2190,201.09,438.6,412.01,749.9,0.909
16854,281.181,2217,389.48,186.14,459.51,326.56,0.702
16860,281.281,2174,1166.74,395.82,1342.65,667.6,0.8546
16860,281.281,2175,1805.38,356.92,1887.61,560.49,0.7626
16860,281.281,2183,1055.08,302.22,1173.72,493.05,0.81
16860,281.281,2186,1350.21,333.01,1482.9,473.6,0.8229
16860,281.281,2190,268.48,411.18,473.71,710.01,0.892
16860,281.281,2217,545.92,175.03,605.28,318.48,0.668
16866,281.381,2174,1253.2,384.46,1396.86,661.59,0.8262
16866,281.381,2183,1186.02,296.19,1297.08,490.55,0.7055
16866,281.381,2186,1496.35,346.73,1632.79,475.24,0.8662
16866,281.381,2190,350.23,387.17,575.6,672.17,0.8825
16866,281.381,2217,684.43,170.4,753.21,309.36,0.6708
16872,281.481,2174,1319.7,368.53,1455.54,642.27,0.8216
16872,281.481,2183,1274.9,289.74,1372.51,482.08,0.6252
16872,281.481,2186,1601.97,351.26,1733.27,479.44,0.865
16872,281.481,2190,413.67,367.03,600.25,623.8,0.8862
16872,281.481,2217,786.63,166.94,869.64,305.18,0.7504
16878,281.581,2174,1341.25,362.77,1476.78,619.93,0.8428
16878,281.581,2183,1316.81,279.8,1405.35,489.34,0.7355
16878,281.581,2186,1662.94,352.62,1773.78,482.28,0.7655
16878,281.581,2190,454.34,343.02,637.37,598.09,0.8985
16878,281.581,2217,853.74,164.03,946.86,305.26,0.811
16884,281.681,2174,1342.03,358.68,1448.42,610.1,0.8076
16884,281.681,2183,1318.47,277.7,1407.64,490.12,0.6587
16884,281.681,2186,1699.92,352.25,1795.95,483.79,0.7393
16884,281.681,2190,440.82,325.58,599.61,565.0,0.6471
16884,281.681,2217,895.59,164.25,986.04,305.46,0.849
16890,281.781,2174,1313.14,294.55,1437.09,604.1,0.797
16890,281.781,2186,1698.62,350.96,1812.46,481.68,0.8641
16890,281.781,2190,384.07,312.2,572.46,550.8,0.875
16890,281.781,2217,923.16,158.68,995.32,305.68,0.7955
16896,281.882,2174,1262.27,312.14,1421.17,575.74,0.8024
16896,281.882,2183,1336.63,264.27,1412.04,469.48,0.4188
16896,281.882,2186,1701.35,351.41,1814.75,478.4,0.8059
16896,281.882,2190,312.16,297.91,525.59,531.63,0.8757
16896,281.882,2217,937.02,156.05,1006.72,306.72,0.7667
16902,281.982,2174,1222.28,323.71,1367.03,562.04,0.7495
16902,281.982,2183,1316.21,259.64,1399.07,477.24,0.7133
16902,281.982,2186,1704.08,348.4,1792.52,471.2,0.7563
16902,281.982,2190,281.96,283.78,466.45,514.35,0.8595
16902,281.982,2217,941.22,153.73,1025.11,306.39,0.7982
16908,282.082,2174,1189.54,311.68,1311.79,556.03,0.8403
16908,282.082,2183,1289.99,259.82,1386.84,474.87,0.827
16908,282.082,2186,1699.09,350.48,1769.7,466.31,0.7084
16908,282.082,2190,220.95,268.34,365.02,501.62,0.8274
16908,282.082,2217,940.39,152.43,1037.93,306.39,0.7703
16914,282.182,2174,1138.14,297.92,1278.38,538.11,0.8093
16914,282.182,2183,1274.47,260.53,1358.93,473.4,0.7813
16914,282.182,2186,1679.6,350.11,1755.07,463.94,0.7767
16914,282.182,2190,164.33,254.15,306.69,487.23,0.8284
16914,282.182,2217,941.19,151.43,1040.7,307.6,0.7627
16920,282.282,2174,1108.14,294.3,1232.19,525.92,0.7774
16920,282.282,2183,1263.5,255.23,1339.4,471.36,0.8039
16920,282.282,2186,1670.79,350.97,1753.87,456.55,0.7893
16920,282.282,2190,132.08,249.08,259.9,475.19,0.8454
16920,282.282,2217,949.02,149.21,1042.63,307.75,0.7716
16926,282.382,2174,1078.33,288.76,1169.25,515.54,0.8092
16926,282.382,2183,1243.12,251.62,1332.22,467.3,0.8085
16926,282.382,2186,1678.21,350.62,1745.45,449.54,0.7306
16926,282.382,2190,109.06,241.72,226.37,464.58,0.8481
16926,282.382,2217,958.4,145.89,1045.8,308.62,0.7833
16932,282.482,2174,1021.1,277.42,1142.41,513.09,0.848
16932,282.482,2183,1220.27,252.0,1322.88,465.19,0.8568
16932,282.482,2186,1665.92,351.05,1729.64,444.73,0.679
16932,282.482,2190,74.59,237.73,184.42,454.91,0.8561
16932,282.482,2217,958.81,144.87,1037.48,309.07,0.8042
16938,282.582,2174,962.37,275.88,1105.74,500.41,0.8561
16938,282.582,2183,1208.03,249.5,1300.8,467.05,0.8151
16938,282.582,2186,1639.67,350.16,1715.17,439.4,0.7466
16938,282.582,2190,24.27,232.44,141.08,442.74,0.8203
16938,282.582,2217,954.9,145.1,1021.47,309.55,0.7896
16938,282.582,2226,585.28,951.99,723.42,1077.18,0.7585
16944,282.682,2174,923.56,269.61,1043.98,493.89,0.6338
16944,282.682,2183,1195.34,246.0,1273.37,467.78,0.8076
16944,282.682,2186,1625.51,350.28,1702.97,438.27,0.7004
16944,282.682,2190,0.33,221.82,109.67,436.25,0.8364
16944,282.682,2217,950.71,144.17,1013.99,297.69,0.5401
16944,282.682,2226,549.57,930.79,704.28,1078.19,0.826
16950,282.783,2174,883.82,256.1,985.37,485.29,0.7615
16950,282.783,2183,1170.98,243.03,1249.03,463.19,0.8339
16950,282.783,2186,1619.32,349.81,1694.13,434.69,0.7822
16950,282.783,2190,0.0,214.83,78.34,424.31,0.8954
16950,282.783,2217,946.43,142.86,1000.2,288.66,0.6989
16950,282.783,2226,515.8,912.24,674.41,1079.4,0.8381
16956,282.883,2174,817.8,246.31,948.71,474.89,0.8696
16956,282.883,2183,1143.46,243.77,1239.49,458.18,0.8237
16956,282.883,2186,1616.2,349.49,1677.64,429.34,0.6281
16956,282.883,2217,939.96,144.13,991.61,299.82,0.7491
16956,282.883,2226,481.8,902.28,645.32,1079.73,0.8614
16962,282.983,2174,769.1,245.32,899.29,472.49,0.7532
16962,282.983,2183,1132.34,240.66,1224.85,453.97,0.7106
16962,282.983,2217,930.17,142.83,987.65,303.31,0.7063
16962,282.983,2226,444.84,891.09,622.36,1080.0,0.8465
16968,283.083,2174,737.75,242.65,829.4,461.99,0.825
16968,283.083,2183,1124.65,234.25,1201.2,454.27,0.6988
16968,283.083,2186,1593.7,348.37,1649.08,419.8,0.6267
16968,283.083,2217,925.78,141.57,980.56,304.99,0.7422
16968,283.083,2226,415.05,874.02,598.23,1080.0,0.8672
16974,283.183,2174,684.16,232.33,800.56,457.16,0.8794
16974,283.183,2183,1110.84,231.41,1188.15,452.15,0.7602
16974,283.183,2186,1584.55,348.37,1643.78,417.25,0.6613
16974,283.183,2217,921.37,139.4,973.94,307.43,0.7895
16974,283.183,2226,392.71,853.11,572.79,1080.0,0.8831
16980,283.283,2174,632.71,227.14,768.33,453.03,0.8522
16980,283.283,2183,1082.61,234.32,1165.82,448.53,0.7413
16980,283.283,2186,1574.53,349.52,1632.37,413.94,0.6881
16980,283.283,2217,911.84,138.43,965.45,308.55,0.7404
16980,283.283,2226,370.86,836.34,548.17,1079.94,0.8862
16986,283.383,2174,594.83,228.04,699.22,448.75,0.5341
16986,283.383,2183,1051.3,237.95,1147.82,446.77,0.8169
16986,283.383,2186,1562.97,349.53,1608.31,406.12,0.6353
16986,283.383,2217,896.13,139.77,950.69,308.19,0.744
16986,283.383,2226,340.17,823.94,513.74,1080.0,0.9
16992,283.483,2174,541.34,223.42,634.48,437.71,0.7546
16992,283.483,2183,1018.78,238.29,1113.81,447.36,0.7862
16992,283.483,2186,1536.36,352.15,1582.71,400.81,0.6087
16992,283.483,2217,874.64,140.29,927.65,308.97,0.7027
16992,283.483,2226,301.27,817.29,470.5,1078.35,0.9039
16998,283.583,2174,461.98,216.49,580.62,427.59,0.83
16998,283.583,2183,986.62,234.85,1075.47,445.82,0.7849
16998,283.583,2186,1499.46,351.23,1553.73,397.07,0.5693
16998,283.583,2217,845.36,139.81,900.25,307.74,0.6842
16998,283.583,2226,256.02,806.8,422.47,1077.99,0.8978
17004,283.683,2174,395.32,216.41,507.01,429.25,0.7501
17004,283.683,2183,950.85,232.38,1043.07,447.84,0.8313
17004,283.683,2217,823.67,139.69,873.11,306.13,0.6925
17004,283.683,2226,209.05,793.4,382.57,1078.32,0.8975
17010,283.784,2174,340.01,218.37,425.25,428.82,0.7487
17010,283.784,2183,905.59,233.76,1021.21,446.97,0.807
17010,283.784,2217,799.99,139.73,853.21,306.59,0.7277
17010,283.784,2226,170.1,780.04,354.73,1079.3,0.9118
17016,283.884,2174,286.24,210.81,390.4,426.95,0.8346
17016,283.884,2183,875.78,233.91,988.45,445.94,0.7796
17016,283.884,2217,784.74,140.18,837.27,307.22,0.7546
17016,283.884,2226,143.43,769.62,339.67,1079.45,0.9044
17022,283.984,2174,230.47,208.57,358.41,424.78,0.8743
17022,283.984,2183,857.78,233.99,970.09,446.95,0.8543
17022,283.984,2217,773.28,139.89,829.53,307.52,0.7123
17022,283.984,2226,126.47,762.45,330.48,1079.04,0.8993
17028,284.084,2174,177.74,210.61,303.1,425.13,0.7267
17028,284.084,2183,833.03,230.97,942.77,445.49,0.8312
17028,284.084,2217,762.33,140.16,820.93,308.23,0.723
17028,284.084,2226,113.35,752.91,313.1,1078.9,0.9036
17034,284.184,2174,139.94,206.9,241.37,417.89,0.777
17034,284.184,2183,809.76,228.85,917.93,448.22,0.838
17034,284.184,2217,757.17,139.22,812.57,308.12,0.7314
17034,284.184,2226,102.73,741.93,291.1,1078.55,0.9099
17046,284.384,2235,596.88,746.66,674.54,973.14,0.8047
17046,284.384,2236,390.42,750.02,456.63,951.23,0.7506
17046,284.384,2237,1387.23,752.0,1446.62,908.96,0.75
17046,284.384,2239,1602.64,768.27,1631.39,851.38,0.681
17046,284.384,2240,1513.75,763.66,1560.04,881.53,0.7164
17046,284.384,2245,1676.34,775.32,1707.76,854.15,0.4922
17052,284.484,2235,593.97,745.35,673.32,967.38,0.7163
17052,284.484,2236,392.98,749.46,459.16,945.05,0.7131
17052,284.484,2237,1385.21,748.86,1446.89,905.72,0.7498
17052,284.484,2239,1594.36,762.04,1625.89,850.53,0.5526
17052,284.484,2240,1511.27,759.05,1559.92,876.29,0.7011
17052,284.484,2245,1673.44,770.33,1707.07,849.53,0.4705
17058,284.584,2235,588.27,742.02,671.03,961.56,0.742
17058,284.584,2236,397.41,745.42,462.22,940.18,0.7055
17058,284.584,2237,1379.34,748.43,1440.57,902.11,0.7315
17058,284.584,2239,1587.55,761.0,1620.48,848.1,0.6739
17058,284.584,2240,1508.84,757.0,1555.01,870.76,0.7865
17058,284.584,2245,1669.55,765.47,1702.12,846.15,0.5155
17064,284.684,2235,587.19,742.05,666.68,958.67,0.7535
17064,284.684,2236,400.76,744.38,462.91,937.79,0.7428
17064,284.684,2237,1367.43,742.08,1431.27,899.51,0.6679
17064,284.684,2239,1577.84,764.27,1611.52,843.21,0.6396
17064,284.684,2240,1504.1,751.64,1547.79,868.52,0.8451
17064,284.684,2245,1665.13,763.57,1705.07,843.18,0.3999
17070,284.784,2235,589.35,740.5,666.02,956.06,0.7837
17070,284.784,2236,403.56,740.27,463.06,936.02,0.7118
17070,284.784,2237,1357.93,738.88,1429.92,897.89,0.7446
17070,284.784,2239,1568.92,761.55,1599.57,841.4,0.5521
17070,284.784,2240,1500.34,749.48,1543.4,867.27,0.84
17070,284.784,2245,1667.53,762.89,1706.49,841.87,0.4706
17070,284.784,2250,993.56,746.4,1027.45,849.48,0.6022
17070,284.784,2252,1032.28,751.55,1055.92,827.67,0.3711
17076,284.885,2235,587.65,736.7,664.93,951.6,0.7931
17076,284.885,2236,406.68,738.9,465.08,934.15,0.7213
17076,284.885,2237,1351.52,737.47,1430.02,897.76,0.7286
17076,284.885,2239,1564.22,754.92,1593.94,840.96,0.6936
17076,284.885,2240,1497.51,748.47,1540.31,865.53,0.8027
17076,284.885,2245,1670.38,760.34,1706.71,841.48,0.5309
17076,284.885,2250,984.66,744.98,1031.66,848.75,0.7063
17076,284.885,2252,1033.3,751.27,1057.24,826.02,0.5315
17076,284.885,2253,1657.61,760.72,1694.31,842.42,0.5353
17082,284.985,2235,586.18,734.38,663.05,946.4,0.8047
17082,284.985,2236,410.35,738.31,466.89,932.7,0.727
17082,284.985,2237,1350.31,736.77,1424.03,896.88,0.7263
17082,284.985,2239,1559.73,751.83,1590.63,838.14,0.6907
17082,284.985,2240,1496.18,746.63,1539.64,865.22,0.7549
17082,284.985,2245,1674.69,757.63,1708.56,841.83,0.5663
17082,284.985,2250,979.6,746.48,1023.9,845.81,0.6943
17082,284.985,2252,1035.78,751.35,1060.28,827.3,0.5782
17082,284.985,2253,1655.77,757.56,1688.45,842.49,0.6092
17088,285.085,2235,584.4,730.75,658.75,944.31,0.7949
17088,285.085,2236,412.42,738.01,469.21,931.97,0.7392
17088,285.085,2237,1349.57,735.7,1417.03,895.64,0.8252
17088,285.085,2239,1556.23,752.05,1586.77,835.42,0.6474
17088,285.085,2240,1494.36,745.13,1538.82,865.04,0.7592
17088,285.085,2245,1672.0,756.55,1707.97,841.77,0.6539
17088,285.085,2250,976.47,748.61,1016.26,844.45,0.6684
17088,285.085,2252,1037.92,749.92,1064.6,828.1,0.6337
17088,285.085,2253,1656.34,757.75,1694.43,842.33,0.6399
17094,285.185,2235,579.59,730.89,656.68,939.1,0.7725
17094,285.185,2236,412.55,736.97,472.14,930.74,0.7216
17094,285.185,2237,1345.19,732.37,1399.77,894.51,0.7605
17094,285.185,2239,1552.46,754.77,1577.55,833.1,0.582
17094,285.185,2240,1489.79,742.76,1534.55,863.75,0.823
17094,285.185,2245,1670.07,756.87,1701.34,841.64,0.6184
17094,285.185,2250,968.44,744.24,1002.32,842.72,0.6558
17094,285.185,2252,1039.1,747.59,1065.5,823.92,0.6347
17094,285.185,2253,1656.75,759.44,1693.4,842.46,0.6028
17100,285.285,2235,578.41,732.78,657.72,932.9,0.7202
17100,285.285,2236,413.12,735.58,474.2,929.22,0.7046
17100,285.285,2237,1341.52,728.78,1396.26,894.92,0.7514
17100,285.285,2239,1550.46,753.81,1574.5,828.26,0.5473
17100,285.285,2240,1482.07,740.22,1530.02,862.13,0.8161
17100,285.285,2245,1671.27,755.68,1696.69,838.18,0.3646
17100,285.285,2250,956.44,742.37,997.76,841.81,0.7618
17100,285.285,2252,1039.91,744.51,1065.68,821.07,0.5774
17100,285.285,2253,1652.43,759.54,1691.09,841.86,0.6243
17106,285.385,2235,578.24,731.14,651.96,931.79,0.7159
17106,285.385,2236,416.82,735.08,477.03,926.55,0.6534
17106,285.385,2237,1334.3,730.86,1395.42,894.03,0.7664
17106,285.385,2239,1548.52,754.28,1572.59,827.42,0.5432
17106,285.385,2240,1479.74,738.77,1529.85,861.52,0.7978
17106,285.385,2245,1674.68,755.57,1695.71,833.86,0.325
17106,285.385,2250,946.94,744.45,997.12,841.56,0.7418
17106,285.385,2252,1041.2,743.99,1067.26,819.53,0.4798
17106,285.385,2253,1650.35,758.97,1688.75,836.62,0.5907
17112,285.485,2235,576.59,728.51,653.15,928.68,0.7489
17112,285.485,2236,421.75,731.81,481.85,924.6,0.6902
17112,285.485,2237,1329.22,731.66,1393.1,893.52,0.7507
17112,285.485,2239,1543.18,752.57,1570.09,826.22,0.5605
17112,285.485,2240,1480.33,738.1,1529.68,861.18,0.8151
17112,285.485,2245,1674.6,751.27,1696.1,832.67,0.4706
17112,285.485,2250,943.44,745.34,986.39,837.6,0.5199
17112,285.485,2252,1043.59,744.38,1070.94,817.94,0.4826
17112,285.485,2253,1649.97,756.38,1681.82,834.74,0.549
17112,285.485,2259,652.3,740.21,689.89,843.71,0.6066
17118,285.585,2235,573.66,724.98,653.01,926.46,0.7077
17118,285.585,2236,425.54,729.57,486.53,920.24,0.695
17118,285.585,2237,1326.13,727.23,1388.59,892.18,0.7317
17118,285.585,2239,1542.1,749.51,1569.03,827.15,0.5165
17118,285.585,2240,1480.36,736.22,1529.68,860.98,0.7914
17118,285.585,2245,1674.19,750.33,1697.11,827.23,0.513
17118,285.585,2250,941.58,739.51,975.43,836.8,0.6542
17118,285.585,2252,1046.19,744.53,1074.33,818.22,0.5479
17118,285.585,2253,1649.74,753.99,1679.91,830.52,0.5035
17118,285.585,2259,654.12,736.81,698.28,848.89,0.6627
17118,285.585,2261,1715.96,655.26,1920.0,1078.49,0.9091
17124,285.685,2235,582.96,725.35,654.9,922.7,0.7569
17124,285.685,2236,432.2,728.67,492.1,920.64,0.7417
17124,285.685,2237,1328.54,723.94,1385.51,891.68,0.7609
17124,285.685,2239,1547.39,744.2,1571.87,824.58,0.4833
17124,285.685,2240,1482.1,734.29,1531.44,859.39,0.7994
17124,285.685,2245,1674.09,748.26,1698.57,826.09,0.5067
17124,285.685,2250,938.1,736.36,968.22,836.01,0.7108
17124,285.685,2252,1049.34,737.66,1077.52,815.38,0.6082
17124,285.685,2253,1651.01,750.39,1683.17,829.9,0.4517
17124,285.685,2259,667.73,736.74,707.39,846.39,0.6114
17124,285.685,2261,1682.31,659.01,1920.0,1074.91,0.9294
17130,285.786,2235,590.04,729.2,656.54,917.44,0.7111
17130,285.786,2236,438.32,730.76,499.4,917.87,0.644
17130,285.786,2237,1332.95,724.68,1384.46,892.09,0.7288
17130,285.786,2239,1550.48,742.68,1574.99,825.35,0.4656
17130,285.786,2240,1486.87,732.81,1534.91,858.11,0.7757
17130,285.786,2245,1679.51,746.78,1702.51,824.42,0.3926
17130,285.786,2250,930.02,737.48,965.26,835.02,0.7058
17130,285.786,2252,1055.83,737.31,1080.89,814.61,0.6426
17130,285.786,2253,1652.79,746.01,1686.26,830.41,0.5335
17130,285.786,2259,679.96,738.9,719.57,849.74,0.7483
17130,285.786,2261,1666.88,655.71,1884.36,1074.89,0.8795
17136,285.886,2235,595.91,726.15,660.33,917.12,0.719
17136,285.886,2236,445.95,726.51,509.21,915.53,0.6222
17136,285.886,2237,1335.69,722.27,1384.85,892.78,0.6597
17136,285.886,2239,1556.53,741.03,1579.94,822.02,0.5813
17136,285.886,2240,1491.57,730.42,1537.53,859.07,0.7971
17136,285.886,2250,925.39,738.07,967.32,834.69,0.6191
17136,285.886,2252,1061.08,739.34,1086.71,813.76,0.6793
17136,285.886,2259,692.32,741.24,732.34,850.9,0.735
17136,285.886,2261,1659.11,649.03,1841.35,1076.12,0.8894
17142,285.986,2235,595.91,724.86,658.41,915.08,0.7667
17142,285.986,2236,452.33,726.75,515.04,914.54,0.651
17142,285.986,2237,1335.49,716.78,1387.52,894.09,0.6652
17142,285.986,2239,1561.59,741.29,1583.99,817.6,0.6581
17142,285.986,2240,1492.88,730.5,1537.93,859.21,0.7806
17142,285.986,2250,921.43,737.43,959.47,834.09,0.6801
17142,285.986,2252,1062.53,732.99,1088.24,811.41,0.6226
17142,285.986,2259,699.7,735.42,740.22,852.08,0.6029
17142,285.986,2261,1633.93,652.38,1818.76,1077.57,0.8599
17148,286.086,2235,594.04,722.6,657.01,910.34,0.7711
17148,286.086,2236,456.49,733.78,519.1,913.79,0.6731
17148,286.086,2237,1332.9,713.96,1390.37,894.59,0.7259
17148,286.086,2239,1564.6,739.85,1588.35,814.73,0.5569
17148,286.086,2240,1493.65,729.93,1538.86,859.19,0.7955
17148,286.086,2250,916.32,733.61,949.13,831.84,0.6908
17148,286.086,2252,1063.25,731.26,1089.01,810.45,0.6149
17148,286.086,2259,707.16,734.6,749.49,852.46,0.7648
17148,286.086,2261,1596.88,658.35,1798.93,1077.62,0.8637
17154,286.186,2235,590.53,722.64,655.07,907.72,0.8083
17154,286.186,2236,456.33,735.17,522.33,913.57,0.6773
17154,286.186,2237,1337.31,713.32,1395.83,892.67,0.7228
17154,286.186,2240,1493.02,726.81,1540.09,859.13,0.773
17154,286.186,2250,909.08,734.75,943.34,830.1,0.6946
17154,286.186,2252,1063.94,727.36,1088.56,808.63,0.5664
17154,286.186,2259,718.14,728.97,759.57,853.39,0.7061
17154,286.186,2261,1562.17,660.64,1768.64,1077.59,0.8721
17160,286.286,2235,587.54,720.99,654.88,906.96,0.8129
17160,286.286,2236,462.72,725.01,525.12,910.86,0.6382
17160,286.286,2237,1348.08,709.65,1406.82,891.41,0.7692
17160,286.286,2240,1492.76,724.21,1538.67,855.29,0.7023
17160,286.286,2250,897.67,734.43,940.9,827.94,0.6546
17160,286.286,2252,1064.13,726.78,1089.39,807.76,0.5799
17160,286.286,2253,1658.3,743.4,1689.08,829.11,0.6386
17160,286.286,2259,725.65,725.36,767.57,851.15,0.6789
17160,286.286,2261,1529.99,658.47,1729.69,1077.72,0.8761
17166,286.386,2235,586.5,718.76,656.01,903.91,0.8145
17166,286.386,2236,466.44,719.82,528.4,909.16,0.673
17166,286.386,2237,1356.06,708.84,1422.69,888.57,0.6007
17166,286.386,2250,894.44,732.96,932.66,825.17,0.5791
17166,286.386,2252,1064.12,726.49,1090.69,804.82,0.5828
17166,286.386,2253,1658.04,742.3,1688.73,828.76,0.6525
17166,286.386,2259,735.39,721.67,775.0,850.27,0.6998
17166,286.386,2261,1487.98,655.65,1645.31,1077.4,0.8687
17172,286.486,2235,588.36,717.02,655.62,900.26,0.8084
17172,286.486,2236,470.08,715.93,534.34,907.29,0.6479
17172,286.486,2237,1364.19,706.3,1429.12,877.53,0.6039
17172,286.486,2250,890.81,727.86,924.58,823.27,0.7086
17172,286.486,2252,1064.4,727.15,1093.51,803.65,0.5694
17172,286.486,2253,1658.31,741.49,1688.56,825.2,0.6641
17172,286.486,2259,742.71,724.49,784.41,849.23,0.6937
17172,286.486,2261,1429.88,655.15,1602.52,1077.94,0.8745
17172,286.486,2274,455.85,719.98,493.6,882.38,0.3991
17178,286.586,2235,594.44,713.98,657.4,895.66,0.8115
17178,286.586,2236,472.78,711.67,548.87,906.59,0.6325
17178,286.586,2237,1378.22,706.36,1437.56,848.68,0.4728
17178,286.586,2250,889.87,724.05,917.15,822.06,0.7278
17178,286.586,2252,1065.68,728.35,1094.28,800.75,0.5523
17178,286.586,2253,1658.45,739.51,1689.18,822.77,0.692
17178,286.586,2259,746.43,717.3,795.25,850.34,0.646
17178,286.586,2261,1381.28,659.57,1589.41,1078.96,0.8763
17178,286.586,2274,461.4,719.68,502.46,899.41,0.521
17178,286.586,2275,1585.21,733.53,1616.85,810.44,0.5805
17184,286.686,2235,599.5,712.78,660.33,891.25,0.7889
17184,286.686,2236,475.55,709.66,553.69,907.0,0.5916
17184,286.686,2250,884.73,721.14,913.38,820.21,0.7256
17184,286.686,2252,1068.75,728.98,1096.53,799.33,0.4757
17184,286.686,2253,1660.88,735.45,1691.99,819.31,0.6936
17184,286.686,2259,754.03,712.55,809.4,848.78,0.6902
17184,286.686,2261,1362.03,666.77,1583.31,1079.93,0.8981
17184,286.686,2274,466.93,716.1,509.63,891.76,0.4117
17184,286.686,2275,1595.17,730.68,1625.22,811.03,0.5427
17190,286.786,2235,605.43,713.08,664.29,888.33,0.7871
17190,286.786,2236,486.83,708.7,559.39,905.01,0.6542
17190,286.786,2240,1513.38,717.3,1568.73,853.94,0.7775
17190,286.786,2250,878.54,718.87,915.99,818.28,0.608
17190,286.786,2253,1665.24,733.3,1695.49,818.64,0.4601
17190,286.786,2259,769.87,717.11,823.57,850.77,0.6017
17190,286.786,2261,1356.86,668.16,1550.53,1080.0,0.8868
17190,286.786,2274,478.97,713.05,535.99,903.46,0.6042
17190,286.786,2275,1606.91,731.41,1635.91,809.27,0.6051
17196,286.887,2235,608.2,714.58,666.06,886.28,0.7758
17196,286.887,2236,497.5,709.14,568.72,901.64,0.6432
17196,286.887,2240,1524.66,716.11,1577.62,854.15,0.758
17196,286.887,2250,880.22,718.96,916.89,818.9,0.6643
17196,286.887,2253,1670.21,736.86,1701.73,819.1,0.6937
17196,286.887,2259,788.6,716.9,838.37,852.63,0.7457
17196,286.887,2261,1362.85,665.49,1513.7,1079.83,0.8778
17196,286.887,2274,483.34,715.2,538.82,903.3,0.5769
17196,286.887,2275,1620.87,726.37,1650.66,807.01,0.5228
17202,286.987,2235,608.05,715.59,669.89,884.93,0.7797
17202,286.987,2236,503.03,707.03,578.08,902.47,0.658
17202,286.987,2240,1534.04,713.82,1585.08,855.71,0.8178
17202,286.987,2250,879.7,719.24,915.92,816.25,0.6688
17202,286.987,2252,1080.32,728.27,1104.57,798.62,0.6029
17202,286.987,2253,1676.33,737.71,1707.65,818.66,0.62
17202,286.987,2259,800.33,710.99,852.64,853.73,0.7533
17202,286.987,2261,1359.79,661.18,1507.7,1079.68,0.7984
17202,286.987,2274,489.48,713.98,538.95,897.64,0.5232
17202,286.987,2275,1632.33,724.26,1663.19,809.58,0.4814
17208,287.087,2235,611.29,714.74,672.5,885.22,0.806
17208,287.087,2236,510.18,707.75,585.49,905.79,0.6255
17208,287.087,2240,1543.94,713.4,1596.26,857.9,0.7888
17208,287.087,2250,878.37,719.53,913.21,816.56,0.6574
17208,287.087,2252,1083.48,727.42,1106.26,796.85,0.6867
17208,287.087,2253,1682.09,735.67,1715.78,819.28,0.5999
17208,287.087,2259,817.29,708.63,867.93,854.96,0.7311
17208,287.087,2261,1355.23,662.54,1493.13,1080.0,0.8286
17208,287.087,2274,497.47,712.45,540.17,869.34,0.4226
17208,287.087,2275,1647.47,726.89,1678.42,805.82,0.4505
17214,287.187,2235,614.72,714.62,672.84,884.01,0.821
17214,287.187,2236,514.85,706.87,593.98,904.79,0.6577
17214,287.187,2240,1551.06,715.0,1604.77,857.29,0.791
17214,287.187,2250,879.77,720.86,912.64,808.47,0.4663
17214,287.187,2252,1086.99,726.68,1108.43,796.0,0.6968
17214,287.187,2253,1688.88,735.21,1723.71,821.05,0.4244
17214,287.187,2259,830.37,711.57,878.37,854.09,0.7591
17214,287.187,2261,1354.19,664.64,1494.09,1080.0,0.8591
17214,287.187,2274,499.75,710.96,541.69,861.02,0.3808
17214,287.187,2275,1661.52,730.65,1688.43,801.79,0.3906
17214,287.187,2287,1480.8,698.11,1553.15,901.52,0.7683
17220,287.287,2235,616.38,715.55,673.13,882.83,0.8287
17220,287.287,2236,519.34,709.05,595.95,903.61,0.6381
17220,287.287,2240,1559.79,713.0,1610.97,857.39,0.7803
17220,287.287,2252,1089.54,725.4,1111.79,796.78,0.5419
17220,287.287,2253,1693.45,733.42,1728.06,821.09,0.5695
17220,287.287,2259,842.88,708.97,889.09,860.38,0.5946
17220,287.287,2261,1343.58,659.29,1494.57,1080.0,0.8638
17220,287.287,2274,508.33,711.89,549.98,887.58,0.3158
17220,287.287,2287,1504.72,695.56,1565.04,900.55,0.7193
17226,287.387,2235,615.42,714.59,674.69,884.47,0.8266
17226,287.387,2236,526.16,707.32,597.6,900.53,0.7034
17226,287.387,2240,1569.11,710.14,1617.86,859.43,0.7453
17226,287.387,2252,1090.25,724.48,1113.09,796.37,0.6226
17226,287.387,2253,1695.34,732.47,1732.9,821.28,0.65
17226,287.387,2259,849.93,705.89,904.85,864.59,0.6948
17226,287.387,2261,1330.17,657.45,1497.92,1079.18,0.8612
17226,287.387,2274,513.06,715.33,552.41,891.83,0.4793
17226,287.387,2275,1684.33,731.59,1716.29,816.43,0.4005
17226,287.387,2287,1526.32,698.8,1581.4,902.66,0.5942
17232,287.487,2235,615.25,715.75,674.86,883.69,0.8436
17232,287.487,2236,529.36,706.66,598.29,900.5,0.6496
17232,287.487,2240,1570.93,707.21,1627.5,891.28,0.3658
17232,287.487,2252,1089.79,722.06,1114.31,795.77,0.616
17232,287.487,2253,1696.71,727.61,1736.71,823.22,0.7663
17232,287.487,2259,865.71,708.62,916.81,852.73,0.6788
17232,287.487,2261,1322.45,654.98,1500.46,1080.0,0.8946
17232,287.487,2274,515.07,713.57,558.3,894.95,0.4093
17232,287.487,2287,1535.56,701.33,1632.15,906.38,0.8002
17238,287.587,2235,614.31,715.99,676.0,881.38,0.8304
17238,287.587,2236,532.33,706.79,599.92,899.28,0.6057
17238,287.587,2252,1089.36,719.43,1114.49,796.06,0.5338
17238,287.587,2253,1701.56,724.63,1741.34,822.49,0.599
17238,287.587,2259,874.27,710.91,931.13,865.32,0.6826
17238,287.587,2261,1322.18,658.46,1504.15,1080.0,0.9083
17238,287.587,2274,517.84,713.79,562.43,892.93,0.3469
17238,287.587,2287,1551.78,700.54,1651.79,908.64,0.7638
17238,287.587,2293,515.7,706.04,587.11,901.49,0.4992
17244,287.687,2235,613.01,715.32,675.03,880.91,0.7983
17244,287.687,2236,535.33,707.91,601.68,899.16,0.6791
17244,287.687,2250,863.04,720.58,892.75,807.24,0.4868
17244,287.687,2252,1089.24,718.67,1116.48,795.92,0.4389
17244,287.687,2259,888.13,705.77,943.59,873.82,0.6415
17244,287.687,2261,1324.3,659.45,1504.24,1080.0,0.9025
17244,287.687,2274,518.08,713.1,559.52,873.18,0.4043
17244,287.687,2275,1711.84,729.88,1744.7,820.06,0.6087
17244,287.687,2287,1568.04,696.65,1660.14,911.75,0.8363
17250,287.788,2235,612.08,714.75,671.05,879.01,0.7667
17250,287.788,2236,537.89,707.4,602.66,899.05,0.719
17250,287.788,2250,857.21,719.71,887.22,808.81,0.5776
17250,287.788,2252,1088.94,719.79,1114.72,794.1,0.4108
17250,287.788,2259,895.17,702.61,956.54,877.29,0.7579
17250,287.788,2261,1326.91,657.52,1499.95,1080.0,0.8896
17250,287.788,2274,518.9,709.99,558.85,866.93,0.3196
17250,287.788,2275,1715.09,727.54,1751.0,819.49,0.6846
17250,287.788,2287,1580.24,694.57,1668.61,913.96,0.8148
17256,287.888,2235,610.27,714.47,668.01,876.45,0.7779
17256,287.888,2236,540.4,707.82,603.39,898.4,0.6897
17256,287.888,2240,1582.05,697.53,1639.79,867.68,0.4342
17256,287.888,2250,851.32,716.67,881.1,809.82,0.6453
17256,287.888,2252,1088.96,719.36,1113.87,793.14,0.3278
17256,287.888,2259,905.49,705.05,966.95,881.75,0.7964
17256,287.888,2261,1329.31,652.9,1498.63,1080.0,0.8899
17256,287.888,2275,1717.69,726.58,1754.07,818.97,0.5849
17256,287.888,2287,1588.86,695.38,1697.03,916.05,0.7733
17262,287.988,2235,601.11,713.49,666.75,875.93,0.7288
17262,287.988,2236,543.06,708.47,604.31,898.54,0.7037
17262,287.988,2240,1586.9,699.65,1643.82,860.86,0.3195
17262,287.988,2250,847.51,716.2,876.01,809.54,0.664
17262,287.988,2252,1088.7,719.25,1114.48,793.58,0.4067
17262,287.988,2259,919.72,703.59,980.0,884.15,0.7053
17262,287.988,2261,1332.87,651.07,1503.6,1080.0,0.8767
17262,287.988,2275,1722.27,725.32,1758.81,819.28,0.4367
17262,287.988,2287,1599.28,696.61,1722.42,918.06,0.8341
17268,288.088,2235,596.46,713.38,665.31,875.18,0.7307
17268,288.088,2236,543.61,706.97,607.19,900.53,0.7068
17268,288.088,2240,1591.47,702.6,1651.54,862.4,0.6908
17268,288.088,2250,842.35,714.79,870.38,808.8,0.6382
17268,288.088,2252,1088.35,719.72,1114.43,794.14,0.4554
17268,288.088,2259,926.18,699.2,995.59,887.34,0.7419
17268,288.088,2261,1337.5,651.19,1518.95,1080.0,0.904
17268,288.088,2275,1725.5,728.93,1759.48,820.7,0.4987
17268,288.088,2287,1625.24,694.03,1735.56,920.87,0.7718
17274,288.188,2235,593.37,714.53,662.93,875.99,0.7024
17274,288.188,2236,544.08,706.47,609.58,900.14,0.6446
17274,288.188,2240,1598.31,705.48,1657.02,864.36,0.742
17274,288.188,2250,837.92,718.29,865.18,808.03,0.5448
17274,288.188,2252,1087.95,720.24,1113.88,794.77,0.6105
17274,288.188,2259,932.28,699.26,1010.52,891.78,0.8422
17274,288.188,2261,1344.64,654.76,1541.07,1080.0,0.8956
17274,288.188,2275,1726.33,731.58,1762.6,821.89,0.379
17274,288.188,2287,1643.92,686.47,1742.11,924.53,0.8043
17280,288.288,2235,595.05,712.07,657.47,875.98,0.7224
17280,288.288,2236,542.32,705.35,610.07,899.29,0.6004
17280,288.288,2240,1603.87,706.13,1665.66,864.57,0.787
17280,288.288,2250,833.4,720.12,863.98,808.46,0.6519
17280,288.288,2252,1087.82,719.89,1113.91,795.98,0.6127
17280,288.288,2259,944.51,699.18,1030.85,895.08,0.7685
17280,288.288,2261,1357.19,656.74,1560.28,1080.0,0.9006
17280,288.288,2274,519.56,708.28,561.35,855.79,0.3175
17280,288.288,2287,1663.28,683.47,1761.49,924.22,0.7318
17280,288.288,2300,1761.96,723.64,1793.65,798.27,0.529
17286,288.388,2235,595.78,710.91,651.52,875.25,0.6836
17286,288.388,2236,542.5,707.65,609.09,899.23,0.6222
17286,288.388,2240,1607.95,703.03,1671.59,865.0,0.7956
17286,288.388,2250,830.21,721.99,861.12,807.67,0.6365
17286,288.388,2252,1086.66,719.34,1113.14,795.91,0.6447
17286,288.388,2259,965.93,696.02,1041.14,898.81,0.7201
17286,288.388,2261,1373.45,661.71,1570.95,1079.92,0.8853
17286,288.388,2274,514.99,707.87,561.31,858.99,0.3312
17286,288.388,2287,1684.67,684.44,1797.79,925.71,0.8213
17286,288.388,2300,1765.49,721.41,1798.98,799.36,0.4953
17292,288.488,2235,596.86,712.31,645.75,873.83,0.6834
17292,288.488,2236,541.71,708.8,608.38,899.21,0.6274
17292,288.488,2240,1617.46,704.2,1683.41,868.01,0.7729
17292,288.488,2250,828.78,722.64,859.63,801.96,0.5441
17292,288.488,2252,1086.79,720.24,1114.13,796.25,0.6665
17292,288.488,2259,984.75,694.63,1046.68,903.07,0.7551
17292,288.488,2261,1388.92,661.88,1580.23,1080.0,0.8855
17292,288.488,2287,1696.16,683.69,1829.16,925.5,0.861
17298,288.588,2235,598.29,714.77,643.0,871.46,0.6864
17298,288.588,2236,544.83,709.47,609.34,898.95,0.6623
17298,288.588,2240,1628.08,703.27,1700.32,865.78,0.7763
17298,288.588,2250,823.71,723.01,860.47,804.2,0.5903
17298,288.588,2252,1087.96,720.9,1116.16,795.8,0.6198
17298,288.588,2259,994.5,699.91,1064.3,906.87,0.7928
17298,288.588,2261,1421.09,659.18,1601.46,1077.93,0.9007
17298,288.588,2287,1704.21,684.42,1847.11,929.04,0.8848
17304,288.688,2235,597.67,712.1,641.72,871.74,0.7273
17304,288.688,2236,555.17,712.54,608.48,893.63,0.4498
17304,288.688,2240,1634.47,704.69,1715.4,867.07,0.7583
17304,288.688,2250,818.58,723.49,860.27,804.1,0.4248
17304,288.688,2252,1090.0,722.53,1120.17,796.37,0.722
17304,288.688,2259,998.14,702.93,1083.29,913.34,0.7346
17304,288.688,2261,1447.87,656.58,1629.68,1076.95,0.864
17304,288.688,2287,1724.09,680.21,1855.69,932.45,0.8422
17304,288.688,2293,540.04,709.49,607.25,899.43,0.6327
17304,288.688,2302,1371.41,718.59,1399.23,805.6,0.477
17310,288.788,2235,597.41,711.08,640.36,871.44,0.651
17310,288.788,2236,560.24,712.89,612.68,892.37,0.4779
17310,288.788,2240,1647.68,705.43,1725.64,872.99,0.6075
17310,288.788,2250,820.09,723.19,860.22,804.17,0.4972
17310,288.788,2252,1093.25,721.98,1123.07,797.81,0.7488
17310,288.788,2259,1008.91,701.79,1097.07,919.19,0.7235
17310,288.788,2261,1464.88,656.41,1663.67,1076.71,0.8872
17310,288.788,2287,1747.99,681.13,1862.96,936.08,0.8227
17310,288.788,2293,543.78,710.28,609.17,899.61,0.5864
17310,288.788,2302,1364.54,718.06,1398.93,804.13,0.5945
17316,288.889,2235,597.22,712.16,637.07,870.46,0.4889
17316,288.889,2240,1658.12,702.76,1731.44,890.03,0.3783
17316,288.889,2250,821.21,721.57,861.78,806.15,0.5614
17316,288.889,2252,1095.71,720.01,1126.13,794.94,0.5573
17316,288.889,2259,1025.87,700.6,1103.86,921.33,0.7372
17316,288.889,2261,1482.35,657.16,1695.57,1077.03,0.9035
17316,288.889,2287,1761.91,679.42,1883.61,938.83,0.8107
17316,288.889,2293,544.67,709.69,613.31,900.63,0.566
17316,288.889,2302,1352.65,717.36,1399.66,803.48,0.5559
17322,288.989,2235,592.05,714.27,630.01,871.26,0.481
17322,288.989,2250,825.28,722.68,862.52,807.45,0.7163
17322,288.989,2259,1044.78,694.22,1120.63,925.78,0.7942
17322,288.989,2261,1506.01,653.24,1723.98,1077.0,0.8965
17322,288.989,2275,1766.22,727.17,1805.26,826.22,0.4743
17322,288.989,2287,1782.72,684.15,1913.11,940.88,0.8073
17322,288.989,2293,549.05,712.73,616.24,899.38,0.6182
17322,288.989,2302,1345.1,717.16,1398.22,803.19,0.6522
17328,289.089,2235,589.65,712.39,628.7,872.02,0.4939
17328,289.089,2250,827.89,723.58,862.52,803.64,0.6544
17328,289.089,2259,1061.28,688.59,1133.96,930.76,0.777
17328,289.089,2261,1539.96,645.83,1757.06,1075.59,0.8883
17328,289.089,2275,1768.82,725.18,1809.94,825.11,0.5253
17328,289.089,2287,1797.63,682.28,1920.0,941.5,0.87
17328,289.089,2293,553.24,713.95,615.45,897.81,0.5993
17328,289.089,2302,1344.87,716.75,1393.33,802.37,0.6314
17334,289.189,2235,580.77,709.87,628.09,873.36,0.5313
17334,289.189,2250,826.6,724.3,862.88,803.71,0.6625
17334,289.189,2259,1066.13,691.94,1164.25,936.3,0.8086
17334,289.189,2261,1586.07,641.14,1795.36,1075.81,0.8928
17334,289.189,2287,1808.8,684.11,1920.0,939.31,0.857
17334,289.189,2293,552.82,711.83,617.29,898.32,0.6013
17334,289.189,2302,1342.68,717.34,1384.72,802.23,0.6163
17334,289.189,2309,633.38,733.27,665.61,807.76,0.5612
17340,289.289,2235,581.33,710.58,627.22,872.97,0.4539
17340,289.289,2236,566.45,708.62,625.12,879.01,0.4974
17340,289.289,2250,828.32,723.75,863.34,802.79,0.6419
17340,289.289,2259,1080.4,694.85,1189.37,942.63,0.9023
17340,289.289,2261,1633.6,641.15,1836.9,1074.77,0.8856
17340,289.289,2287,1835.05,679.78,1920.0,942.2,0.8187
17340,289.289,2293,554.82,710.21,619.72,898.44,0.5656
17340,289.289,2302,1338.28,718.16,1375.2,803.4,0.6559
17340,289.289,2309,639.91,730.58,675.03,811.8,0.5798
17346,289.389,2235,583.93,710.06,626.71,872.3,0.3276
17346,289.389,2236,570.23,707.6,626.94,877.62,0.4083
17346,289.389,2250,825.01,723.1,865.16,804.58,0.6195
17346,289.389,2259,1098.53,694.98,1203.47,947.63,0.8715
17346,289.389,2261,1665.49,659.5,1896.14,1073.74,0.8682
17346,289.389,2293,555.74,708.97,621.81,896.56,0.5636
17346,289.389,2302,1335.68,721.38,1369.23,803.84,0.6258
17346,289.389,2309,647.35,728.12,680.86,811.91,0.6511
17352,289.489,2236,568.48,706.28,629.68,879.09,0.3268
17352,289.489,2240,1698.17,702.85,1771.25,878.47,0.764
17352,289.489,2250,821.73,722.95,865.8,806.12,0.6463
17352,289.489,2259,1120.48,687.39,1216.12,953.71,0.8536
17352,289.489,2261,1715.43,658.28,1919.52,1075.12,0.894
17352,289.489,2293,551.47,707.6,620.15,899.87,0.6049
17352,289.489,2302,1335.63,723.65,1366.94,804.23,0.6208
17352,289.489,2309,656.3,721.79,687.52,811.54,0.6575
17358,289.589,2235,587.27,707.91,627.22,879.16,0.3136
17358,289.589,2236,571.22,706.62,630.29,877.47,0.4191
17358,289.589,2240,1707.22,700.91,1780.53,875.69,0.8097
17358,289.589,2250,822.37,723.27,864.64,807.21,0.6473
17358,289.589,2259,1151.16,681.42,1237.12,955.81,0.7828
17358,289.589,2261,1788.99,650.13,1920.0,1072.53,0.8478
17358,289.589,2293,551.01,707.79,622.55,896.63,0.5734
17358,289.589,2302,1336.44,722.88,1367.22,803.14,0.6144
17358,289.589,2309,662.63,718.56,697.0,811.72,0.6736
17364,289.689,2235,592.46,707.73,627.18,880.85,0.3069
17364,289.689,2236,575.72,706.46,630.96,874.7,0.4253
17364,289.689,2240,1714.64,700.23,1787.97,875.69,0.8197
17364,289.689,2250,821.84,724.36,862.17,809.81,0.698
17364,289.689,2259,1172.37,684.14,1290.75,963.31,0.8364
17364,289.689,2275,1803.28,727.54,1852.16,828.72,0.6206
17364,289.689,2293,550.48,708.19,622.99,898.29,0.592
17364,289.689,2302,1337.31,723.82,1367.91,803.21,0.5928
17364,289.689,2309,672.34,718.84,709.03,814.82,0.68
17364,289.689,2311,1130.96,717.86,1155.69,797.48,0.6883
17370,289.79,2236,583.12,705.21,630.69,874.84,0.4371
17370,289.79,2240,1720.3,700.84,1792.7,875.21,0.8258
17370,289.79,2250,819.19,725.98,860.5,809.73,0.5804
17370,289.79,2259,1181.41,691.72,1331.41,970.26,0.869
17370,289.79,2274,523.63,703.63,570.31,902.97,0.4102
17370,289.79,2275,1814.91,729.76,1863.65,830.07,0.6471
17370,289.79,2293,548.84,707.88,623.92,902.76,0.6207
17370,289.79,2302,1336.66,725.5,1364.47,802.4,0.5965
17370,289.79,2309,680.62,716.93,718.58,815.33,0.7036
17370,289.79,2311,1136.08,714.95,1161.35,797.91,0.4877
17376,289.89,2236,593.33,707.82,634.5,878.07,0.464
17376,289.89,2240,1722.15,701.73,1793.79,872.46,0.8272
17376,289.89,2250,811.1,727.76,861.53,810.28,0.6424
17376,289.89,2259,1193.56,694.29,1350.65,976.28,0.8504
17376,289.89,2275,1824.33,731.4,1875.7,831.54,0.6103
17376,289.89,2293,550.06,710.96,620.08,905.75,0.5563
17376,289.89,2302,1335.42,724.84,1362.21,803.6,0.5976
17376,289.89,2309,686.97,716.13,723.66,813.12,0.6836
17376,289.89,2311,1140.86,714.93,1168.65,797.05,0.6121
17382,289.99,2236,596.62,711.41,638.03,877.82,0.6255
17382,289.99,2240,1721.71,702.31,1796.22,872.76,0.8219
17382,289.99,2250,809.0,729.86,860.56,809.98,0.595
17382,289.99,2259,1225.14,692.79,1365.67,979.52,0.8558
17382,289.99,2275,1832.56,734.98,1881.84,831.77,0.3195
17382,289.99,2293,549.2,710.25,612.72,904.89,0.5685
17382,289.99,2309,692.28,714.95,731.23,816.79,0.7123
17382,289.99,2311,1143.55,716.93,1172.23,795.79,0.6816
17388,290.09,2236,597.05,716.87,639.8,878.22,0.6832
17388,290.09,2240,1720.29,702.49,1794.5,871.33,0.8095
17388,290.09,2250,814.28,728.25,864.32,811.3,0.6095
17388,290.09,2259,1270.94,684.67,1389.18,982.19,0.8333
17388,290.09,2275,1843.28,731.46,1887.56,831.89,0.6154
17388,290.09,2293,547.22,711.96,608.4,902.47,0.5619
17388,290.09,2309,697.86,712.3,737.88,819.85,0.6752
17388,290.09,2311,1144.36,716.2,1176.95,795.82,0.7197
17394,290.19,2236,594.73,717.93,647.0,879.42,0.6513
17394,290.19,2240,1715.27,702.63,1794.78,870.51,0.8123
17394,290.19,2250,819.62,726.58,866.98,812.14,0.6642
17394,290.19,2259,1296.25,682.74,1427.66,981.86,0.8299
17394,290.19,2275,1854.04,731.72,1892.1,834.22,0.6305
17394,290.19,2293,542.04,711.59,604.4,904.87,0.6534
17394,290.19,2309,703.71,712.71,744.83,820.28,0.6246
17394,290.19,2311,1144.94,716.47,1181.44,795.9,0.7057
17400,290.29,2236,594.84,717.18,652.53,881.52,0.6644
17400,290.29,2240,1710.58,702.55,1787.83,867.83,0.7873
17400,290.29,2250,827.33,725.19,870.58,813.07,0.6119
17400,290.29,2259,1311.99,681.4,1458.36,980.86,0.8616
17400,290.29,2275,1862.13,705.51,1913.0,830.48,0.5015
17400,290.29,2293,538.68,714.9,601.21,906.8,0.6244
17400,290.29,2309,712.72,714.12,751.37,822.57,0.764
17400,290.29,2311,1148.32,718.17,1184.2,795.17,0.7179
17406,290.39,2236,598.38,716.22,656.16,882.36,0.7589
17406,290.39,2240,1704.75,702.37,1782.84,866.18,0.791
17406,290.39,2250,834.05,727.08,872.73,814.31,0.6871
17406,290.39,2259,1333.45,680.59,1471.28,984.16,0.754
17406,290.39,2275,1854.73,692.26,1919.68,836.3,0.49
17406,290.39,2293,535.36,716.62,597.97,907.38,0.7419
17406,290.39,2302,1322.6,726.7,1352.57,808.44,0.5853
17406,290.39,2309,718.66,711.65,758.53,820.63,0.6641
17406,290.39,2311,1151.03,717.73,1185.72,795.34,0.7074
17412,290.49,2236,598.3,716.18,657.64,886.47,0.7566
17412,290.49,2240,1700.02,702.82,1775.84,865.38,0.7695
17412,290.49,2250,837.7,724.58,877.83,814.41,0.5893
17412,290.49,2259,1373.19,678.85,1474.74,985.64,0.7906
17412,290.49,2275,1836.94,687.58,1920.0,899.26,0.7843
17412,290.49,2293,531.21,717.0,590.83,903.92,0.6922
17412,290.49,2302,1319.07,726.39,1351.24,808.02,0.6464
17412,290.49,2309,726.12,711.66,761.23,820.04,0.6399
17412,290.49,2311,1152.86,717.38,1185.86,795.26,0.6997
17418,290.59,2236,593.19,716.79,656.5,887.93,0.7909
17418,290.59,2240,1690.05,702.87,1767.32,864.14,0.8046
17418,290.59,2250,841.46,724.37,883.67,815.09,0.6322
17418,290.59,2259,1396.94,676.38,1507.29,984.79,0.8366
17418,290.59,2275,1816.51,692.7,1920.0,922.74,0.8429
17418,290.59,2293,524.75,715.43,582.58,902.52,0.7003
17418,290.59,2302,1313.53,725.57,1346.44,808.61,0.6299
17418,290.59,2309,728.22,712.32,766.48,821.79,0.7205
17418,290.59,2311,1154.75,718.11,1184.64,795.13,0.7357
17424,290.69,2236,585.54,716.19,652.32,887.91,0.8084
17424,290.69,2240,1681.12,705.79,1749.28,863.16,0.7474
17424,290.69,2250,846.72,726.82,888.42,817.86,0.7194
17424,290.69,2259,1399.77,678.96,1562.76,984.24,0.9101
17424,290.69,2275,1790.39,692.02,1920.0,933.12,0.834
17424,290.69,2293,516.65,712.8,575.23,902.16,0.739
17424,290.69,2302,1309.04,722.98,1340.41,809.06,0.635
17424,290.69,2309,729.76,713.97,768.36,822.66,0.7716
17424,290.69,2311,1151.61,721.19,1180.16,793.97,0.7311
17430,290.791,2236,581.22,715.4,641.78,887.11,0.7865
17430,290.791,2240,1662.37,708.53,1722.01,861.43,0.7069
17430,290.791,2250,848.58,723.71,894.49,818.9,0.7186
17430,290.791,2259,1396.49,679.31,1581.1,987.38,0.8791
17430,290.791,2275,1765.53,692.88,1900.96,938.82,0.8621
17430,290.791,2293,501.7,712.41,560.76,905.51,0.6791
17430,290.791,2302,1299.03,724.84,1331.43,809.14,0.611
17430,290.791,2309,727.3,715.44,764.82,823.81,0.7641
17430,290.791,2311,1143.14,720.04,1173.05,795.77,0.6803
17436,290.891,2236,567.89,714.14,627.35,889.94,0.7844
17436,290.891,2240,1638.66,706.01,1697.29,861.27,0.6774
17436,290.891,2250,845.26,723.01,891.77,819.42,0.7521
17436,290.891,2259,1400.25,677.96,1577.21,989.6,0.9053
17436,290.891,2275,1735.73,689.91,1846.01,933.74,0.7688
17436,290.891,2293,482.68,714.43,542.97,908.27,0.7608
17436,290.891,2302,1284.44,724.73,1316.65,810.23,0.575
17436,290.891,2309,723.4,718.05,756.92,824.75,0.6837
17436,290.891,2311,1131.06,721.03,1161.48,795.14,0.7003
17442,290.991,2236,550.75,711.22,608.39,894.76,0.7771
17442,290.991,2240,1600.12,706.67,1670.55,861.92,0.7429
17442,290.991,2250,844.14,720.74,886.5,819.13,0.7154
17442,290.991,2259,1424.54,677.03,1584.06,993.74,0.8969
17442,290.991,2293,457.91,713.98,518.72,913.45,0.6775
17442,290.991,2302,1266.03,724.64,1299.21,811.38,0.6749
17442,290.991,2309,708.56,719.22,744.36,825.04,0.8024
17442,290.991,2311,1115.46,726.91,1146.06,794.85,0.5206
17448,291.091,2236,526.61,712.36,586.18,900.07,0.7918
17448,291.091,2240,1566.11,707.97,1635.57,860.93,0.504
17448,291.091,2259,1442.24,677.58,1605.45,993.75,0.8843
17448,291.091,2293,429.37,710.52,489.6,915.39,0.7372
17448,291.091,2302,1243.66,726.27,1276.95,811.4,0.6636
17448,291.091,2309,692.29,719.3,728.61,824.24,0.7755
17448,291.091,2311,1093.78,719.3,1124.27,795.89,0.6023
17454,291.191,2236,500.45,714.6,561.37,902.57,0.793
17454,291.191,2240,1530.2,708.74,1593.33,860.65,0.6636
17454,291.191,2250,823.57,722.22,867.77,824.45,0.7541
17454,291.191,2259,1425.04,681.29,1596.54,989.63,0.8591
17454,291.191,2293,398.27,707.32,460.42,918.15,0.6724
17454,291.191,2302,1221.01,728.57,1254.5,810.02,0.6326
17454,291.191,2309,674.59,722.02,709.9,826.28,0.6504
17454,291.191,2311,1071.35,718.21,1100.96,796.81,0.6008
17460,291.291,2236,474.29,716.53,536.12,907.6,0.7606
17460,291.291,2250,810.51,717.63,861.69,821.24,0.5831
17460,291.291,2259,1406.7,685.07,1593.52,987.55,0.8579
17460,291.291,2293,370.55,709.11,433.86,919.57,0.6341
17460,291.291,2300,1775.91,732.91,1809.83,833.08,0.6962
17460,291.291,2302,1198.38,729.16,1232.63,809.99,0.6748
17460,291.291,2309,655.66,721.53,691.26,828.38,0.6715
17460,291.291,2311,1047.94,716.98,1077.13,797.69,0.678
17466,291.391,2236,452.58,714.3,513.97,906.1,0.8186
17466,291.391,2250,810.63,718.72,850.21,818.77,0.6724
17466,291.391,2259,1394.99,685.57,1562.81,981.74,0.8473
17466,291.391,2293,341.31,708.54,404.93,919.24,0.7554
17466,291.391,2300,1749.76,733.19,1783.97,831.18,0.6478
17466,291.391,2302,1174.8,728.13,1205.72,807.59,0.6354
17466,291.391,2309,635.26,720.31,671.64,827.43,0.6961
17466,291.391,2311,1021.9,718.5,1051.33,796.4,0.624
17472,291.491,2236,431.59,711.4,492.79,908.53,0.7896
17472,291.491,2250,803.13,718.15,843.24,822.04,0.7641
17472,291.491,2259,1412.19,682.59,1536.63,980.86,0.6707
17472,291.491,2293,313.42,705.54,375.77,920.06,0.6941
17472,291.491,2300,1719.33,736.46,1766.78,832.07,0.512
17472,291.491,2302,1155.5,724.99,1183.38,806.49,0.6166
17472,291.491,2309,611.09,720.24,653.39,828.08,0.7115
17472,291.491,2311,998.17,719.13,1029.19,795.56,0.6513
17478,291.591,2236,404.94,709.49,471.6,911.38,0.7903
17478,291.591,2240,1369.39,709.46,1428.52,856.42,0.7064
17478,291.591,2250,792.82,712.1,833.79,824.27,0.7135
17478,291.591,2259,1424.98,676.55,1545.58,978.23,0.8428
17478,291.591,2293,283.28,707.29,347.93,919.22,0.6607
17478,291.591,2300,1692.35,736.39,1745.12,831.31,0.3779
17478,291.591,2309,591.68,722.24,634.45,831.07,0.7521
17478,291.591,2311,975.49,721.13,1006.96,795.02,0.6657
17478,291.591,2323,1853.32,711.48,1912.21,876.64,0.7342
17484,291.691,2236,377.94,708.91,452.82,915.14,0.8081
17484,291.691,2240,1334.21,710.31,1394.12,856.73,0.7514
17484,291.691,2250,780.31,709.16,826.71,824.45,0.6913
17484,291.691,2259,1411.77,679.26,1573.42,973.72,0.8757
17484,291.691,2274,247.32,707.67,311.46,924.19,0.6825
17484,291.691,2300,1675.58,735.88,1720.6,831.07,0.5775
17484,291.691,2309,575.17,720.84,617.84,833.23,0.6801
17484,291.691,2311,953.62,721.81,985.81,795.14,0.7232
17484,291.691,2323,1827.41,708.92,1891.21,879.27,0.748
17490,291.791,2236,350.53,710.47,432.55,920.27,0.8443
17490,291.791,2240,1298.75,711.47,1356.66,854.88,0.7248
17490,291.791,2250,778.9,713.55,817.13,826.89,0.7655
17490,291.791,2259,1395.09,683.48,1579.12,973.44,0.8418
17490,291.791,2274,214.17,706.68,287.32,927.68,0.7309
17490,291.791,2300,1662.38,738.21,1699.95,829.68,0.6149
17490,291.791,2309,556.76,720.81,600.3,835.39,0.6776
17490,291.791,2311,934.93,722.32,964.63,794.58,0.7208
17490,291.791,2323,1802.36,716.84,1894.34,883.27,0.6783
17496,291.892,2236,328.06,711.47,409.32,922.53,0.8061
17496,291.892,2240,1269.89,714.13,1312.69,853.76,0.7178
17496,291.892,2250,771.77,714.92,814.15,828.53,0.7616
17496,291.892,2259,1393.2,680.87,1600.22,973.38,0.8987
17496,291.892,2274,184.92,708.05,256.68,929.07,0.6679
17496,291.892,2300,1645.34,735.54,1683.68,827.53,0.4771
17496,291.892,2309,537.66,722.93,584.38,836.49,0.6742
17496,291.892,2311,917.45,724.02,946.36,795.43,0.6489
17496,291.892,2323,1779.66,726.18,1888.44,883.44,0.7819
17502,291.992,2236,308.96,708.43,385.17,924.51,0.8313
17502,291.992,2240,1237.3,713.66,1282.18,853.4,0.6907
17502,291.992,2250,760.54,711.65,814.33,830.71,0.7229
17502,291.992,2259,1411.21,676.32,1609.4,970.59,0.8017
17502,291.992,2274,157.59,705.35,231.67,929.78,0.6696
17502,291.992,2300,1630.7,736.64,1665.44,825.56,0.5814
17502,291.992,2309,520.88,724.35,569.0,839.16,0.7334
17502,291.992,2311,899.43,723.5,928.53,795.34,0.5593
17502,291.992,2323,1753.53,721.79,1872.04,880.92,0.8441
17508,292.092,2236,289.13,707.04,361.52,928.0,0.7402
17508,292.092,2240,1198.31,718.55,1254.78,853.83,0.6884
17508,292.092,2250,762.44,712.58,809.9,832.55,0.631
17508,292.092,2259,1425.48,674.7,1589.6,969.05,0.5089
17508,292.092,2274,128.06,707.38,202.9,931.42,0.666
17508,292.092,2300,1619.86,736.06,1653.84,826.27,0.5601
17508,292.092,2309,508.59,722.6,555.31,841.21,0.7134
17508,292.092,2311,882.15,723.78,912.05,795.27,0.6927
17508,292.092,2323,1750.81,715.63,1850.81,881.54,0.7958
17508,292.092,2328,1378.7,707.4,1442.11,898.9,0.7079
17514,292.192,2236,268.82,706.17,348.14,933.11,0.7774
17514,292.192,2240,1173.25,728.15,1232.63,852.53,0.7284
17514,292.192,2250,766.89,713.08,810.08,833.8,0.6473
17514,292.192,2259,1428.05,676.02,1602.93,964.51,0.8372
17514,292.192,2274,98.48,703.79,177.37,933.62,0.6245
17514,292.192,2300,1601.28,733.45,1642.07,825.97,0.6956
17514,292.192,2309,492.72,719.77,542.36,842.11,0.7461
17514,292.192,2311,867.6,722.1,896.92,795.49,0.6602
17514,292.192,2323,1742.49,711.6,1826.09,878.75,0.7202
17514,292.192,2328,1359.26,705.33,1426.29,895.14,0.769
17520,292.292,2236,249.08,708.24,327.22,938.25,0.7459
17520,292.292,2240,1149.97,739.65,1212.89,852.49,0.7818
17520,292.292,2250,765.91,710.15,808.81,835.6,0.7643
17520,292.292,2259,1421.01,677.16,1597.24,967.65,0.849
17520,292.292,2274,70.45,703.65,150.21,935.58,0.7219
17520,292.292,2300,1586.57,733.86,1629.76,827.37,0.4929
17520,292.292,2309,476.97,722.46,526.98,843.43,0.6829
17520,292.292,2311,853.1,722.41,881.58,794.28,0.6633
17520,292.292,2323,1735.54,707.94,1822.15,877.92,0.7201
17520,292.292,2328,1342.72,708.64,1412.3,895.94,0.7626
17520,292.292,2330,1834.26,709.88,1882.09,812.99,0.5765
17526,292.392,2236,228.11,708.34,308.81,940.49,0.77
17526,292.392,2240,1129.72,740.88,1195.25,852.06,0.772
17526,292.392,2250,762.6,708.62,809.45,832.45,0.633
17526,292.392,2259,1423.92,678.11,1592.07,966.1,0.8619
17526,292.392,2274,43.13,702.49,127.43,937.93,0.5838
17526,292.392,2300,1577.78,734.02,1617.02,827.47,0.5334
17526,292.392,2309,469.72,723.52,514.87,844.32,0.7438
17526,292.392,2311,840.4,723.24,866.65,793.6,0.6589
17526,292.392,2323,1740.66,716.62,1821.32,876.56,0.7073
17526,292.392,2328,1329.4,708.52,1401.67,894.49,0.7164
17532,292.492,2236,202.8,707.93,291.29,943.46,0.8102
17532,292.492,2240,1109.82,741.41,1178.96,852.87,0.6915
17532,292.492,2250,767.22,713.29,808.49,833.93,0.7179
17532,292.492,2259,1441.31,677.72,1569.19,967.74,0.819
17532,292.492,2274,13.72,703.87,101.16,942.0,0.7597
17532,292.492,2300,1567.35,731.99,1603.47,827.66,0.5435
17532,292.492,2309,456.53,717.71,503.17,846.67,0.7344
17532,292.492,2311,826.38,727.01,851.0,789.42,0.547
17532,292.492,2323,1735.71,726.02,1813.52,876.06,0.5472
17532,292.492,2328,1315.71,709.78,1395.92,894.33,0.7657
17532,292.492,2330,1808.02,729.29,1850.99,812.52,0.6337
17538,292.592,2236,181.95,705.17,273.76,950.84,0.855
17538,292.592,2240,1089.78,738.51,1162.93,852.88,0.7691
17538,292.592,2250,769.46,710.72,811.45,836.43,0.6566
17538,292.592,2259,1454.2,677.91,1571.22,963.87,0.7957
17538,292.592,2274,0.0,701.36,75.83,946.39,0.6897
17538,292.592,2300,1551.61,729.73,1590.22,825.72,0.7522
17538,292.592,2309,442.48,709.52,490.91,849.21,0.6981
17538,292.592,2323,1717.93,709.87,1791.88,875.72,0.6495
17538,292.592,2328,1300.25,712.79,1389.26,894.1,0.8379
17538,292.592,2330,1792.66,733.79,1837.62,812.2,0.6951
17544,292.692,2236,152.25,702.66,262.48,957.58,0.8514
17544,292.692,2240,1071.62,729.96,1141.36,852.99,0.6967
17544,292.692,2250,765.04,708.87,817.27,836.21,0.4432
17544,292.692,2259,1451.39,680.77,1597.57,961.06,0.7871
17544,292.692,2274,0.0,700.48,48.5,916.4,0.5657
17544,292.692,2300,1539.1,730.21,1576.59,823.91,0.603
17544,292.692,2309,432.43,711.81,478.29,847.98,0.6471
17544,292.692,2323,1709.75,707.13,1774.34,873.14,0.6758
17544,292.692,2328,1286.09,715.9,1379.31,893.16,0.7882
17544,292.692,2330,1777.76,733.35,1823.46,810.48,0.714
17550,292.793,2236,119.02,704.33,253.18,965.88,0.8467
17550,292.793,2240,1046.27,720.27,1111.81,853.78,0.7368
17550,292.793,2250,767.44,709.9,813.16,839.55,0.6815
17550,292.793,2259,1439.1,678.05,1593.05,959.47,0.8826
17550,292.793,2309,416.39,716.74,467.67,848.56,0.7392
17550,292.793,2323,1694.49,706.52,1762.36,872.71,0.6748
17550,292.793,2328,1273.23,716.14,1364.28,892.76,0.7049
17556,292.893,2236,88.41,705.08,238.93,972.0,0.8863
17556,292.893,2240,1022.39,716.53,1080.08,852.72,0.7475
17556,292.893,2250,767.01,710.26,812.02,840.52,0.6416
17556,292.893,2259,1436.97,681.74,1572.5,953.77,0.7988
17556,292.893,2309,403.63,717.52,453.51,851.05,0.7206
17556,292.893,2323,1679.71,709.66,1749.43,871.55,0.6896
17556,292.893,2328,1272.4,716.06,1347.0,890.85,0.7951
17556,292.893,2330,1736.28,733.79,1793.03,811.24,0.4196
17562,292.993,2236,70.28,705.01,216.41,974.38,0.8623
17562,292.993,2240,995.05,716.78,1053.78,853.43,0.6715
17562,292.993,2250,770.48,713.12,812.98,842.09,0.5308
17562,292.993,2259,1446.81,680.75,1561.84,957.25,0.8168
17562,292.993,2309,387.17,716.59,445.05,855.7,0.7334
17562,292.993,2311,750.54,728.39,774.73,798.6,0.4157
17562,292.993,2323,1660.6,706.03,1732.64,868.0,0.7477
17562,292.993,2328,1262.84,711.94,1332.59,890.71,0.7005
17562,292.993,2330,1726.35,735.91,1777.08,811.58,0.488
17568,293.093,2236,57.37,702.27,182.31,977.85,0.8478
17568,293.093,2240,966.5,720.58,1030.95,854.96,0.6736
17568,293.093,2250,764.5,710.53,826.67,844.8,0.7361
17568,293.093,2259,1446.33,678.84,1570.25,954.65,0.8922
17568,293.093,2309,371.02,718.3,433.47,857.93,0.7904
17568,293.093,2311,736.96,724.43,760.91,795.1,0.5948
17568,293.093,2323,1639.58,700.36,1714.79,862.12,0.6959
17568,293.093,2328,1252.33,711.06,1320.51,889.22,0.765
17568,293.093,2330,1704.47,734.05,1758.02,810.86,0.6514
17574,293.193,2236,39.72,697.86,155.02,983.67,0.86
17574,293.193,2240,946.2,725.11,1008.92,855.58,0.7712
17574,293.193,2250,758.79,714.93,838.77,845.03,0.7372
17574,293.193,2259,1440.18,679.37,1572.88,953.39,0.8802
17574,293.193,2309,359.98,717.44,420.54,859.21,0.7433
17574,293.193,2311,723.6,725.87,746.52,793.87,0.7391
17574,293.193,2323,1623.36,701.51,1699.75,859.99,0.7319
17574,293.193,2328,1239.83,713.39,1308.89,889.66,0.7764
17574,293.193,2330,1689.13,731.17,1738.94,813.3,0.6489
17580,293.293,2236,18.78,697.97,133.12,992.77,0.7945
17580,293.293,2240,929.84,729.38,988.92,855.59,0.8167
17580,293.293,2250,757.78,725.52,847.68,848.4,0.6606
17580,293.293,2259,1434.74,679.9,1565.76,953.89,0.8424
17580,293.293,2309,355.84,717.35,407.15,858.47,0.6987
17580,293.293,2311,710.05,727.65,735.01,794.38,0.469
17580,293.293,2323,1616.35,713.9,1686.71,858.91,0.6123
17580,293.293,2328,1228.13,717.2,1294.92,888.0,0.7315
17580,293.293,2330,1681.37,729.84,1726.76,814.52,0.6701
17586,293.393,2236,1.5,700.0,114.41,1002.26,0.8681
17586,293.393,2240,913.59,727.5,975.99,856.02,0.7264
17586,293.393,2250,762.22,724.95,842.85,848.55,0.6119
17586,293.393,2259,1432.4,683.03,1552.33,950.08,0.8603
17586,293.393,2309,339.53,717.19,396.14,860.14,0.7108
17586,293.393,2311,695.49,726.28,722.26,795.35,0.7148
17586,293.393,2323,1599.89,715.0,1667.58,858.53,0.6033
17586,293.393,2328,1219.57,723.77,1285.22,887.73,0.692
17586,293.393,2330,1671.78,730.95,1716.65,815.66,0.5264
17592,293.493,2236,0.0,698.04,96.49,1007.54,0.8744
17592,293.493,2240,896.46,725.44,960.7,856.19,0.8166
17592,293.493,2250,753.41,717.44,838.2,850.78,0.7281
17592,293.493,2259,1429.32,680.67,1549.9,951.18,0.8424
17592,293.493,2309,320.36,716.28,383.8,861.31,0.7832
17592,293.493,2311,682.41,726.17,708.16,796.57,0.4906
17592,293.493,2323,1585.76,715.05,1647.98,854.66,0.611
17592,293.493,2328,1207.53,727.36,1276.77,886.46,0.7557
17592,293.493,2330,1670.13,732.29,1708.32,814.99,0.6315
17598,293.593,2236,0.0,697.36,71.54,1014.18,0.7844
17598,293.593,2240,880.74,724.71,947.26,853.49,0.8329
17598,293.593,2250,744.56,708.19,813.01,849.97,0.5974
17598,293.593,2259,1420.95,680.58,1560.78,946.88,0.707
17598,293.593,2309,303.98,717.01,368.62,863.52,0.798
17598,293.593,2311,663.79,727.22,692.23,798.66,0.646
17598,293.593,2323,1558.86,726.92,1628.23,853.63,0.7196
17598,293.593,2328,1196.05,726.17,1269.86,884.98,0.7295
17598,293.593,2330,1662.26,731.08,1702.23,814.28,0.575
17604,293.693,2236,0.0,697.26,41.04,945.65,0.6489
17604,293.693,2240,860.69,723.23,929.11,851.46,0.6893
17604,293.693,2250,728.23,706.98,783.89,850.07,0.7849
17604,293.693,2259,1411.57,684.16,1557.18,946.93,0.7992
17604,293.693,2309,285.0,714.18,346.14,864.3,0.7088
17604,293.693,2311,640.7,726.68,670.95,801.14,0.6814
17604,293.693,2323,1526.85,732.85,1591.85,852.4,0.7133
17604,293.693,2328,1169.47,723.51,1253.53,884.47,0.7357
17604,293.693,2330,1649.15,729.0,1688.11,811.15,0.6255
17610,293.793,2240,843.35,719.84,912.88,849.43,0.7009
17610,293.793,2250,704.43,711.47,758.75,853.67,0.7791
17610,293.793,2259,1391.06,685.92,1529.88,945.69,0.8308
17610,293.793,2309,265.54,711.79,326.39,863.47,0.7712
17610,293.793,2311,616.8,727.05,648.17,800.95,0.6337
17610,293.793,2323,1499.09,733.94,1552.4,847.44,0.7228
17610,293.793,2328,1151.73,718.48,1234.55,878.17,0.7461
17610,293.793,2330,1630.73,729.92,1667.02,810.59,0.6588
17616,293.894,2240,822.0,715.9,888.93,850.61,0.7122
17616,293.894,2250,679.74,715.3,729.65,855.66,0.6024
17616,293.894,2259,1361.81,687.35,1493.64,946.95,0.8645
17616,293.894,2309,229.02,711.46,298.53,868.13,0.7867
17616,293.894,2311,585.67,727.47,619.62,804.92,0.6407
17616,293.894,2323,1467.52,733.65,1513.63,847.06,0.6093
17616,293.894,2328,1133.51,715.16,1211.31,875.09,0.801
17616,293.894,2330,1607.32,731.82,1645.07,811.05,0.6386
17622,293.994,2240,803.13,715.08,862.42,849.21,0.7275
17622,293.994,2250,647.54,714.38,700.02,858.34,0.7275
17622,293.994,2259,1343.76,688.3,1456.5,943.32,0.7854
17622,293.994,2309,188.01,713.79,265.41,871.97,0.7982
17622,293.994,2311,551.6,725.87,585.7,805.69,0.7703
17622,293.994,2323,1436.71,733.47,1477.2,847.29,0.4799
17622,293.994,2328,1112.87,710.86,1185.62,874.42,0.7575
17622,293.994,2330,1573.68,734.43,1619.36,809.62,0.7302
17628,294.094,2240,781.41,715.42,836.99,848.81,0.7885
17628,294.094,2250,610.79,713.85,676.36,861.47,0.7301
17628,294.094,2259,1332.32,687.85,1444.63,938.48,0.8466
17628,294.094,2309,143.08,719.3,222.06,875.28,0.7732
17628,294.094,2311,515.38,726.59,546.61,805.29,0.6909
17628,294.094,2328,1093.46,711.75,1160.44,872.43,0.7441
17628,294.094,2330,1540.71,737.21,1589.85,809.96,0.7262
17634,294.194,2240,750.87,716.05,811.7,849.73,0.7149
17634,294.194,2250,576.92,712.09,651.22,864.52,0.6422
17634,294.194,2259,1307.51,692.3,1414.09,941.54,0.8457
17634,294.194,2309,100.07,718.51,182.18,882.0,0.7785
17634,294.194,2328,1075.8,715.7,1145.37,870.59,0.7191
17634,294.194,2330,1517.64,736.69,1556.62,810.53,0.596
17640,294.294,2240,720.73,718.34,783.85,850.21,0.7349
17640,294.294,2250,542.17,715.43,621.51,869.08,0.6822
17640,294.294,2259,1273.58,696.41,1389.94,942.08,0.8086
17640,294.294,2309,65.16,714.5,138.22,885.2,0.7468
17640,294.294,2328,1044.42,712.35,1122.41,870.47,0.7242
17640,294.294,2330,1489.52,735.95,1527.36,816.18,0.6508
17640,294.294,2344,1795.49,722.87,1857.2,861.29,0.6223
17646,294.394,2240,704.29,721.09,761.65,850.35,0.7987
17646,294.394,2250,523.82,715.42,593.9,872.18,0.472
17646,294.394,2259,1242.94,701.95,1373.37,939.44,0.7901
17646,294.394,2309,17.7,713.07,97.51,889.99,0.8051
17646,294.394,2328,1020.94,712.26,1109.95,869.83,0.7152
17646,294.394,2330,1464.79,729.76,1500.91,813.52,0.553
17646,294.394,2344,1740.3,724.91,1799.95,857.71,0.7758
17652,294.494,2240,685.85,718.42,747.02,851.5,0.7892
17652,294.494,2259,1234.74,712.4,1342.95,927.67,0.5519
17652,294.494,2309,0.0,719.73,65.24,892.05,0.7725
17652,294.494,2328,1017.71,721.08,1098.96,868.33,0.7384
17652,294.494,2330,1445.63,737.17,1479.92,814.74,0.733
17652,294.494,2344,1698.06,721.75,1752.33,856.86,0.6912
17658,294.594,2240,668.96,718.37,733.93,853.84,0.6206
17658,294.594,2259,1230.84,700.07,1322.33,932.91,0.7615
17658,294.594,2328,1008.3,723.31,1088.01,868.61,0.6359
17658,294.594,2330,1430.12,739.84,1465.04,815.91,0.7455
17658,294.594,2344,1662.07,721.41,1721.05,851.99,0.7019
17664,294.694,2240,666.37,727.21,718.43,852.97,0.5548
17664,294.694,2250,478.25,714.99,538.3,881.32,0.7454
17664,294.694,2259,1236.09,698.64,1314.55,929.7,0.6736
17664,294.694,2323,1179.15,740.04,1245.66,846.0,0.6942
17664,294.694,2328,1011.18,723.69,1083.7,867.15,0.7062
17664,294.694,2330,1416.06,737.55,1453.25,817.52,0.7434
17664,294.694,2344,1636.06,715.56,1699.98,853.26,0.7635
17670,294.795,2240,664.35,723.2,715.75,852.14,0.6058
17670,294.795,2250,472.4,706.36,526.99,884.02,0.751
17670,294.795,2259,1224.09,706.95,1326.67,936.15,0.7345
17670,294.795,2323,1168.0,738.37,1229.06,847.4,0.3686
17670,294.795,2328,1028.59,728.89,1098.79,864.82,0.7289
17670,294.795,2330,1408.9,734.32,1443.33,812.5,0.7141
17670,294.795,2344,1619.02,714.73,1679.56,851.52,0.6313
17676,294.895,2240,656.2,721.33,713.38,853.48,0.6371
17676,294.895,2250,463.54,701.12,522.42,885.31,0.7454
17676,294.895,2259,1216.27,714.46,1350.41,935.31,0.8566
17676,294.895,2328,1025.82,729.56,1116.3,865.93,0.7601
17676,294.895,2330,1398.37,739.53,1435.55,815.08,0.6001
17676,294.895,2344,1606.07,721.35,1672.98,858.2,0.7333
17682,294.995,2240,661.74,720.58,710.78,852.59,0.701
17682,294.995,2250,459.59,703.37,531.75,887.75,0.7668
17682,294.995,2259,1205.79,722.19,1364.64,938.01,0.8699
17682,294.995,2328,1036.56,727.96,1140.07,866.79,0.6379
17682,294.995,2330,1394.08,738.11,1432.02,819.97,0.4439
17682,294.995,2344,1593.07,726.28,1666.86,859.85,0.7182
17682,294.995,2364,1185.98,740.99,1252.69,856.17,0.5917
17688,295.095,2240,667.72,723.51,712.16,853.2,0.6055
17688,295.095,2250,450.51,711.15,535.27,891.9,0.81
17688,295.095,2259,1198.44,726.87,1365.51,939.21,0.8549
17688,295.095,2328,1060.13,719.45,1147.69,865.6,0.651
17688,295.095,2330,1389.67,737.03,1433.32,817.7,0.6018
17688,295.095,2344,1582.08,723.74,1654.34,853.58,0.7304
17688,295.095,2364,1174.55,737.92,1259.59,855.35,0.3705
17694,295.195,2240,662.96,717.6,720.49,852.85,0.6947
17694,295.195,2250,442.94,711.54,525.8,894.88,0.8094
17694,295.195,2259,1216.89,735.65,1386.36,938.67,0.7352
17694,295.195,2328,1076.26,718.93,1187.55,866.15,0.5951
17694,295.195,2330,1393.24,743.3,1428.11,817.48,0.543
17694,295.195,2344,1581.3,719.47,1650.47,847.86,0.7177
17694,295.195,2364,1172.82,737.45,1270.78,861.06,0.5652
17700,295.295,2240,657.73,716.62,721.36,853.37,0.7166
17700,295.295,2250,450.43,710.05,520.9,895.07,0.8067
17700,295.295,2259,1262.35,731.6,1409.14,936.31,0.8431
17700,295.295,2330,1392.32,746.41,1424.25,811.39,0.3042
17700,295.295,2344,1585.1,713.71,1645.41,846.55,0.8124
17700,295.295,2364,1189.36,733.21,1272.24,864.3,0.6854
17706,295.395,2240,658.76,721.91,716.22,852.23,0.7078
17706,295.395,2250,454.72,707.34,528.14,897.91,0.7881
17706,295.395,2259,1285.47,725.92,1433.46,934.95,0.7727
17706,295.395,2344,1590.43,717.78,1638.29,845.19,0.7696
17706,295.395,2364,1200.65,728.78,1274.16,866.07,0.7001
17712,295.495,2240,662.68,722.02,713.18,852.74,0.7208
17712,295.495,2250,445.07,709.53,533.67,899.68,0.7768
17712,295.495,2259,1303.7,728.35,1461.56,937.57,0.7424
17712,295.495,2344,1583.39,724.65,1645.49,847.09,0.6423
17712,295.495,2364,1201.93,723.54,1269.15,869.18,0.6506
17718,295.595,2240,655.55,721.93,708.26,852.17,0.6162
17718,295.595,2250,432.16,712.49,533.1,902.7,0.7792
17718,295.595,2259,1338.21,726.94,1451.01,937.17,0.6772
17718,295.595,2344,1573.69,730.35,1637.54,847.42,0.6128
17718,295.595,2364,1198.52,727.44,1266.02,871.66,0.6355
17724,295.695,2240,637.27,718.68,695.14,854.31,0.7389
17724,295.695,2250,419.5,711.04,510.98,904.0,0.6836
17724,295.695,2259,1349.06,714.0,1448.0,958.38,0.8381
17724,295.695,2344,1559.81,728.76,1630.86,849.33,0.7182
17724,295.695,2364,1177.22,722.78,1253.46,874.3,0.7008
17730,295.796,2240,624.15,729.32,674.68,853.2,0.6674
17730,295.796,2250,400.85,708.55,475.09,907.04,0.7762
17730,295.796,2259,1332.89,704.38,1433.82,945.25,0.8088
17730,295.796,2344,1543.97,721.16,1606.3,843.74,0.7113
17730,295.796,2364,1148.18,718.36,1237.93,876.31,0.637
17736,295.896,2240,582.01,726.83,635.34,852.96,0.7626
17736,295.896,2250,347.01,706.3,432.84,907.17,0.8103
17736,295.896,2259,1294.52,708.28,1406.13,941.27,0.8382
17736,295.896,2344,1499.69,718.0,1557.11,844.85,0.6869
17736,295.896,2364,1101.92,714.39,1203.81,876.35,0.4101
17742,295.996,2259,1189.53,720.63,1313.36,927.73,0.7613
17742,295.996,2344,1382.9,721.32,1435.16,839.83,0.5485
17742,295.996,2364,1003.36,706.18,1079.92,865.16,0.4798
17748,296.096,2259,1025.21,718.42,1153.85,922.75,0.8468
17748,296.096,2364,850.16,705.71,927.21,863.05,0.4932
17754,296.196,2259,905.09,718.47,993.19,914.31,0.6006
17754,296.196,2344,1058.23,720.08,1099.5,828.06,0.6808
17754,296.196,2364,706.96,711.04,781.57,863.72,0.6533
17760,296.296,2259,789.38,719.3,871.24,922.63,0.6779
17760,296.296,2344,922.96,725.02,976.46,829.82,0.6267
17760,296.296,2364,557.0,718.61,647.17,875.53,0.6509
17766,296.396,2259,672.45,716.9,771.09,929.09,0.6846
17766,296.396,2344,823.53,732.09,868.01,829.49,0.6262
17766,296.396,2364,430.63,721.19,514.44,882.71,0.5642
17772,296.496,2259,561.73,717.89,684.26,937.77,0.7974
17772,296.496,2344,723.49,727.48,764.2,832.58,0.5732
17772,296.496,2364,299.9,725.59,367.86,888.8,0.704
17778,296.596,2259,490.29,719.02,628.79,941.45,0.7093
17778,296.596,2344,614.21,727.51,661.8,835.23,0.5275
17778,296.596,2364,161.12,725.66,226.08,893.28,0.692
17778,296.596,2400,1280.57,709.43,1346.73,882.41,0.7706
17784,296.696,2259,409.69,716.8,541.57,947.44,0.8404
17784,296.696,2344,518.42,727.45,568.05,836.57,0.4128
17784,296.696,2364,13.27,726.59,87.69,898.6,0.766
17784,296.696,2400,1185.91,712.67,1259.75,881.45,0.8217
17784,296.696,2403,1666.64,650.7,1906.54,1052.8,0.9132
17790,296.796,2259,343.29,712.58,486.02,962.51,0.8412
17790,296.796,2400,1113.16,715.12,1194.57,878.87,0.7632
17790,296.796,2403,1606.95,660.98,1894.48,1075.63,0.908
17790,296.796,2408,144.81,730.3,251.67,920.72,0.8341
17796,296.897,2259,329.02,711.81,447.65,971.12,0.7905
17796,296.897,2400,1066.61,715.51,1132.31,872.39,0.813
17796,296.897,2403,1552.01,653.2,1823.08,1080.0,0.8944
17796,296.897,2408,71.24,715.28,208.65,920.21,0.8271
17802,296.997,2259,299.82,696.66,433.53,974.62,0.8686
17802,296.997,2400,1032.83,710.15,1086.31,870.6,0.7649
17802,296.997,2403,1490.54,640.89,1746.1,1080.0,0.9162
17802,296.997,2408,39.69,705.57,194.16,920.38,0.6796
17802,296.997,2412,1160.11,737.71,1190.05,819.63,0.7208
17808,297.097,2259,283.94,685.86,452.13,985.52,0.8693
17808,297.097,2344,270.12,721.24,329.48,841.55,0.586
17808,297.097,2400,1000.48,706.05,1052.17,866.09,0.7779
17808,297.097,2403,1434.4,636.31,1690.91,1076.81,0.9181
17808,297.097,2412,1117.58,734.06,1150.79,817.12,0.7578
17814,297.197,2259,290.17,681.63,471.59,988.55,0.8673
17814,297.197,2344,228.14,709.87,302.26,829.88,0.6
17814,297.197,2400,967.85,698.32,1032.67,858.52,0.7502
17814,297.197,2403,1386.58,618.13,1644.1,1073.81,0.9099
17814,297.197,2412,1078.62,726.95,1112.83,807.32,0.7176
17814,297.197,2416,67.33,710.16,190.11,918.44,0.8248
17820,297.297,2259,301.99,648.4,483.24,979.61,0.8886
17820,297.297,2344,207.14,703.79,277.17,821.36,0.4592
17820,297.297,2400,943.21,689.45,1003.62,845.54,0.7573
17820,297.297,2403,1353.06,589.21,1592.48,1068.72,0.9164
17820,297.297,2412,1050.57,717.51,1084.5,795.82,0.8042
17820,297.297,2416,49.46,699.91,220.02,894.74,0.8293
17826,297.397,2259,327.01,621.18,510.63,969.04,0.8781
17826,297.397,2400,925.04,667.81,982.88,822.7,0.7997
17826,297.397,2403,1331.02,557.51,1561.7,1064.65,0.9121
17826,297.397,2412,1029.94,697.33,1062.01,772.15,0.6651
17826,297.397,2416,62.02,675.69,238.29,872.2,0.7521
17832,297.497,2259,365.82,593.36,542.79,943.86,0.8707
17832,297.497,2400,916.3,635.02,966.79,790.33,0.8098
17832,297.497,2403,1309.13,516.68,1528.04,1059.89,0.9108
17832,297.497,2412,1012.08,660.7,1045.15,741.46,0.7078
17832,297.497,2416,122.57,638.41,254.94,836.03,0.7853
17838,297.597,2259,419.11,550.21,589.55,912.93,0.8217
17838,297.597,2400,904.44,602.41,955.81,756.08,0.7529
17838,297.597,2403,1278.2,471.3,1507.36,1058.27,0.8954
17838,297.597,2412,995.44,628.9,1029.51,706.94,0.7805
17838,297.597,2416,159.93,599.67,276.92,798.61,0.845
17844,297.697,2259,463.03,507.85,667.43,889.75,0.8941
17844,297.697,2400,889.66,572.35,942.46,725.09,0.7768
17844,297.697,2403,1241.23,432.52,1491.91,1058.95,0.8708
17844,297.697,2412,979.37,602.27,1016.12,680.32,0.801
17844,297.697,2416,189.1,575.47,322.83,764.92,0.8394
17850,297.798,2259,498.84,479.29,742.31,880.69,0.9008
17850,297.798,2400,877.29,547.02,931.81,697.56,0.8324
17850,297.798,2403,1204.4,401.12,1457.79,1062.53,0.8648
17850,297.798,2412,969.02,573.06,1003.19,653.29,0.7712
17850,297.798,2416,238.55,550.75,331.84,737.41,0.7455
17856,297.898,2259,548.82,482.66,800.19,875.29,0.8523
17856,297.898,2344,201.36,528.54,260.38,656.14,0.7194
17856,297.898,2400,864.6,523.84,917.07,672.91,0.7103
17856,297.898,2403,1178.16,378.61,1412.18,1063.49,0.8645
17856,297.898,2412,956.93,550.66,992.13,632.55,0.7883
17856,297.898,2416,270.94,527.61,354.47,713.76,0.766
17862,297.998,2259,607.35,475.03,822.45,867.57,0.8704
17862,297.998,2344,198.57,513.94,273.24,641.32,0.7831
17862,297.998,2400,852.67,509.19,905.25,658.81,0.7867
17862,297.998,2403,1113.75,363.71,1392.61,1068.13,0.9134
17862,297.998,2408,0.0,477.81,133.66,747.28,0.8295
17862,297.998,2412,949.0,537.12,983.77,614.14,0.744
17862,297.998,2416,279.85,507.73,382.19,691.59,0.8638
17868,298.098,2259,652.89,468.19,871.85,871.45,0.8593
17868,298.098,2344,200.66,501.04,276.05,627.42,0.6894
17868,298.098,2400,845.17,497.56,895.69,647.13,0.6975
17868,298.098,2403,1058.33,351.98,1387.93,1072.81,0.8975
17868,298.098,2408,3.71,478.56,156.47,741.13,0.8593
17868,298.098,2412,944.38,525.18,977.94,600.84,0.7567
17868,298.098,2416,295.55,494.67,390.52,676.94,0.7527
17874,298.198,2259,694.03,475.6,936.06,872.8,0.8849
17874,298.198,2344,214.07,489.37,275.96,617.45,0.7932
17874,298.198,2400,840.03,488.54,888.47,637.37,0.7019
17874,298.198,2403,977.36,346.29,1331.31,1072.26,0.8912
17874,298.198,2408,12.01,475.09,157.1,735.16,0.8318
17874,298.198,2412,940.63,515.25,973.47,594.1,0.6914
17874,298.198,2416,309.78,479.27,387.52,664.96,0.8285
17880,298.298,2259,733.88,492.94,967.16,871.04,0.9061
17880,298.298,2344,219.58,480.98,278.69,608.78,0.8039
17880,298.298,2400,837.48,482.68,888.98,614.22,0.4717
17880,298.298,2403,942.04,349.32,1226.35,1073.61,0.8735
17880,298.298,2408,11.63,459.56,192.14,728.01,0.8859
17880,298.298,2412,938.68,508.61,970.6,586.99,0.7051
17880,298.298,2416,315.96,469.02,395.21,655.07,0.8301
17886,298.398,2259,757.43,489.0,959.45,868.79,0.8703
17886,298.398,2344,226.15,479.72,281.9,601.48,0.771
17886,298.398,2400,836.78,478.76,886.51,586.47,0.3838
17886,298.398,2403,862.59,344.06,1184.25,1073.26,0.9108
17886,298.398,2408,15.28,460.65,212.1,728.11,0.8778
17886,298.398,2412,935.81,505.31,968.61,580.33,0.6624
17886,298.398,2416,328.02,469.56,414.34,646.2,0.8091
17892,298.498,2259,766.7,472.9,937.3,867.85,0.7543
17892,298.498,2344,230.01,478.32,283.8,598.73,0.7194
17892,298.498,2403,798.37,335.94,1174.83,1076.07,0.9123
17892,298.498,2408,35.59,453.57,227.83,725.12,0.854
17892,298.498,2416,338.7,475.15,429.9,642.02,0.8194
17898,298.598,2259,767.08,457.75,926.99,869.35,0.8015
17898,298.598,2344,230.82,476.6,287.32,594.82,0.6828
17898,298.598,2403,780.98,332.21,1147.45,1076.58,0.9146
17898,298.598,2408,50.92,446.78,231.67,739.89,0.8529
17898,298.598,2416,348.33,475.52,430.56,635.75,0.811
17904,298.698,2344,232.25,474.28,291.38,593.91,0.7254
17904,298.698,2403,767.26,330.96,1095.46,1079.19,0.9088
17904,298.698,2408,55.27,451.29,235.67,751.01,0.8165
17904,298.698,2416,357.52,472.62,432.29,633.23,0.79
17910,298.798,2344,241.03,477.96,299.41,592.6,0.7166
17910,298.798,2403,758.96,336.29,1076.41,1079.42,0.8973
17910,298.798,2408,35.63,449.16,242.09,769.83,0.8946
17910,298.798,2416,365.54,478.97,442.28,632.84,0.7604
17916,298.899,2259,941.79,495.13,1051.94,882.4,0.4831
17916,298.899,2344,262.38,482.0,323.48,594.65,0.731
17916,298.899,2403,776.78,339.07,1015.63,1077.94,0.7869
17916,298.899,2408,27.93,444.72,259.66,796.24,0.8904
17916,298.899,2416,387.35,486.49,465.05,631.72,0.7462
17922,298.999,2344,313.57,485.89,373.62,595.24,0.7171
17922,298.999,2403,739.2,345.56,1037.32,1078.97,0.8112
17922,298.999,2408,51.61,456.88,293.53,814.4,0.7723
17922,298.999,2416,433.31,489.7,514.03,633.61,0.7976
17928,299.099,2344,417.41,487.88,469.26,594.34,0.7209
17928,299.099,2403,757.48,360.45,1087.98,1069.29,0.9068
17928,299.099,2408,160.64,467.15,356.17,816.78,0.8446
17928,299.099,2416,525.88,490.18,594.81,630.51,0.7724
17934,299.199,2344,557.58,495.04,604.44,595.64,0.7435
17934,299.199,2403,835.5,378.8,1189.75,1062.79,0.9061
17934,299.199,2408,315.78,481.18,499.36,816.29,0.8591
17934,299.199,2416,654.85,488.61,712.44,627.94,0.7738
17940,299.299,2344,694.04,503.01,736.38,601.27,0.7506
17940,299.299,2403,945.15,382.4,1285.22,1065.04,0.8813
17940,299.299,2408,446.39,488.9,638.12,818.13,0.8895
17940,299.299,2416,785.6,497.63,836.47,630.03,0.7227
17946,299.399,2344,816.09,511.84,858.76,603.74,0.627
17946,299.399,2403,1056.77,380.31,1315.57,1070.21,0.8868
17946,299.399,2408,553.21,493.8,768.34,818.99,0.9015
17946,299.399,2416,895.92,510.18,963.1,635.72,0.8106
17952,299.499,2344,928.82,515.42,974.35,610.97,0.7326
17952,299.499,2403,1123.5,380.88,1383.53,1080.0,0.9246
17952,299.499,2408,637.3,496.76,869.78,828.17,0.8614
17952,299.499,2416,1004.77,515.3,1077.53,643.25,0.8017
17958,299.599,2344,1035.11,522.99,1075.24,616.68,0.7152
17958,299.599,2403,1147.95,386.83,1449.73,1071.59,0.9206
17958,299.599,2408,697.26,507.71,916.36,823.43,0.8865
17958,299.599,2416,1109.11,522.47,1177.0,648.42,0.6614
17964,299.699,2344,1138.21,528.57,1179.87,626.16,0.6828
17964,299.699,2403,1178.12,397.73,1516.06,1074.61,0.9318
17964,299.699,2408,733.18,511.78,986.37,831.24,0.8439
17964,299.699,2416,1215.11,529.96,1265.04,655.96,0.7147
17970,299.8,2344,1233.19,534.04,1270.95,632.85,0.5403
17970,299.8,2403,1224.13,402.2,1547.84,1071.07,0.9383
17970,299.8,2408,801.03,522.39,1026.69,848.99,0.8528
17970,299.8,2416,1302.75,537.56,1350.83,668.32,0.5408
17970,299.8,2440,537.14,524.69,625.45,707.06,0.7425
17976,299.9,2403,1299.61,399.01,1581.47,1067.12,0.9198
17976,299.9,2440,631.64,526.98,707.3,707.65,0.7056
17982,300.0,2403,1324.67,398.2,1604.72,1068.69,0.9086
17982,300.0,2440,688.28,538.04,761.09,717.68,0.609
17988,300.1,2403,1339.3,406.6,1618.8,1070.52,0.9136
17988,300.1,2440,719.66,546.71,802.77,724.55,0.3498
17994,300.2,2403,1341.28,417.12,1623.85,1073.2,0.8843
18000,300.3,2403,1326.12,423.7,1600.82,1075.96,0.917
18000,300.3,2455,1581.75,569.36,1650.66,708.61,0.5301
18006,300.4,2403,1312.91,425.21,1563.06,1076.73,0.9032
18006,300.4,2440,802.57,563.52,888.15,735.36,0.4504
18006,300.4,2455,1595.37,572.03,1686.77,711.82,0.6232
18012,300.5,2403,1242.15,427.54,1536.16,1077.08,0.9011
18012,300.5,2440,818.06,562.49,895.55,739.37,0.6736
18012,300.5,2455,1618.96,570.57,1706.69,715.2,0.4194
18018,300.6,2403,1174.78,438.74,1530.67,1080.0,0.9172
18018,300.6,2440,841.83,565.64,901.76,740.14,0.7503
18018,300.6,2455,1640.91,586.15,1707.76,721.23,0.6015
18018,300.6,2459,10.94,526.61,137.68,699.25,0.7575
18024,300.7,2403,1128.15,455.36,1525.34,1080.0,0.9245
18024,300.7,2440,855.87,567.48,911.89,725.96,0.5881
18024,300.7,2455,1649.54,579.56,1728.78,722.89,0.785
18024,300.7,2459,37.93,530.43,166.1,825.39,0.8044
18030,300.8,2403,1151.51,469.5,1511.03,1031.63,0.8916
18030,300.8,2455,1663.79,581.63,1742.18,724.4,0.601
18030,300.8,2459,77.84,536.64,192.81,877.81,0.8549
18036,300.901,2403,1194.07,478.42,1493.46,894.39,0.8586
18036,300.901,2455,1674.85,589.58,1740.23,726.91,0.597
18036,300.901,2459,122.7,543.69,230.43,896.17,0.8461
18042,301.001,2440,883.46,579.36,939.52,749.03,0.7319
18042,301.001,2455,1684.41,596.23,1770.44,735.36,0.6366
18042,301.001,2459,160.33,548.89,263.73,898.46,0.819
18042,301.001,2465,33.2,592.24,76.1,703.11,0.7183
18042,301.001,2466,742.13,567.78,856.64,789.18,0.8547
18048,301.101,2403,1217.59,503.6,1427.97,735.52,0.8152
18048,301.101,2440,885.7,591.46,945.59,754.86,0.7965
18048,301.101,2459,182.91,554.38,301.63,904.74,0.8223
18048,301.101,2465,51.93,600.05,93.96,710.57,0.6451
18048,301.101,2466,750.16,579.59,870.05,805.97,0.8548
18054,301.201,2408,1211.55,517.39,1476.57,923.71,0.8456
18054,301.201,2440,893.38,594.94,953.73,758.86,0.7813
18054,301.201,2459,208.18,565.68,346.81,910.24,0.8952
18054,301.201,2465,74.62,607.74,115.31,714.31,0.6007
18054,301.201,2466,765.13,588.18,882.45,812.51,0.7939
18060,301.301,2408,1212.03,523.68,1485.78,1017.04,0.9172
18060,301.301,2440,905.15,602.33,965.09,758.66,0.7799
18060,301.301,2459,232.14,574.41,395.39,906.87,0.9199
18060,301.301,2465,98.62,610.57,141.25,719.51,0.5461
18060,301.301,2466,778.16,595.07,890.12,813.42,0.6562
18066,301.401,2408,1222.18,526.29,1492.72,1056.83,0.9286
18066,301.401,2440,909.48,604.41,964.1,760.73,0.4696
18066,301.401,2455,1701.23,610.67,1772.23,749.23,0.5374
18066,301.401,2459,243.09,579.45,419.78,905.99,0.9131
18066,301.401,2465,109.01,616.86,153.59,725.36,0.7415
18066,301.401,2466,792.76,606.25,894.76,802.58,0.6025
18072,301.501,2408,1243.68,526.96,1511.43,1076.27,0.9192
18072,301.501,2440,909.34,611.45,975.71,773.19,0.6672
18072,301.501,2455,1700.41,615.66,1780.65,757.51,0.5577
18072,301.501,2459,256.85,588.93,438.9,906.44,0.887
18072,301.501,2465,115.37,621.18,160.72,730.34,0.6755
18072,301.501,2466,813.73,611.94,909.99,805.12,0.7647
18078,301.601,2408,1265.49,535.68,1533.75,1080.0,0.9093
18078,301.601,2440,915.5,613.92,983.32,780.08,0.7028
18078,301.601,2455,1690.56,624.22,1785.26,761.36,0.6962
18078,301.601,2459,299.71,593.74,459.07,903.23,0.876
18078,301.601,2465,124.17,625.57,165.65,737.25,0.6652
18078,301.601,2466,830.68,611.5,923.54,810.76,0.7313
18084,301.701,2408,1290.38,549.94,1561.2,1080.0,0.908
18084,301.701,2440,928.3,619.8,993.21,774.82,0.6209
18084,301.701,2455,1687.15,630.27,1772.3,763.93,0.5877
18084,301.701,2459,358.83,599.98,481.38,906.93,0.8436
18084,301.701,2465,130.13,629.04,173.73,740.59,0.7252
18084,301.701,2466,856.52,614.02,936.75,804.44,0.7237
18090,301.802,2408,1319.33,558.5,1577.28,1080.0,0.8933
18090,301.802,2440,945.14,625.76,1019.16,777.07,0.6276
18090,301.802,2455,1679.3,634.32,1762.16,765.69,0.58
18090,301.802,2459,384.0,609.99,514.82,900.05,0.8691
18090,301.802,2465,135.98,630.88,177.18,741.25,0.7029
18090,301.802,2466,884.24,622.28,954.53,803.33,0.7209
18096,301.902,2408,1355.36,557.18,1606.76,1080.0,0.8932
18096,301.902,2440,953.88,628.87,1014.72,767.86,0.6012
18096,301.902,2455,1673.48,641.19,1755.36,766.38,0.485
18096,301.902,2459,395.72,612.37,557.38,900.07,0.8911
18096,301.902,2465,143.1,632.81,184.62,742.43,0.634
18096,301.902,2466,895.71,624.02,973.75,804.24,0.6573
18102,302.002,2408,1403.47,555.55,1638.32,1080.0,0.8977
18102,302.002,2440,963.79,626.78,1017.18,766.63,0.3825
18102,302.002,2455,1665.1,641.71,1731.74,768.67,0.5557
18102,302.002,2459,410.53,618.1,579.61,900.24,0.8864
18102,302.002,2465,149.26,639.98,190.63,745.66,0.6694
18102,302.002,2466,908.77,625.55,1000.59,802.79,0.6243
18108,302.102,2408,1444.59,558.62,1665.43,1080.0,0.8995
18108,302.102,2440,958.31,633.47,1016.38,773.51,0.4133
18108,302.102,2455,1653.04,644.81,1713.82,770.62,0.4839
18108,302.102,2459,450.41,619.07,599.67,901.6,0.7435
18108,302.102,2465,150.89,643.59,193.47,748.91,0.6545
18108,302.102,2466,932.87,635.45,1008.4,786.25,0.5493
18114,302.202,2408,1484.72,564.83,1709.89,1080.0,0.9066
18114,302.202,2459,508.45,608.4,615.68,903.08,0.7753
18114,302.202,2465,152.59,645.26,195.07,750.48,0.6769
18114,302.202,2466,962.84,632.49,1035.43,794.33,0.6691
18120,302.302,2408,1517.85,571.27,1740.62,1079.69,0.9009
18120,302.302,2459,530.69,608.99,654.31,901.14,0.8645
18120,302.302,2465,152.56,647.2,195.15,753.72,0.6735
18120,302.302,2466,976.79,627.06,1055.04,799.69,0.6891
18126,302.402,2408,1551.96,571.15,1784.69,1077.95,0.9083
18126,302.402,2459,537.53,614.06,694.11,901.35,0.9063
18126,302.402,2465,151.84,649.41,195.23,755.8,0.628
18126,302.402,2466,996.17,632.61,1068.44,797.42,0.7611
18132,302.502,2408,1586.97,573.65,1816.38,1078.75,0.889
18132,302.502,2459,548.71,618.72,723.98,905.9,0.8861
18132,302.502,2465,148.94,651.2,193.45,758.77,0.6683
18132,302.502,2466,1021.23,644.05,1080.51,796.51,0.6569
18138,302.602,2408,1633.43,574.99,1856.55,1079.03,0.8427
18138,302.602,2440,939.89,643.39,986.57,741.24,0.5839
18138,302.602,2455,1568.3,655.73,1638.4,776.96,0.4569
18138,302.602,2459,584.78,615.36,737.01,905.26,0.8422
18138,302.602,2465,145.43,652.86,191.22,759.27,0.5964
18138,302.602,2466,1030.82,643.88,1104.57,797.83,0.7975
18144,302.702,2408,1658.32,585.49,1903.83,1080.0,0.9055
18144,302.702,2455,1555.56,649.83,1625.06,779.33,0.5562
18144,302.702,2459,631.45,613.24,737.75,910.23,0.7967
18144,302.702,2465,137.9,654.7,182.23,762.56,0.678
18144,302.702,2466,1038.69,650.03,1116.85,793.58,0.6778
18150,302.803,2408,1664.16,588.93,1919.83,1080.0,0.9178
18150,302.803,2455,1542.71,659.76,1606.02,779.22,0.4905
18150,302.803,2459,640.19,616.26,766.07,910.54,0.8851
18150,302.803,2465,125.95,655.99,171.13,765.95,0.6544
18150,302.803,2466,1061.91,655.66,1125.46,790.66,0.6152
18156,302.903,2408,1693.17,588.82,1920.0,1079.4,0.8433
18156,302.903,2455,1527.94,672.74,1591.9,783.33,0.6571
18156,302.903,2459,635.71,624.17,790.85,910.96,0.9128
18156,302.903,2465,112.1,656.25,158.17,768.73,0.7268
18156,302.903,2466,1070.27,648.01,1130.01,793.14,0.7406
18162,303.003,2408,1723.77,584.35,1920.0,1079.3,0.8618
18162,303.003,2455,1505.83,677.89,1557.35,776.46,0.4064
18162,303.003,2459,640.51,630.82,797.84,912.33,0.8792
18162,303.003,2465,95.95,657.17,141.0,771.7,0.6352
18162,303.003,2466,1074.0,647.75,1138.19,794.77,0.7078
18168,303.103,2408,1734.96,587.72,1920.0,1079.29,0.8855
18168,303.103,2455,1482.0,680.47,1524.64,773.98,0.4446
18168,303.103,2459,666.84,641.31,795.52,914.97,0.7875
18168,303.103,2465,74.36,660.45,120.26,775.89,0.6215
18168,303.103,2466,1077.52,652.78,1143.49,797.04,0.716
18174,303.203,2408,1742.63,599.59,1920.0,1079.6,0.8824
18174,303.203,2455,1461.73,679.67,1500.28,774.55,0.6638
18174,303.203,2459,704.73,634.51,803.04,916.84,0.796
18174,303.203,2465,53.86,663.16,100.48,778.45,0.619
18174,303.203,2466,1087.43,659.51,1145.7,797.72,0.5807
18180,303.303,2408,1757.58,609.39,1920.0,1079.25,0.8876
18180,303.303,2455,1439.08,675.95,1477.97,774.81,0.6975
18180,303.303,2459,703.59,627.54,829.63,916.79,0.8794
18180,303.303,2465,31.3,661.15,85.32,782.46,0.7083
18180,303.303,2466,1082.51,661.96,1153.68,800.13,0.6007
18192,303.503,2516,919.17,786.06,1061.54,1080.0,0.8804
18192,303.503,2517,1022.3,324.05,1112.37,510.64,0.7694
18192,303.503,2519,1571.15,345.13,1634.51,516.68,0.6838
18192,303.503,2522,1068.55,233.18,1110.51,342.91,0.5756
18192,303.503,2524,1179.24,402.58,1277.02,642.32,0.871
18198,303.603,2516,843.66,775.45,960.02,1080.0,0.8808
18198,303.603,2517,920.63,320.87,1012.74,512.18,0.7668
18198,303.603,2519,1447.29,347.73,1509.27,504.44,0.7099
18198,303.603,2522,956.73,234.74,1000.39,348.46,0.499
18198,303.603,2524,1058.2,382.15,1168.77,642.44,0.7938
18204,303.703,2516,751.04,767.12,919.77,1080.0,0.9068
18204,303.703,2517,813.79,329.5,916.78,510.38,0.8197
18204,303.703,2519,1300.77,329.06,1373.0,498.82,0.7136
18204,303.703,2522,838.61,239.09,881.6,346.91,0.4218
18204,303.703,2524,945.95,390.73,1063.7,632.96,0.7479
18210,303.803,2516,627.97,768.72,860.62,1080.0,0.8898
18210,303.803,2517,705.13,334.25,804.95,507.53,0.7136
18210,303.803,2519,1161.16,329.03,1248.32,507.36,0.7835
18210,303.803,2522,719.16,244.28,763.41,340.22,0.4142
18210,303.803,2524,843.81,392.58,957.88,624.27,0.7763
18216,303.904,2408,1743.88,587.34,1916.78,995.17,0.8862
18216,303.904,2516,521.19,768.7,792.48,1080.0,0.9015
18216,303.904,2517,606.04,330.78,688.19,511.89,0.6995
18216,303.904,2519,1030.21,336.12,1121.2,511.83,0.789
18216,303.904,2522,601.06,250.57,648.68,344.47,0.4343
18216,303.904,2524,731.36,386.22,847.28,619.4,0.8167
18216,303.904,2532,531.93,314.9,607.27,464.48,0.6716
18222,304.004,2408,1639.45,582.97,1811.04,977.95,0.8752
18222,304.004,2516,444.95,764.73,713.44,1080.0,0.9057
18222,304.004,2517,513.42,326.78,575.2,515.39,0.7001
18222,304.004,2519,899.01,343.44,1007.9,517.66,0.81
18222,304.004,2522,487.41,256.96,531.39,356.18,0.3561
18222,304.004,2524,629.48,381.99,741.07,615.9,0.796
18222,304.004,2532,407.64,322.84,482.05,471.24,0.6855
18222,304.004,2533,551.09,367.77,639.82,596.19,0.8238
18228,304.104,2408,1546.17,580.34,1714.73,943.39,0.8893
18228,304.104,2516,412.45,755.58,623.04,1079.85,0.9045
18228,304.104,2519,775.08,346.12,898.41,522.91,0.7805
18228,304.104,2522,375.75,258.96,422.08,371.32,0.4435
18228,304.104,2524,537.06,388.59,653.1,609.12,0.7306
18228,304.104,2532,296.01,329.01,364.2,479.51,0.6781
18228,304.104,2533,430.98,378.33,516.15,604.51,0.6298
18234,304.204,2408,1465.88,568.93,1616.97,909.55,0.8939
18234,304.204,2516,379.63,752.07,544.59,1077.86,0.8844
18234,304.204,2519,684.1,350.8,815.64,526.21,0.7723
18234,304.204,2522,290.04,263.45,331.41,382.34,0.49
18234,304.204,2524,478.8,390.05,586.73,612.23,0.8073
18234,304.204,2532,203.02,328.97,263.97,483.62,0.6355
18234,304.204,2533,335.25,356.0,418.96,613.76,0.7209
18234,304.204,2537,1155.68,360.45,1248.67,550.28,0.6854
18240,304.304,2408,1405.24,543.81,1542.42,899.07,0.8784
18240,304.304,2516,351.32,752.23,496.43,1077.01,0.8316
18240,304.304,2519,636.07,355.59,766.16,529.34,0.8427
18240,304.304,2522,215.77,269.93,263.18,389.55,0.5958
18240,304.304,2524,436.94,387.4,538.82,614.87,0.7679
18240,304.304,2532,127.92,326.41,186.97,482.09,0.5252
18240,304.304,2533,257.48,355.31,346.1,621.01,0.7554
18240,304.304,2537,1075.93,355.91,1160.47,561.15,0.5471
18246,304.404,2408,1370.48,525.34,1490.66,871.92,0.8698
18246,304.404,2516,335.7,753.09,475.96,1076.91,0.7846
18246,304.404,2519,600.2,353.29,733.24,532.99,0.8298
18246,304.404,2522,156.56,278.6,211.56,395.35,0.474
18246,304.404,2524,403.35,389.14,498.9,617.77,0.8225
18246,304.404,2532,75.95,329.88,148.45,488.84,0.6186
18246,304.404,2533,195.2,369.71,297.6,628.1,0.7125
18246,304.404,2537,968.87,360.95,1102.01,572.31,0.7943
18252,304.504,2408,1343.17,515.5,1462.7,851.23,0.8795
18252,304.504,2516,320.75,742.47,463.0,1075.96,0.8935
18252,304.504,2517,183.64,358.05,257.47,550.69,0.6097
18252,304.504,2519,574.24,348.06,712.88,530.94,0.8559
18252,304.504,2522,122.75,276.37,176.32,398.23,0.6023
18252,304.504,2524,386.87,392.85,470.36,611.59,0.7444
18252,304.504,2532,32.65,337.94,114.49,491.53,0.8333
18252,304.504,2533,147.2,383.33,224.56,630.63,0.582
18252,304.504,2537,905.47,361.35,1053.64,575.1,0.7453
18258,304.604,2408,1322.65,502.27,1459.41,843.64,0.8648
18258,304.604,2516,311.25,728.62,466.4,1076.84,0.9107
18258,304.604,2517,149.97,360.17,240.24,559.76,0.6972
18258,304.604,2519,562.88,343.62,698.4,524.63,0.7698
18258,304.604,2522,104.1,275.87,149.9,403.18,0.4477
18258,304.604,2524,376.06,389.73,458.18,613.06,0.7745
18258,304.604,2532,1.53,342.35,83.14,494.43,0.6906
18258,304.604,2533,107.67,399.11,171.45,635.08,0.6276
18258,304.604,2537,876.33,360.5,1000.42,577.57,0.7401
18264,304.704,2408,1307.23,485.82,1463.86,822.98,0.8938
18264,304.704,2516,294.22,719.91,490.21,1077.41,0.9093
18264,304.704,2517,129.28,365.43,236.36,566.72,0.8464
18264,304.704,2519,571.86,341.86,684.38,521.79,0.7247
18264,304.704,2522,81.43,275.65,126.88,405.59,0.3602
18264,304.704,2524,366.26,390.49,449.62,614.42,0.7366
18264,304.704,2532,0.0,344.28,50.21,492.3,0.6763
18264,304.704,2533,71.42,398.29,124.88,637.55,0.5861
18264,304.704,2537,835.51,360.92,969.89,584.39,0.6521
18270,304.805,2408,1302.11,468.04,1461.43,790.81,0.8626
18270,304.805,2516,282.67,715.96,510.07,1077.27,0.8983
18270,304.805,2517,120.45,369.22,221.78,568.27,0.8475
18270,304.805,2519,594.79,340.23,688.48,525.33,0.7486
18270,304.805,2522,64.35,276.26,117.66,401.9,0.368
18270,304.805,2524,359.33,396.12,466.21,615.52,0.7512
18270,304.805,2532,0.0,340.93,29.56,492.78,0.6485
18270,304.805,2533,46.4,403.82,98.59,642.27,0.67
18270,304.805,2537,804.0,380.31,928.05,589.75,0.5873
18276,304.905,2408,1310.92,463.65,1464.68,763.96,0.873
18276,304.905,2516,282.95,710.75,527.77,1076.91,0.9018
18276,304.905,2517,121.95,364.99,217.22,570.16,0.8071
18276,304.905,2519,610.04,331.18,713.02,522.68,0.7811
18276,304.905,2524,373.23,398.98,463.93,615.26,0.6962
18276,304.905,2532,0.0,339.76,29.79,485.16,0.4079
18276,304.905,2533,35.01,411.96,88.13,648.21,0.7322
18276,304.905,2537,770.38,398.64,903.42,600.94,0.7617
18282,305.005,2408,1321.87,471.06,1472.32,751.75,0.8908
18282,305.005,2516,301.03,706.59,538.23,1076.52,0.8938
18282,305.005,2517,128.96,361.11,226.68,573.36,0.834
18282,305.005,2519,645.97,324.99,742.23,520.87,0.7373
18282,305.005,2522,79.01,281.41,128.66,399.89,0.4348
18282,305.005,2524,396.64,395.88,478.45,612.52,0.8093
18282,305.005,2532,3.08,338.89,46.32,482.71,0.5869
18282,305.005,2533,31.42,414.67,90.83,650.79,0.768
18282,305.005,2537,761.53,408.47,879.13,613.82,0.768
18288,305.105,2408,1326.26,473.21,1474.01,746.43,0.9016
18288,305.105,2516,323.2,704.58,553.13,1076.53,0.9338
18288,305.105,2517,136.68,370.59,245.04,575.94,0.8309
18288,305.105,2519,699.38,317.89,769.52,515.84,0.7499
18288,305.105,2524,412.59,393.52,492.08,612.16,0.7808
18288,305.105,2533,28.75,413.82,99.22,653.62,0.8043
18288,305.105,2537,752.44,412.89,867.72,623.1,0.7476
18294,305.205,2408,1369.64,471.7,1516.45,741.02,0.8838
18294,305.205,2516,381.43,706.75,615.15,1073.15,0.9095
18294,305.205,2517,177.15,377.72,289.81,575.03,0.8358
18294,305.205,2524,463.38,399.93,552.09,617.69,0.8237
18294,305.205,2533,65.86,408.79,150.3,651.09,0.7234
18294,305.205,2537,777.19,407.48,895.15,629.22,0.8172
18300,305.305,2408,1498.72,457.51,1622.0,735.17,0.8298
18300,305.305,2516,489.24,711.67,709.13,1062.39,0.9042
18300,305.305,2517,263.1,377.98,376.01,567.72,0.7691
18300,305.305,2519,887.22,320.01,966.98,510.36,0.7732
18300,305.305,2524,566.81,403.54,650.11,616.85,0.8257
18300,305.305,2533,158.16,408.16,248.01,642.79,0.7524
18300,305.305,2537,839.16,404.9,963.49,637.51,0.8298
18306,305.405,2408,1669.61,446.7,1768.42,733.21,0.8384
18306,305.405,2516,601.8,713.41,826.74,1052.68,0.8969
18306,305.405,2517,377.33,373.64,494.08,558.93,0.7964
18306,305.405,2519,1040.08,320.94,1133.47,516.29,0.7697
18306,305.405,2524,695.87,402.13,781.44,610.89,0.8111
18306,305.405,2533,285.37,401.25,371.2,634.1,0.7698
18306,305.405,2537,931.83,411.14,1051.0,648.85,0.82
18312,305.505,2408,1847.88,453.5,1919.61,737.22,0.7889
18312,305.505,2516,679.3,706.1,959.99,1041.91,0.9083
18312,305.505,2517,511.49,366.69,623.78,555.18,0.7894
18312,305.505,2519,1202.74,322.8,1301.0,518.6,0.7951
18312,305.505,2524,840.9,396.24,924.09,609.23,0.7622
18312,305.505,2533,425.45,391.41,519.21,624.19,0.7875
18312,305.505,2537,1045.78,417.34,1150.09,656.21,0.8555
18312,305.505,2566,130.76,328.49,201.76,502.01,0.748
18318,305.605,2516,777.04,698.67,1084.61,1032.74,0.9101
18318,305.605,2517,657.78,358.91,764.2,551.74,0.7765
18318,305.605,2519,1390.59,339.01,1475.94,511.8,0.757
18318,305.605,2524,997.75,392.48,1083.21,610.67,0.8261
18318,305.605,2533,562.78,382.8,679.95,619.79,0.7453
18318,305.605,2537,1184.76,419.32,1279.89,668.54,0.8685
18318,305.605,2566,283.61,316.92,359.2,491.27,0.7743
18324,305.705,2516,892.64,697.9,1170.07,1019.76,0.8727
18324,305.705,2517,810.12,348.65,915.38,539.45,0.7418
18324,305.705,2519,1586.96,347.08,1665.09,526.97,0.7158
18324,305.705,2524,1168.27,394.79,1260.32,627.25,0.8166
18324,305.705,2533,713.33,378.11,846.49,615.93,0.7985
18324,305.705,2537,1326.7,432.63,1429.86,683.29,0.8734
18324,305.705,2566,443.03,311.25,530.53,479.41,0.8146
18330,305.805,2516,1029.51,690.24,1295.87,1022.96,0.8906
18330,305.805,2519,1793.63,353.4,1873.91,546.12,0.7433
18330,305.805,2524,1347.4,405.1,1441.08,647.6,0.8399
18330,305.805,2533,874.91,379.1,1026.29,620.07,0.8231
18330,305.805,2537,1495.56,454.54,1592.4,700.41,0.852
18330,305.805,2566,610.18,306.47,712.42,470.39,0.8082
18336,305.906,2516,1150.94,684.32,1396.39,1018.62,0.8443
18336,305.906,2524,1527.69,421.2,1622.63,663.31,0.8213
18336,305.906,2532,1179.38,293.86,1243.78,439.16,0.8029
18336,305.906,2533,1045.99,380.26,1212.75,609.47,0.6679
18336,305.906,2537,1655.77,472.99,1758.78,718.64,0.7966
18336,305.906,2566,774.91,302.94,885.28,466.02,0.7822
18342,306.006,2516,1225.73,693.67,1476.57,1032.77,0.8903
18342,306.006,2524,1704.45,437.57,1793.36,685.79,0.7765
18342,306.006,2532,1363.2,300.86,1426.24,445.87,0.5512
18342,306.006,2533,1210.25,381.75,1383.62,624.22,0.8334
18342,306.006,2537,1823.4,489.36,1916.18,749.53,0.8173
18342,306.006,2566,931.9,300.26,1030.11,463.73,0.7149
18348,306.106,2516,1296.06,700.55,1586.55,1044.34,0.9128
18348,306.106,2524,1875.18,452.97,1920.0,707.25,0.7041
18348,306.106,2532,1538.3,336.8,1601.2,457.47,0.6113
18348,306.106,2533,1366.71,388.88,1517.85,616.57,0.7685
18348,306.106,2566,1078.49,294.54,1174.36,464.85,0.7322
18354,306.206,2516,1324.76,705.05,1611.01,1058.1,0.8808
18354,306.206,2532,1692.6,348.31,1760.39,471.9,0.6937
18354,306.206,2533,1522.99,397.98,1650.77,645.57,0.7635
18354,306.206,2566,1207.59,293.18,1305.81,469.65,0.8071
18360,306.306,2516,1358.55,697.97,1656.75,1069.86,0.9136
18360,306.306,2532,1827.66,353.07,1899.44,486.97,0.692
18360,306.306,2533,1653.16,409.94,1781.08,665.83,0.7889
18360,306.306,2566,1323.46,298.75,1411.43,475.51,0.7481
18366,306.406,2516,1387.32,687.88,1644.7,1046.0,0.8935
18366,306.406,2533,1749.62,423.77,1890.76,676.2,0.8677
18366,306.406,2566,1414.58,334.08,1487.24,483.18,0.6328
18372,306.506,2516,1363.14,679.57,1614.85,1044.77,0.8951
18372,306.506,2533,1829.81,437.74,1920.0,698.41,0.7318
18372,306.506,2566,1479.17,347.34,1568.9,485.48,0.8173
18378,306.606,2516,1334.48,665.26,1596.48,1009.2,0.8843
18378,306.606,2566,1541.96,351.54,1634.83,485.82,0.7327
18384,306.706,2566,1595.65,351.53,1675.51,490.86,0.7068
18390,306.807,2566,1648.28,352.37,1733.71,491.99,0.7761
18390,306.807,2578,70.45,255.64,165.68,447.25,0.814
18396,306.907,2566,1685.63,353.43,1786.48,493.09,0.783
18396,306.907,2578,137.52,246.34,215.76,443.4,0.7988
18402,307.007,2566,1736.53,350.77,1813.44,496.18,0.7376
18402,307.007,2578,198.15,242.89,265.98,435.35,0.7554
18408,307.107,2566,1787.29,350.4,1842.86,464.79,0.6606
18408,307.107,2578,253.73,237.35,320.84,427.62,0.7943
18414,307.207,2566,1819.14,350.99,1894.09,490.74,0.5973
18414,307.207,2578,305.04,230.96,368.75,419.11,0.7886
18420,307.307,2566,1837.63,351.16,1919.84,488.92,0.3846
18420,307.307,2578,345.86,224.54,407.1,416.68,0.781
18426,307.407,2566,1847.88,348.34,1920.0,496.02,0.6802
18426,307.407,2578,370.23,220.83,433.64,411.23,0.7813
18432,307.507,2566,1849.18,348.2,1918.54,498.11,0.7424
18432,307.507,2578,388.6,217.22,460.49,406.18,0.7981
18438,307.607,2566,1839.33,349.09,1920.0,495.27,0.815
18438,307.607,2578,417.85,215.12,491.95,399.78,0.804
18444,307.707,2566,1852.95,349.95,1920.0,492.84,0.7341
18444,307.707,2578,448.51,211.72,516.7,397.02,0.7775
18450,307.808,2566,1878.42,349.76,1920.0,494.09,0.6967
18450,307.808,2578,480.11,208.39,547.82,393.46,0.8276
18456,307.908,2566,1882.62,350.76,1920.0,484.34,0.6365
18456,307.908,2578,514.91,203.01,579.75,387.4,0.7908
18462,308.008,2578,549.9,201.55,616.03,382.38,0.7966
18468,308.108,2578,588.28,195.1,654.6,378.36,0.7721
18474,308.208,2578,624.65,189.47,688.58,369.54,0.7645
18480,308.308,2578,653.02,187.33,722.68,365.89,0.7639
