frame,video_time,scoreboard_present
0,0.0,1
12,0.2,1
24,0.4,1
36,0.601,1
48,0.801,1
60,1.001,1
72,1.201,1
84,1.401,1
96,1.602,1
108,1.802,1
120,2.002,1
132,2.202,1
144,2.402,1
156,2.603,1
168,2.803,1
180,3.003,1
192,3.203,1
204,3.403,1
216,3.604,1
228,3.804,1
240,4.004,1
252,4.204,1
264,4.404,1
276,4.605,1
288,4.805,1
300,5.005,1
312,5.205,1
324,5.405,1
336,5.606,1
348,5.806,1
360,6.006,1
372,6.206,1
384,6.406,1
396,6.607,1
408,6.807,1
420,7.007,1
432,7.207,1
444,7.407,1
456,7.608,1
468,7.808,1
480,8.008,1
492,8.208,1
504,8.408,1
516,8.609,1
528,8.809,1
540,9.009,1
552,9.209,1
564,9.409,1
576,9.61,1
588,9.81,1
600,10.01,1
612,10.21,1
624,10.41,1
636,10.611,1
648,10.811,1
660,11.011,1
672,11.211,1
684,11.411,1
696,11.612,1
708,11.812,1
720,12.012,1
732,12.212,1
744,12.412,1
756,12.613,1
768,12.813,1
780,13.013,1
792,13.213,1
804,13.413,1
816,13.614,1
828,13.814,1
840,14.014,1
852,14.214,1
864,14.414,1
876,14.615,1
888,14.815,1
900,15.015,1
912,15.215,1
924,15.415,1
936,15.616,1
948,15.816,1
960,16.016,1
972,16.216,0
984,16.416,0
996,16.617,0
1008,16.817,0
1020,17.017,0
1032,17.217,0
1044,17.417,1
1056,17.618,0
1068,17.818,0
1080,18.018,1
1092,18.218,0
1104,18.418,0
1116,18.619,0
1128,18.819,0
1140,19.019,0
1152,19.219,0
1164,19.419,0
1176,19.62,0
1188,19.82,0
1200,20.02,0
1212,20.22,0
1224,20.42,0
1236,20.621,0
1248,20.821,0
1260,21.021,0
1272,21.221,0
1284,21.421,0
1296,21.622,0
1308,21.822,0
1320,22.022,0
1332,22.222,0
1344,22.422,0
1356,22.623,0
1368,22.823,0
1380,23.023,0
1392,23.223,0
1404,23.423,0
1416,23.624,0
1428,23.824,0
1440,24.024,0
1452,24.224,0
1464,24.424,0
1476,24.625,0
1488,24.825,0
1500,25.025,0
1512,25.225,0
1524,25.425,0
1536,25.626,0
1548,25.826,0
1560,26.026,0
1572,26.226,0
1584,26.426,0
1596,26.627,0
1608,26.827,0
1620,27.027,0
1632,27.227,0
1644,27.427,0
1656,27.628,0
1668,27.828,0
1680,28.028,0
1692,28.228,0
1704,28.428,0
1716,28.629,0
1728,28.829,0
1740,29.029,0
1752,29.229,0
1764,29.429,0
1776,29.63,0
1788,29.83,0
1800,30.03,0
1812,30.23,0
1824,30.43,0
1836,30.631,0
1848,30.831,0
1860,31.031,0
1872,31.231,0
1884,31.431,0
1896,31.632,0
1908,31.832,0
1920,32.032,0
1932,32.232,0
1944,32.432,0
1956,32.633,0
1968,32.833,0
1980,33.033,0
1992,33.233,0
2004,33.433,0
2016,33.634,0
2028,33.834,0
2040,34.034,0
2052,34.234,0
2064,34.434,0
2076,34.635,0
2088,34.835,0
2100,35.035,0
2112,35.235,0
2124,35.435,0
2136,35.636,0
2148,35.836,0
2160,36.036,0
2172,36.236,0
2184,36.436,1
2196,36.637,1
2208,36.837,0
2220,37.037,0
2232,37.237,0
2244,37.437,0
2256,37.638,0
2268,37.838,0
2280,38.038,0
2292,38.238,0
2304,38.438,0
2316,38.639,0
2328,38.839,0
2340,39.039,0
2352,39.239,0
2364,39.439,0
2376,39.64,0
2388,39.84,0
2400,40.04,0
2412,40.24,0
2424,40.44,0
2436,40.641,0
2448,40.841,0
2460,41.041,0
2472,41.241,0
2484,41.441,0
2496,41.642,0
2508,41.842,0
2520,42.042,0
2532,42.242,0
2544,42.442,0
2556,42.643,0
2568,42.843,0
2580,43.043,0
2592,43.243,0
2604,43.443,0
2616,43.644,0
2628,43.844,0
2640,44.044,0
2652,44.244,0
2664,44.444,0
2676,44.645,0
2688,44.845,0
2700,45.045,0
2712,45.245,0
2724,45.445,0
2736,45.646,0
2748,45.846,0
2760,46.046,0
2772,46.246,0
2784,46.446,0
2796,46.647,0
2808,46.847,0
2820,47.047,0
2832,47.247,0
2844,47.447,0
2856,47.648,0
2868,47.848,0
2880,48.048,0
2892,48.248,0
2904,48.448,0
2916,48.649,0
2928,48.849,0
2940,49.049,0
2952,49.249,0
2964,49.449,0
2976,49.65,0
2988,49.85,0
3000,50.05,0
3012,50.25,0
3024,50.45,0
3036,50.651,0
3048,50.851,0
3060,51.051,0
3072,51.251,0
3084,51.451,0
3096,51.652,0
3108,51.852,0
3120,52.052,0
3132,52.252,0
3144,52.452,0
3156,52.653,0
3168,52.853,0
3180,53.053,0
3192,53.253,0
3204,53.453,0
3216,53.654,0
3228,53.854,0
3240,54.054,0
3252,54.254,0
3264,54.454,0
3276,54.655,0
3288,54.855,0
3300,55.055,0
3312,55.255,0
3324,55.455,0
3336,55.656,0
3348,55.856,0
3360,56.056,0
3372,56.256,0
3384,56.456,0
3396,56.657,0
3408,56.857,0
3420,57.057,0
3432,57.257,0
3444,57.457,0
3456,57.658,0
3468,57.858,0
3480,58.058,0
3492,58.258,0
3504,58.458,0
3516,58.659,0
3528,58.859,0
3540,59.059,0
3552,59.259,0
3564,59.459,0
3576,59.66,0
3588,59.86,0
3600,60.06,0
3612,60.26,0
3624,60.46,0
3636,60.661,0
3648,60.861,0
3660,61.061,0
3672,61.261,0
3684,61.461,0
3696,61.662,0
3708,61.862,0
3720,62.062,0
3732,62.262,0
3744,62.462,0
3756,62.663,0
3768,62.863,0
3780,63.063,0
3792,63.263,0
3804,63.463,0
3816,63.664,0
3828,63.864,0
3840,64.064,0
3852,64.264,0
3864,64.464,0
3876,64.665,0
3888,64.865,0
3900,65.065,0
3912,65.265,0
3924,65.465,0
3936,65.666,0
3948,65.866,0
3960,66.066,0
3972,66.266,0
3984,66.466,0
3996,66.667,0
4008,66.867,0
4020,67.067,0
4032,67.267,0
4044,67.467,0
4056,67.668,0
4068,67.868,0
4080,68.068,0
4092,68.268,0
4104,68.468,0
4116,68.669,0
4128,68.869,0
4140,69.069,0
4152,69.269,0
4164,69.469,0
4176,69.67,0
4188,69.87,0
4200,70.07,0
4212,70.27,0
4224,70.47,0
4236,70.671,0
4248,70.871,0
4260,71.071,0
4272,71.271,0
4284,71.471,0
4296,71.672,0
4308,71.872,0
4320,72.072,0
4332,72.272,0
4344,72.472,0
4356,72.673,0
4368,72.873,0
4380,73.073,0
4392,73.273,0
4404,73.473,0
4416,73.674,0
4428,73.874,0
4440,74.074,0
4452,74.274,0
4464,74.474,0
4476,74.675,0
4488,74.875,0
4500,75.075,0
4512,75.275,0
4524,75.475,0
4536,75.676,0
4548,75.876,0
4560,76.076,0
4572,76.276,0
4584,76.476,0
4596,76.677,0
4608,76.877,0
4620,77.077,0
4632,77.277,0
4644,77.477,0
4656,77.678,0
4668,77.878,0
4680,78.078,0
4692,78.278,0
4704,78.478,0
4716,78.679,0
4728,78.879,0
4740,79.079,0
4752,79.279,0
4764,79.479,0
4776,79.68,0
4788,79.88,0
4800,80.08,0
4812,80.28,0
4824,80.48,0
4836,80.681,0
4848,80.881,0
4860,81.081,0
4872,81.281,0
4884,81.481,0
4896,81.682,0
4908,81.882,0
4920,82.082,0
4932,82.282,0
4944,82.482,0
4956,82.683,1
4968,82.883,1
4980,83.083,1
4992,83.283,1
5004,83.483,1
5016,83.684,1
5028,83.884,1
5040,84.084,1
5052,84.284,1
5064,84.484,1
5076,84.685,1
5088,84.885,1
5100,85.085,1
5112,85.285,1
5124,85.485,1
5136,85.686,1
5148,85.886,1
5160,86.086,1
5172,86.286,1
5184,86.486,1
5196,86.687,1
5208,86.887,1
5220,87.087,1
5232,87.287,1
5244,87.487,1
5256,87.688,1
5268,87.888,1
5280,88.088,1
5292,88.288,1
5304,88.488,1
5316,88.689,1
5328,88.889,1
5340,89.089,1
5352,89.289,1
5364,89.489,1
5376,89.69,1
5388,89.89,1
5400,90.09,1
5412,90.29,0
5424,90.49,0
5436,90.691,0
5448,90.891,0
5460,91.091,0
5472,91.291,0
5484,91.491,0
5496,91.692,0
5508,91.892,0
5520,92.092,0
5532,92.292,0
5544,92.492,0
5556,92.693,0
5568,92.893,0
5580,93.093,0
5592,93.293,0
5604,93.493,0
5616,93.694,0
5628,93.894,0
5640,94.094,1
5652,94.294,1
5664,94.494,1
5676,94.695,1
5688,94.895,1
5700,95.095,1
5712,95.295,1
5724,95.495,1
5736,95.696,1
5748,95.896,1
5760,96.096,1
5772,96.296,1
5784,96.496,1
5796,96.697,1
5808,96.897,1
5820,97.097,1
5832,97.297,1
5844,97.497,1
5856,97.698,1
5868,97.898,1
5880,98.098,1
5892,98.298,1
5904,98.498,1
5916,98.699,1
5928,98.899,1
5940,99.099,1
5952,99.299,1
5964,99.499,1
5976,99.7,1
5988,99.9,1
6000,100.1,1
6012,100.3,1
6024,100.5,1
6036,100.701,1
6048,100.901,1
6060,101.101,1
6072,101.301,1
6084,101.501,1
6096,101.702,1
6108,101.902,1
6120,102.102,1
6132,102.302,1
6144,102.502,1
6156,102.703,1
6168,102.903,1
6180,103.103,1
6192,103.303,1
6204,103.503,1
6216,103.704,1
6228,103.904,1
6240,104.104,1
6252,104.304,1
6264,104.504,1
6276,104.705,1
6288,104.905,1
6300,105.105,1
6312,105.305,1
6324,105.505,1
6336,105.706,1
6348,105.906,1
6360,106.106,1
6372,106.306,1
6384,106.506,1
6396,106.707,1
6408,106.907,1
6420,107.107,1
6432,107.307,1
6444,107.507,1
6456,107.708,1
6468,107.908,1
6480,108.108,1
6492,108.308,1
6504,108.508,1
6516,108.709,1
6528,108.909,1
6540,109.109,1
6552,109.309,1
6564,109.509,1
6576,109.71,1
6588,109.91,1
6600,110.11,1
6612,110.31,1
6624,110.51,1
6636,110.711,1
6648,110.911,1
6660,111.111,1
6672,111.311,1
6684,111.511,1
6696,111.712,1
6708,111.912,1
6720,112.112,1
6732,112.312,1
6744,112.512,1
6756,112.713,1
6768,112.913,1
6780,113.113,1
6792,113.313,1
6804,113.513,1
6816,113.714,1
6828,113.914,1
6840,114.114,1
6852,114.314,1
6864,114.514,1
6876,114.715,1
6888,114.915,1
6900,115.115,1
6912,115.315,1
6924,115.515,1
6936,115.716,1
6948,115.916,1
6960,116.116,1
6972,116.316,1
6984,116.516,1
6996,116.717,1
7008,116.917,1
7020,117.117,1
7032,117.317,1
7044,117.517,1
7056,117.718,1
7068,117.918,1
7080,118.118,1
7092,118.318,1
7104,118.518,1
7116,118.719,1
7128,118.919,1
7140,119.119,1
7152,119.319,1
7164,119.519,1
7176,119.72,1
7188,119.92,1
7200,120.12,1
7212,120.32,1
7224,120.52,1
7236,120.721,1
7248,120.921,1
7260,121.121,1
7272,121.321,1
7284,121.521,1
7296,121.722,1
7308,121.922,1
7320,122.122,1
7332,122.322,1
7344,122.522,1
7356,122.723,1
7368,122.923,1
7380,123.123,1
7392,123.323,1
7404,123.523,1
7416,123.724,1
7428,123.924,1
7440,124.124,1
7452,124.324,1
7464,124.524,1
7476,124.725,1
7488,124.925,1
7500,125.125,1
7512,125.325,1
7524,125.525,1
7536,125.726,1
7548,125.926,1
7560,126.126,1
7572,126.326,1
7584,126.526,1
7596,126.727,1
7608,126.927,1
7620,127.127,1
7632,127.327,1
7644,127.527,1
7656,127.728,1
7668,127.928,1
7680,128.128,1
7692,128.328,1
7704,128.528,1
7716,128.729,1
7728,128.929,1
7740,129.129,1
7752,129.329,1
7764,129.529,1
7776,129.73,1
7788,129.93,1
7800,130.13,1
7812,130.33,1
7824,130.53,1
7836,130.731,1
7848,130.931,1
7860,131.131,1
7872,131.331,1
7884,131.531,1
7896,131.732,1
7908,131.932,1
7920,132.132,1
7932,132.332,1
7944,132.532,1
7956,132.733,1
7968,132.933,1
7980,133.133,1
7992,133.333,1
8004,133.533,1
8016,133.734,1
8028,133.934,1
8040,134.134,1
8052,134.334,1
8064,134.534,1
8076,134.735,1
8088,134.935,1
8100,135.135,1
8112,135.335,1
8124,135.535,1
8136,135.736,1
8148,135.936,1
8160,136.136,1
8172,136.336,1
8184,136.536,1
8196,136.737,1
8208,136.937,1
8220,137.137,1
8232,137.337,1
8244,137.537,1
8256,137.738,1
8268,137.938,1
8280,138.138,1
8292,138.338,1
8304,138.538,1
8316,138.739,1
8328,138.939,1
8340,139.139,1
8352,139.339,1
8364,139.539,1
8376,139.74,1
8388,139.94,1
8400,140.14,1
8412,140.34,1
8424,140.54,1
8436,140.741,1
8448,140.941,1
8460,141.141,1
8472,141.341,1
8484,141.541,1
8496,141.742,1
8508,141.942,1
8520,142.142,1
8532,142.342,1
8544,142.542,1
8556,142.743,1
8568,142.943,1
8580,143.143,1
8592,143.343,1
8604,143.543,1
8616,143.744,1
8628,143.944,1
8640,144.144,1
8652,144.344,1
8664,144.544,1
8676,144.745,1
8688,144.945,1
8700,145.145,1
8712,145.345,1
8724,145.545,1
8736,145.746,1
8748,145.946,1
8760,146.146,1
8772,146.346,1
8784,146.546,1
8796,146.747,1
8808,146.947,1
8820,147.147,1
8832,147.347,1
8844,147.547,1
8856,147.748,1
8868,147.948,1
8880,148.148,1
8892,148.348,1
8904,148.548,1
8916,148.749,1
8928,148.949,1
8940,149.149,1
8952,149.349,1
8964,149.549,1
8976,149.75,1
8988,149.95,1
9000,150.15,1
9012,150.35,1
9024,150.55,1
9036,150.751,1
9048,150.951,1
9060,151.151,1
9072,151.351,1
9084,151.551,1
9096,151.752,1
9108,151.952,1
9120,152.152,1
9132,152.352,1
9144,152.552,1
9156,152.753,1
9168,152.953,1
9180,153.153,1
9192,153.353,1
9204,153.553,1
9216,153.754,1
9228,153.954,1
9240,154.154,1
9252,154.354,1
9264,154.554,1
9276,154.755,1
9288,154.955,1
9300,155.155,1
9312,155.355,1
9324,155.555,1
9336,155.756,1
9348,155.956,1
9360,156.156,1
9372,156.356,1
9384,156.556,1
9396,156.757,1
9408,156.957,1
9420,157.157,1
9432,157.357,1
9444,157.557,1
9456,157.758,1
9468,157.958,1
9480,158.158,1
9492,158.358,1
9504,158.558,1
9516,158.759,1
9528,158.959,1
9540,159.159,1
9552,159.359,1
9564,159.559,1
9576,159.76,1
9588,159.96,1
9600,160.16,1
9612,160.36,1
9624,160.56,1
9636,160.761,1
9648,160.961,1
9660,161.161,1
9672,161.361,1
9684,161.561,1
9696,161.762,1
9708,161.962,1
9720,162.162,1
9732,162.362,1
9744,162.562,1
9756,162.763,1
9768,162.963,1
9780,163.163,1
9792,163.363,1
9804,163.563,1
9816,163.764,1
9828,163.964,1
9840,164.164,1
9852,164.364,1
9864,164.564,1
9876,164.765,1
9888,164.965,1
9900,165.165,1
9912,165.365,1
9924,165.565,1
9936,165.766,1
9948,165.966,1
9960,166.166,1
9972,166.366,1
9984,166.566,1
9996,166.767,1
10008,166.967,1
10020,167.167,1
10032,167.367,1
10044,167.567,1
10056,167.768,1
10068,167.968,1
10080,168.168,1
10092,168.368,1
10104,168.568,1
10116,168.769,1
10128,168.969,1
10140,169.169,1
10152,169.369,1
10164,169.569,1
10176,169.77,1
10188,169.97,1
10200,170.17,1
10212,170.37,1
10224,170.57,1
10236,170.771,1
10248,170.971,1
10260,171.171,1
10272,171.371,1
10284,171.571,1
10296,171.772,1
10308,171.972,1
10320,172.172,1
10332,172.372,1
10344,172.572,1
10356,172.773,1
10368,172.973,1
10380,173.173,1
10392,173.373,1
10404,173.573,1
10416,173.774,1
10428,173.974,1
10440,174.174,1
10452,174.374,1
10464,174.574,1
10476,174.775,1
10488,174.975,1
10500,175.175,1
10512,175.375,1
10524,175.575,1
10536,175.776,1
10548,175.976,1
10560,176.176,1
10572,176.376,1
10584,176.576,1
10596,176.777,1
10608,176.977,1
10620,177.177,1
10632,177.377,1
10644,177.577,1
10656,177.778,1
10668,177.978,1
10680,178.178,1
10692,178.378,1
10704,178.578,1
10716,178.779,1
10728,178.979,1
10740,179.179,1
10752,179.379,1
10764,179.579,1
10776,179.78,1
10788,179.98,1
10800,180.18,1
10812,180.38,1
10824,180.58,1
10836,180.781,1
10848,180.981,1
10860,181.181,1
10872,181.381,1
10884,181.581,1
10896,181.782,1
10908,181.982,1
10920,182.182,1
10932,182.382,1
10944,182.582,1
10956,182.783,1
10968,182.983,1
10980,183.183,1
10992,183.383,1
11004,183.583,1
11016,183.784,1
11028,183.984,1
11040,184.184,1
11052,184.384,1
11064,184.584,1
11076,184.785,1
11088,184.985,1
11100,185.185,1
11112,185.385,1
11124,185.585,1
11136,185.786,1
11148,185.986,1
11160,186.186,1
11172,186.386,1
11184,186.586,1
11196,186.787,1
11208,186.987,1
11220,187.187,1
11232,187.387,1
11244,187.587,1
11256,187.788,1
11268,187.988,1
11280,188.188,1
11292,188.388,1
11304,188.588,1
11316,188.789,1
11328,188.989,1
11340,189.189,1
11352,189.389,1
11364,189.589,1
11376,189.79,1
11388,189.99,1
11400,190.19,1
11412,190.39,1
11424,190.59,1
11436,190.791,1
11448,190.991,1
11460,191.191,1
11472,191.391,1
11484,191.591,1
11496,191.792,1
11508,191.992,1
11520,192.192,1
11532,192.392,1
11544,192.592,1
11556,192.793,1
11568,192.993,1
11580,193.193,1
11592,193.393,1
11604,193.593,1
11616,193.794,1
11628,193.994,1
11640,194.194,1
11652,194.394,1
11664,194.594,1
11676,194.795,1
11688,194.995,1
11700,195.195,1
11712,195.395,1
11724,195.595,1
11736,195.796,1
11748,195.996,1
11760,196.196,1
11772,196.396,1
11784,196.596,1
11796,196.797,1
11808,196.997,1
11820,197.197,1
11832,197.397,1
11844,197.597,1
11856,197.798,1
11868,197.998,1
11880,198.198,1
11892,198.398,1
11904,198.598,1
11916,198.799,1
11928,198.999,1
11940,199.199,1
11952,199.399,1
11964,199.599,1
11976,199.8,1
11988,200.0,1
12000,200.2,1
12012,200.4,1
12024,200.6,1
12036,200.801,1
12048,201.001,1
12060,201.201,1
12072,201.401,1
12084,201.601,1
12096,201.802,1
12108,202.002,1
12120,202.202,1
12132,202.402,1
12144,202.602,1
12156,202.803,1
12168,203.003,1
12180,203.203,1
12192,203.403,1
12204,203.603,1
12216,203.804,1
12228,204.004,1
12240,204.204,1
12252,204.404,1
12264,204.604,1
12276,204.805,1
12288,205.005,1
12300,205.205,1
12312,205.405,1
12324,205.605,1
12336,205.806,1
12348,206.006,1
12360,206.206,1
12372,206.406,1
12384,206.606,1
12396,206.807,1
12408,207.007,1
12420,207.207,1
12432,207.407,1
12444,207.607,1
12456,207.808,1
12468,208.008,1
12480,208.208,1
12492,208.408,1
12504,208.608,1
12516,208.809,1
12528,209.009,1
12540,209.209,1
12552,209.409,1
12564,209.609,1
12576,209.81,1
12588,210.01,1
12600,210.21,1
12612,210.41,1
12624,210.61,1
12636,210.811,1
12648,211.011,1
12660,211.211,1
12672,211.411,1
12684,211.611,1
12696,211.812,1
12708,212.012,1
12720,212.212,1
12732,212.412,1
12744,212.612,1
12756,212.813,1
12768,213.013,1
12780,213.213,1
12792,213.413,1
12804,213.613,1
12816,213.814,1
12828,214.014,1
12840,214.214,1
12852,214.414,1
12864,214.614,1
12876,214.815,1
12888,215.015,1
12900,215.215,1
12912,215.415,1
12924,215.615,1
12936,215.816,1
12948,216.016,1
12960,216.216,1
12972,216.416,1
12984,216.616,1
12996,216.817,1
13008,217.017,1
13020,217.217,1
13032,217.417,1
13044,217.617,1
13056,217.818,1
13068,218.018,1
13080,218.218,1
13092,218.418,1
13104,218.618,1
13116,218.819,1
13128,219.019,1
13140,219.219,1
13152,219.419,1
13164,219.619,1
13176,219.82,1
13188,220.02,1
13200,220.22,1
13212,220.42,1
13224,220.62,1
13236,220.821,1
13248,221.021,1
13260,221.221,1
13272,221.421,1
13284,221.621,1
13296,221.822,1
13308,222.022,1
13320,222.222,1
13332,222.422,1
13344,222.622,1
13356,222.823,1
13368,223.023,1
13380,223.223,1
13392,223.423,1
13404,223.623,1
13416,223.824,1
13428,224.024,1
13440,224.224,1
13452,224.424,1
13464,224.624,1
13476,224.825,1
13488,225.025,1
13500,225.225,1
13512,225.425,1
13524,225.625,1
13536,225.826,1
13548,226.026,1
13560,226.226,1
13572,226.426,1
13584,226.626,1
13596,226.827,1
13608,227.027,1
13620,227.227,1
13632,227.427,1
13644,227.627,1
13656,227.828,1
13668,228.028,1
13680,228.228,1
13692,228.428,1
13704,228.628,1
13716,228.829,1
13728,229.029,1
13740,229.229,1
13752,229.429,1
13764,229.629,1
13776,229.83,1
13788,230.03,1
13800,230.23,1
13812,230.43,1
13824,230.63,1
13836,230.831,1
13848,231.031,1
13860,231.231,1
13872,231.431,1
13884,231.631,1
13896,231.832,1
13908,232.032,1
13920,232.232,1
13932,232.432,1
13944,232.632,1
13956,232.833,1
13968,233.033,1
13980,233.233,1
13992,233.433,1
14004,233.633,1
14016,233.834,1
14028,234.034,1
14040,234.234,1
14052,234.434,1
14064,234.634,1
14076,234.835,1
14088,235.035,1
14100,235.235,1
14112,235.435,1
14124,235.635,1
14136,235.836,1
14148,236.036,1
14160,236.236,1
14172,236.436,1
14184,236.636,1
14196,236.837,1
14208,237.037,1
14220,237.237,1
14232,237.437,1
14244,237.637,1
14256,237.838,1
14268,238.038,1
14280,238.238,1
14292,238.438,1
14304,238.638,1
14316,238.839,1
14328,239.039,1
14340,239.239,1
14352,239.439,1
14364,239.639,1
14376,239.84,1
14388,240.04,1
14400,240.24,1
14412,240.44,1
14424,240.64,1
14436,240.841,1
14448,241.041,1
14460,241.241,1
14472,241.441,1
14484,241.641,1
14496,241.842,1
14508,242.042,1
14520,242.242,1
14532,242.442,1
14544,242.642,1
14556,242.843,1
14568,243.043,1
14580,243.243,1
14592,243.443,1
14604,243.643,1
14616,243.844,1
14628,244.044,1
14640,244.244,1
14652,244.444,1
14664,244.644,1
14676,244.845,1
14688,245.045,1
14700,245.245,1
14712,245.445,1
14724,245.645,1
14736,245.846,1
14748,246.046,1
14760,246.246,1
14772,246.446,1
14784,246.646,1
14796,246.847,1
14808,247.047,1
14820,247.247,1
14832,247.447,1
14844,247.647,1
14856,247.848,1
14868,248.048,1
14880,248.248,1
14892,248.448,1
14904,248.648,1
14916,248.849,1
14928,249.049,1
14940,249.249,1
14952,249.449,1
14964,249.649,1
14976,249.85,1
14988,250.05,1
15000,250.25,1
15012,250.45,1
15024,250.65,1
15036,250.851,1
15048,251.051,1
15060,251.251,1
15072,251.451,1
15084,251.651,1
15096,251.852,1
15108,252.052,1
15120,252.252,1
15132,252.452,1
15144,252.652,1
15156,252.853,1
15168,253.053,1
15180,253.253,1
15192,253.453,1
15204,253.653,1
15216,253.854,1
15228,254.054,1
15240,254.254,1
15252,254.454,1
15264,254.654,1
15276,254.855,1
15288,255.055,1
15300,255.255,1
15312,255.455,1
15324,255.655,1
15336,255.856,1
15348,256.056,1
15360,256.256,1
15372,256.456,1
15384,256.656,1
15396,256.857,1
15408,257.057,1
15420,257.257,1
15432,257.457,1
15444,257.657,1
15456,257.858,1
15468,258.058,1
15480,258.258,1
15492,258.458,1
15504,258.658,1
15516,258.859,1
15528,259.059,1
15540,259.259,1
15552,259.459,1
15564,259.659,1
15576,259.86,1
15588,260.06,1
15600,260.26,1
15612,260.46,1
15624,260.66,1
15636,260.861,1
15648,261.061,1
15660,261.261,1
15672,261.461,1
15684,261.661,1
15696,261.862,1
15708,262.062,1
15720,262.262,1
15732,262.462,1
15744,262.662,1
15756,262.863,1
15768,263.063,1
15780,263.263,1
15792,263.463,1
15804,263.663,1
15816,263.864,1
15828,264.064,1
15840,264.264,1
15852,264.464,1
15864,264.664,1
15876,264.865,1
15888,265.065,1
15900,265.265,1
15912,265.465,1
15924,265.665,1
15936,265.866,1
15948,266.066,1
15960,266.266,1
15972,266.466,1
15984,266.666,1
15996,266.867,1
16008,267.067,1
16020,267.267,1
16032,267.467,1
16044,267.667,1
16056,267.868,1
16068,268.068,1
16080,268.268,1
16092,268.468,1
16104,268.668,1
16116,268.869,1
16128,269.069,1
16140,269.269,1
16152,269.469,1
16164,269.669,1
16176,269.87,1
16188,270.07,1
16200,270.27,1
16212,270.47,1
16224,270.67,1
16236,270.871,1
16248,271.071,1
16260,271.271,1
16272,271.471,1
16284,271.671,1
16296,271.872,1
16308,272.072,1
16320,272.272,1
16332,272.472,1
16344,272.672,1
16356,272.873,1
16368,273.073,1
16380,273.273,1
16392,273.473,1
16404,273.673,1
16416,273.874,1
16428,274.074,1
16440,274.274,1
16452,274.474,1
16464,274.674,1
16476,274.875,1
16488,275.075,1
16500,275.275,1
16512,275.475,1
16524,275.675,1
16536,275.876,1
16548,276.076,1
16560,276.276,1
16572,276.476,1
16584,276.676,1
16596,276.877,1
16608,277.077,1
16620,277.277,1
16632,277.477,1
16644,277.677,1
16656,277.878,1
16668,278.078,1
16680,278.278,1
16692,278.478,1
16704,278.678,1
16716,278.879,1
16728,279.079,1
16740,279.279,1
16752,279.479,1
16764,279.679,1
16776,279.88,1
16788,280.08,1
16800,280.28,1
16812,280.48,1
16824,280.68,1
16836,280.881,1
16848,281.081,1
16860,281.281,1
16872,281.481,1
16884,281.681,1
16896,281.882,1
16908,282.082,1
16920,282.282,1
16932,282.482,1
16944,282.682,1
16956,282.883,1
16968,283.083,1
16980,283.283,1
16992,283.483,1
17004,283.683,1
17016,283.884,1
17028,284.084,1
17040,284.284,1
17052,284.484,1
17064,284.684,1
17076,284.885,1
17088,285.085,1
17100,285.285,1
17112,285.485,1
17124,285.685,1
17136,285.886,1
17148,286.086,1
17160,286.286,1
17172,286.486,1
17184,286.686,1
17196,286.887,1
17208,287.087,1
17220,287.287,1
17232,287.487,1
17244,287.687,1
17256,287.888,1
17268,288.088,1
17280,288.288,1
17292,288.488,1
17304,288.688,1
17316,288.889,1
17328,289.089,1
17340,289.289,1
17352,289.489,1
17364,289.689,1
17376,289.89,1
17388,290.09,1
17400,290.29,1
17412,290.49,1
17424,290.69,1
17436,290.891,1
17448,291.091,1
17460,291.291,1
17472,291.491,1
17484,291.691,1
17496,291.892,1
17508,292.092,1
17520,292.292,1
17532,292.492,1
17544,292.692,1
17556,292.893,1
17568,293.093,1
17580,293.293,1
17592,293.493,1
17604,293.693,1
17616,293.894,1
17628,294.094,1
17640,294.294,1
17652,294.494,1
17664,294.694,1
17676,294.895,1
17688,295.095,1
17700,295.295,1
17712,295.495,1
17724,295.695,1
17736,295.896,1
17748,296.096,1
17760,296.296,1
17772,296.496,1
17784,296.696,1
17796,296.897,1
17808,297.097,1
17820,297.297,1
17832,297.497,1
17844,297.697,1
17856,297.898,1
17868,298.098,1
17880,298.298,1
17892,298.498,1
17904,298.698,1
17916,298.899,1
17928,299.099,1
17940,299.299,1
17952,299.499,1
17964,299.699,1
17976,299.9,1
17988,300.1,1
18000,300.3,1
18012,300.5,1
18024,300.7,1
18036,300.901,1
18048,301.101,1
18060,301.301,1
18072,301.501,1
18084,301.701,1
18096,301.902,1
18108,302.102,1
18120,302.302,1
18132,302.502,1
18144,302.702,1
18156,302.903,1
18168,303.103,1
18180,303.303,1
18192,303.503,1
18204,303.703,1
18216,303.904,1
18228,304.104,1
18240,304.304,1
18252,304.504,1
18264,304.704,1
18276,304.905,1
18288,305.105,1
18300,305.305,1
18312,305.505,1
18324,305.705,1
18336,305.906,1
18348,306.106,1
18360,306.306,1
18372,306.506,1
18384,306.706,1
18396,306.907,1
18408,307.107,1
18420,307.307,1
18432,307.507,1
18444,307.707,1
18456,307.908,1
18468,308.108,1
18480,308.308,1
18492,308.508,1
18504,308.708,1
18516,308.909,1
18528,309.109,1
18540,309.309,1
18552,309.509,1
18564,309.709,1
18576,309.91,1
18588,310.11,1
18600,310.31,1
18612,310.51,1
18624,310.71,1
18636,310.911,1
18648,311.111,1
18660,311.311,1
18672,311.511,1
18684,311.711,1
18696,311.912,1
18708,312.112,1
18720,312.312,1
18732,312.512,1
18744,312.712,1
18756,312.913,1
18768,313.113,1
18780,313.313,1
18792,313.513,1
18804,313.713,1
18816,313.914,1
18828,314.114,1
18840,314.314,1
18852,314.514,1
18864,314.714,1
18876,314.915,1
18888,315.115,1
18900,315.315,1
18912,315.515,1
18924,315.715,1
18936,315.916,1
18948,316.116,1
18960,316.316,1
18972,316.516,1
18984,316.716,1
18996,316.917,1
19008,317.117,1
19020,317.317,1
19032,317.517,1
19044,317.717,1
19056,317.918,1
19068,318.118,1
19080,318.318,1
19092,318.518,1
19104,318.718,1
19116,318.919,1
19128,319.119,1
19140,319.319,1
19152,319.519,1
19164,319.719,1
19176,319.92,1
19188,320.12,1
19200,320.32,1
19212,320.52,1
19224,320.72,1
19236,320.921,1
19248,321.121,1
19260,321.321,1
19272,321.521,1
19284,321.721,1
19296,321.922,1
19308,322.122,1
19320,322.322,1
19332,322.522,1
19344,322.722,1
19356,322.923,1
19368,323.123,1
19380,323.323,1
19392,323.523,1
19404,323.723,1
19416,323.924,1
19428,324.124,1
19440,324.324,1
19452,324.524,1
19464,324.724,1
19476,324.925,1
19488,325.125,1
19500,325.325,1
19512,325.525,1
19524,325.725,1
19536,325.926,1
19548,326.126,1
19560,326.326,1
19572,326.526,1
19584,326.726,1
19596,326.927,1
19608,327.127,1
19620,327.327,1
19632,327.527,1
19644,327.727,1
19656,327.928,1
19668,328.128,1
19680,328.328,1
19692,328.528,1
19704,328.728,1
19716,328.929,1
19728,329.129,1
19740,329.329,1
19752,329.529,1
19764,329.729,1
19776,329.93,1
19788,330.13,1
19800,330.33,1
19812,330.53,1
19824,330.73,1
19836,330.931,1
19848,331.131,1
19860,331.331,1
19872,331.531,1
19884,331.731,1
19896,331.932,1
19908,332.132,1
19920,332.332,1
19932,332.532,1
19944,332.732,1
19956,332.933,1
19968,333.133,1
19980,333.333,1
19992,333.533,1
20004,333.733,1
20016,333.934,1
20028,334.134,1
20040,334.334,1
20052,334.534,1
20064,334.734,1
20076,334.935,1
20088,335.135,1
20100,335.335,1
20112,335.535,1
20124,335.735,1
20136,335.936,1
20148,336.136,1
20160,336.336,1
20172,336.536,1
20184,336.736,1
20196,336.937,1
20208,337.137,1
20220,337.337,1
20232,337.537,1
20244,337.737,1
20256,337.938,1
20268,338.138,1
20280,338.338,1
20292,338.538,1
20304,338.738,1
20316,338.939,1
20328,339.139,1
20340,339.339,1
20352,339.539,1
20364,339.739,1
20376,339.94,1
20388,340.14,1
20400,340.34,1
20412,340.54,1
20424,340.74,1
20436,340.941,1
20448,341.141,1
20460,341.341,1
20472,341.541,1
20484,341.741,1
20496,341.942,1
20508,342.142,1
20520,342.342,1
20532,342.542,1
20544,342.742,1
20556,342.943,1
20568,343.143,1
20580,343.343,1
20592,343.543,1
20604,343.743,1
20616,343.944,1
20628,344.144,1
20640,344.344,1
20652,344.544,1
20664,344.744,1
20676,344.945,1
20688,345.145,1
20700,345.345,1
20712,345.545,1
20724,345.745,1
20736,345.946,1
20748,346.146,1
20760,346.346,1
20772,346.546,1
20784,346.746,1
20796,346.947,1
20808,347.147,1
20820,347.347,1
20832,347.547,1
20844,347.747,1
20856,347.948,1
20868,348.148,1
20880,348.348,1
20892,348.548,1
20904,348.748,1
20916,348.949,1
20928,349.149,1
20940,349.349,1
20952,349.549,1
20964,349.749,1
20976,349.95,1
20988,350.15,1
21000,350.35,1
21012,350.55,1
21024,350.75,1
21036,350.951,1
21048,351.151,1
21060,351.351,1
21072,351.551,1
21084,351.751,1
21096,351.952,1
21108,352.152,1
21120,352.352,1
21132,352.552,1
21144,352.752,1
21156,352.953,1
21168,353.153,1
21180,353.353,1
21192,353.553,1
21204,353.753,1
21216,353.954,1
21228,354.154,1
21240,354.354,1
21252,354.554,1
21264,354.754,1
21276,354.955,1
21288,355.155,1
21300,355.355,1
21312,355.555,1
21324,355.755,1
21336,355.956,1
21348,356.156,1
21360,356.356,1
21372,356.556,1
21384,356.756,1
21396,356.957,1
21408,357.157,1
21420,357.357,1
21432,357.557,1
21444,357.757,1
21456,357.958,1
21468,358.158,1
21480,358.358,1
21492,358.558,1
21504,358.758,1
21516,358.959,1
21528,359.159,1
21540,359.359,1
21552,359.559,1
21564,359.759,1
21576,359.96,1
21588,360.16,1
21600,360.36,1
21612,360.56,1
21624,360.76,1
21636,360.961,1
21648,361.161,1
21660,361.361,1
21672,361.561,1
21684,361.761,1
21696,361.962,1
21708,362.162,1
21720,362.362,1
21732,362.562,1
21744,362.762,1
21756,362.963,1
21768,363.163,1
21780,363.363,1
21792,363.563,1
21804,363.763,1
21816,363.964,1
21828,364.164,1
21840,364.364,1
21852,364.564,1
21864,364.764,1
21876,364.965,1
21888,365.165,1
21900,365.365,1
21912,365.565,1
21924,365.765,1
21936,365.966,1
21948,366.166,1
21960,366.366,1
21972,366.566,1
21984,366.766,1
21996,366.967,1
22008,367.167,1
22020,367.367,1
22032,367.567,1
22044,367.767,1
22056,367.968,1
22068,368.168,1
22080,368.368,1
22092,368.568,1
22104,368.768,1
22116,368.969,1
22128,369.169,1
22140,369.369,1
22152,369.569,1
22164,369.769,1
22176,369.97,1
22188,370.17,1
22200,370.37,1
22212,370.57,1
22224,370.77,1
22236,370.971,1
22248,371.171,1
22260,371.371,1
22272,371.571,1
22284,371.771,1
22296,371.972,1
22308,372.172,1
22320,372.372,1
22332,372.572,1
22344,372.772,1
22356,372.973,1
22368,373.173,1
22380,373.373,1
22392,373.573,1
22404,373.773,1
22416,373.974,1
22428,374.174,1
22440,374.374,1
22452,374.574,1
22464,374.774,1
22476,374.975,1
22488,375.175,1
22500,375.375,1
22512,375.575,1
22524,375.775,1
22536,375.976,1
22548,376.176,1
22560,376.376,1
22572,376.576,1
22584,376.776,1
22596,376.977,1
22608,377.177,1
22620,377.377,1
22632,377.577,1
22644,377.777,1
22656,377.978,1
22668,378.178,1
22680,378.378,1
22692,378.578,1
22704,378.778,1
22716,378.979,1
22728,379.179,1
22740,379.379,1
22752,379.579,1
22764,379.779,1
22776,379.98,1
22788,380.18,1
22800,380.38,1
22812,380.58,1
22824,380.78,1
22836,380.981,1
22848,381.181,1
22860,381.381,1
22872,381.581,1
22884,381.781,1
22896,381.982,1
22908,382.182,1
22920,382.382,1
22932,382.582,1
22944,382.782,1
22956,382.983,1
22968,383.183,1
22980,383.383,1
22992,383.583,1
23004,383.783,1
23016,383.984,1
23028,384.184,1
23040,384.384,1
23052,384.584,1
23064,384.784,1
23076,384.985,1
23088,385.185,1
23100,385.385,1
23112,385.585,1
23124,385.785,1
23136,385.986,1
23148,386.186,1
23160,386.386,1
23172,386.586,1
23184,386.786,1
23196,386.987,1
23208,387.187,1
23220,387.387,1
23232,387.587,1
23244,387.787,1
23256,387.988,1
23268,388.188,1
23280,388.388,1
23292,388.588,1
23304,388.788,1
23316,388.989,1
23328,389.189,1
23340,389.389,1
23352,389.589,1
23364,389.789,1
23376,389.99,1
23388,390.19,1
23400,390.39,1
23412,390.59,1
23424,390.79,1
23436,390.991,1
23448,391.191,1
23460,391.391,1
23472,391.591,1
23484,391.791,1
23496,391.992,1
23508,392.192,1
23520,392.392,1
23532,392.592,1
23544,392.792,1
23556,392.993,1
23568,393.193,1
23580,393.393,1
23592,393.593,1
23604,393.793,1
23616,393.994,1
23628,394.194,1
23640,394.394,1
23652,394.594,1
23664,394.794,1
23676,394.995,1
23688,395.195,1
23700,395.395,1
23712,395.595,1
23724,395.795,1
23736,395.996,1
23748,396.196,1
23760,396.396,1
23772,396.596,1
23784,396.796,1
23796,396.997,1
23808,397.197,1
23820,397.397,1
23832,397.597,1
23844,397.797,1
23856,397.998,1
23868,398.198,1
23880,398.398,1
23892,398.598,1
23904,398.798,1
23916,398.999,1
23928,399.199,1
23940,399.399,1
23952,399.599,1
23964,399.799,1
23976,400.0,1
23988,400.2,1
24000,400.4,1
24012,400.6,1
24024,400.8,1
24036,401.001,1
24048,401.201,1
24060,401.401,1
24072,401.601,1
24084,401.801,1
24096,402.002,0
24108,402.202,0
24120,402.402,0
24132,402.602,0
24144,402.802,0
24156,403.003,0
24168,403.203,0
24180,403.403,0
24192,403.603,0
24204,403.803,0
24216,404.004,0
24228,404.204,0
24240,404.404,0
24252,404.604,0
24264,404.804,0
24276,405.005,0
24288,405.205,0
24300,405.405,0
24312,405.605,0
24324,405.805,0
24336,406.006,0
24348,406.206,0
24360,406.406,0
24372,406.606,0
24384,406.806,1
24396,407.007,1
24408,407.207,1
24420,407.407,1
24432,407.607,1
24444,407.807,1
24456,408.008,1
24468,408.208,1
24480,408.408,1
24492,408.608,1
24504,408.808,1
24516,409.009,1
24528,409.209,1
24540,409.409,1
24552,409.609,1
24564,409.809,1
24576,410.01,1
24588,410.21,1
24600,410.41,1
24612,410.61,1
24624,410.81,1
24636,411.011,1
24648,411.211,1
24660,411.411,1
24672,411.611,1
24684,411.811,1
24696,412.012,1
24708,412.212,1
24720,412.412,1
24732,412.612,1
24744,412.812,1
24756,413.013,1
24768,413.213,1
24780,413.413,1
24792,413.613,1
24804,413.813,1
24816,414.014,1
24828,414.214,1
24840,414.414,1
24852,414.614,1
24864,414.814,1
24876,415.015,1
24888,415.215,1
24900,415.415,1
24912,415.615,1
24924,415.815,1
24936,416.016,1
24948,416.216,1
24960,416.416,1
24972,416.616,1
24984,416.816,1
24996,417.017,1
25008,417.217,1
25020,417.417,1
25032,417.617,1
25044,417.817,1
25056,418.018,1
25068,418.218,1
25080,418.418,1
25092,418.618,1
25104,418.818,1
25116,419.019,1
25128,419.219,1
25140,419.419,1
25152,419.619,1
25164,419.819,1
25176,420.02,1
25188,420.22,1
25200,420.42,1
25212,420.62,1
25224,420.82,1
25236,421.021,1
25248,421.221,1
25260,421.421,1
25272,421.621,1
25284,421.821,1
25296,422.022,1
25308,422.222,1
25320,422.422,1
25332,422.622,1
25344,422.822,1
25356,423.023,1
25368,423.223,1
25380,423.423,1
25392,423.623,1
25404,423.823,1
25416,424.024,1
25428,424.224,1
25440,424.424,1
25452,424.624,1
25464,424.824,1
25476,425.025,1
25488,425.225,1
25500,425.425,1
25512,425.625,1
25524,425.825,1
25536,426.026,1
25548,426.226,1
25560,426.426,1
25572,426.626,1
25584,426.826,1
25596,427.027,1
25608,427.227,1
25620,427.427,1
25632,427.627,1
25644,427.827,1
25656,428.028,1
25668,428.228,1
25680,428.428,1
25692,428.628,1
25704,428.828,1
25716,429.029,1
25728,429.229,1
25740,429.429,1
25752,429.629,1
25764,429.829,1
25776,430.03,1
25788,430.23,1
25800,430.43,1
25812,430.63,1
25824,430.83,1
25836,431.031,1
25848,431.231,1
25860,431.431,1
25872,431.631,1
25884,431.831,1
25896,432.032,1
25908,432.232,1
25920,432.432,1
25932,432.632,1
25944,432.832,1
25956,433.033,1
25968,433.233,1
25980,433.433,1
25992,433.633,1
26004,433.833,1
26016,434.034,1
26028,434.234,1
26040,434.434,1
26052,434.634,1
26064,434.834,1
26076,435.035,1
26088,435.235,1
26100,435.435,1
26112,435.635,1
26124,435.835,1
26136,436.036,1
26148,436.236,1
26160,436.436,1
26172,436.636,1
26184,436.836,1
26196,437.037,1
26208,437.237,1
26220,437.437,1
26232,437.637,1
26244,437.837,1
26256,438.038,1
26268,438.238,1
26280,438.438,1
26292,438.638,1
26304,438.838,1
26316,439.039,1
26328,439.239,1
26340,439.439,1
26352,439.639,1
26364,439.839,1
26376,440.04,1
26388,440.24,1
26400,440.44,1
26412,440.64,1
26424,440.84,1
26436,441.041,1
26448,441.241,1
26460,441.441,1
26472,441.641,1
26484,441.841,1
26496,442.042,1
26508,442.242,1
26520,442.442,1
26532,442.642,1
26544,442.842,1
26556,443.043,1
26568,443.243,1
26580,443.443,1
26592,443.643,1
26604,443.843,1
26616,444.044,1
26628,444.244,1
26640,444.444,1
26652,444.644,1
26664,444.844,1
26676,445.045,1
26688,445.245,1
26700,445.445,1
26712,445.645,1
26724,445.845,1
26736,446.046,1
26748,446.246,1
26760,446.446,1
26772,446.646,1
26784,446.846,1
26796,447.047,1
26808,447.247,1
26820,447.447,1
26832,447.647,1
26844,447.847,1
26856,448.048,1
26868,448.248,1
26880,448.448,1
26892,448.648,1
26904,448.848,1
26916,449.049,1
26928,449.249,1
26940,449.449,1
26952,449.649,1
26964,449.849,1
26976,450.05,1
26988,450.25,1
27000,450.45,1
27012,450.65,1
27024,450.85,1
27036,451.051,1
27048,451.251,1
27060,451.451,1
27072,451.651,1
27084,451.851,1
27096,452.052,1
27108,452.252,1
27120,452.452,1
27132,452.652,1
27144,452.852,1
27156,453.053,1
27168,453.253,1
27180,453.453,1
27192,453.653,1
27204,453.853,1
27216,454.054,1
27228,454.254,1
27240,454.454,1
27252,454.654,1
27264,454.854,1
27276,455.055,1
27288,455.255,1
27300,455.455,1
27312,455.655,1
27324,455.855,1
27336,456.056,1
27348,456.256,1
27360,456.456,1
27372,456.656,1
27384,456.856,1
27396,457.057,1
27408,457.257,1
27420,457.457,1
27432,457.657,1
27444,457.857,1
27456,458.058,1
27468,458.258,1
27480,458.458,1
27492,458.658,1
27504,458.858,1
27516,459.059,1
27528,459.259,1
27540,459.459,1
27552,459.659,1
27564,459.859,1
27576,460.06,1
27588,460.26,1
27600,460.46,1
27612,460.66,1
27624,460.86,1
27636,461.061,1
27648,461.261,1
27660,461.461,1
27672,461.661,1
27684,461.861,1
27696,462.062,1
27708,462.262,1
27720,462.462,1
27732,462.662,1
27744,462.862,1
27756,463.063,1
27768,463.263,1
27780,463.463,1
27792,463.663,1
27804,463.863,1
27816,464.064,1
27828,464.264,1
27840,464.464,1
27852,464.664,1
27864,464.864,1
27876,465.065,1
27888,465.265,1
27900,465.465,1
27912,465.665,1
27924,465.865,1
27936,466.066,1
27948,466.266,1
27960,466.466,1
27972,466.666,1
27984,466.866,1
27996,467.067,1
28008,467.267,1
28020,467.467,1
28032,467.667,1
28044,467.867,1
28056,468.068,1
28068,468.268,1
28080,468.468,1
28092,468.668,1
28104,468.868,1
28116,469.069,1
28128,469.269,1
28140,469.469,1
28152,469.669,1
28164,469.869,1
28176,470.07,1
28188,470.27,1
28200,470.47,1
28212,470.67,1
28224,470.87,1
28236,471.071,1
28248,471.271,1
28260,471.471,1
28272,471.671,1
28284,471.871,1
28296,472.072,1
28308,472.272,1
28320,472.472,1
28332,472.672,1
28344,472.872,1
28356,473.073,1
28368,473.273,1
28380,473.473,1
28392,473.673,1
28404,473.873,1
28416,474.074,1
28428,474.274,1
28440,474.474,1
28452,474.674,1
28464,474.874,1
28476,475.075,1
28488,475.275,1
28500,475.475,1
28512,475.675,1
28524,475.875,1
28536,476.076,1
28548,476.276,1
28560,476.476,1
28572,476.676,1
28584,476.876,1
28596,477.077,1
28608,477.277,1
28620,477.477,1
28632,477.677,1
28644,477.877,1
28656,478.078,1
28668,478.278,1
28680,478.478,1
28692,478.678,1
28704,478.878,1
28716,479.079,1
28728,479.279,1
28740,479.479,1
28752,479.679,1
28764,479.879,1
28776,480.08,1
28788,480.28,1
28800,480.48,1
28812,480.68,1
28824,480.88,1
28836,481.081,1
28848,481.281,1
28860,481.481,1
28872,481.681,1
28884,481.881,1
28896,482.082,1
28908,482.282,1
28920,482.482,1
28932,482.682,1
28944,482.882,1
28956,483.083,1
28968,483.283,1
28980,483.483,1
28992,483.683,1
29004,483.883,1
29016,484.084,1
29028,484.284,1
29040,484.484,1
29052,484.684,1
29064,484.884,1
29076,485.085,1
29088,485.285,1
29100,485.485,1
29112,485.685,1
29124,485.885,1
29136,486.086,1
29148,486.286,1
29160,486.486,1
29172,486.686,1
29184,486.886,1
29196,487.087,1
29208,487.287,1
29220,487.487,1
29232,487.687,1
29244,487.887,1
29256,488.088,1
29268,488.288,1
29280,488.488,1
29292,488.688,1
29304,488.888,1
29316,489.089,1
29328,489.289,1
29340,489.489,1
29352,489.689,1
29364,489.889,1
29376,490.09,1
29388,490.29,1
29400,490.49,1
29412,490.69,1
29424,490.89,1
29436,491.091,1
29448,491.291,1
29460,491.491,1
29472,491.691,1
29484,491.891,1
29496,492.092,1
29508,492.292,1
29520,492.492,1
29532,492.692,1
29544,492.892,1
29556,493.093,1
29568,493.293,1
29580,493.493,1
29592,493.693,1
29604,493.893,1
29616,494.094,1
29628,494.294,1
29640,494.494,1
29652,494.694,1
29664,494.894,1
29676,495.095,1
29688,495.295,1
29700,495.495,1
29712,495.695,1
29724,495.895,1
29736,496.096,1
29748,496.296,1
29760,496.496,1
29772,496.696,1
29784,496.896,1
29796,497.097,1
29808,497.297,1
29820,497.497,1
29832,497.697,1
29844,497.897,1
29856,498.098,1
29868,498.298,1
29880,498.498,1
29892,498.698,1
29904,498.898,1
29916,499.099,1
29928,499.299,1
29940,499.499,1
29952,499.699,1
29964,499.899,1
29976,500.1,1
29988,500.3,1
30000,500.5,1
30012,500.7,1
30024,500.9,1
30036,501.101,1
30048,501.301,1
30060,501.501,1
30072,501.701,1
30084,501.901,1
30096,502.102,1
30108,502.302,1
30120,502.502,1
30132,502.702,1
30144,502.902,1
30156,503.103,1
30168,503.303,1
30180,503.503,1
30192,503.703,1
30204,503.903,1
30216,504.104,1
30228,504.304,1
30240,504.504,1
30252,504.704,1
30264,504.904,1
30276,505.105,1
30288,505.305,1
30300,505.505,1
30312,505.705,1
30324,505.905,1
30336,506.106,1
30348,506.306,1
30360,506.506,1
30372,506.706,1
30384,506.906,1
30396,507.107,1
30408,507.307,1
30420,507.507,1
30432,507.707,1
30444,507.907,1
30456,508.108,1
30468,508.308,1
30480,508.508,1
30492,508.708,1
30504,508.908,1
30516,509.109,1
30528,509.309,1
30540,509.509,1
30552,509.709,1
30564,509.909,1
30576,510.11,1
30588,510.31,1
30600,510.51,1
30612,510.71,1
30624,510.91,1
30636,511.111,1
30648,511.311,1
30660,511.511,1
30672,511.711,1
30684,511.911,1
30696,512.112,1
30708,512.312,1
30720,512.512,1
30732,512.712,1
30744,512.912,1
30756,513.113,1
30768,513.313,1
30780,513.513,1
30792,513.713,1
30804,513.913,1
30816,514.114,1
30828,514.314,1
30840,514.514,1
30852,514.714,1
30864,514.914,1
30876,515.115,1
30888,515.315,1
30900,515.515,1
30912,515.715,1
30924,515.915,1
30936,516.116,1
30948,516.316,1
30960,516.516,1
30972,516.716,1
30984,516.916,1
30996,517.117,1
31008,517.317,1
31020,517.517,1
31032,517.717,1
31044,517.917,1
31056,518.118,1
31068,518.318,1
31080,518.518,1
31092,518.718,1
31104,518.918,1
31116,519.119,1
31128,519.319,1
31140,519.519,1
31152,519.719,1
31164,519.919,1
31176,520.12,1
31188,520.32,1
31200,520.52,1
31212,520.72,1
31224,520.92,1
31236,521.121,1
31248,521.321,1
31260,521.521,1
31272,521.721,1
31284,521.921,1
31296,522.122,1
31308,522.322,1
31320,522.522,1
31332,522.722,1
31344,522.922,1
31356,523.123,1
31368,523.323,1
31380,523.523,1
31392,523.723,1
31404,523.923,1
31416,524.124,1
31428,524.324,1
31440,524.524,1
31452,524.724,1
31464,524.924,1
31476,525.125,1
31488,525.325,1
31500,525.525,1
31512,525.725,1
31524,525.925,1
31536,526.126,1
31548,526.326,1
31560,526.526,1
31572,526.726,1
31584,526.926,1
31596,527.127,1
31608,527.327,1
31620,527.527,1
31632,527.727,1
31644,527.927,1
31656,528.128,1
31668,528.328,1
31680,528.528,1
31692,528.728,1
31704,528.928,1
31716,529.129,1
31728,529.329,1
31740,529.529,1
31752,529.729,1
31764,529.929,1
31776,530.13,1
31788,530.33,1
31800,530.53,1
31812,530.73,1
31824,530.93,1
31836,531.131,1
31848,531.331,1
31860,531.531,1
31872,531.731,1
31884,531.931,1
31896,532.132,1
31908,532.332,1
31920,532.532,1
31932,532.732,1
31944,532.932,1
31956,533.133,1
31968,533.333,1
31980,533.533,1
31992,533.733,1
32004,533.933,1
32016,534.134,1
32028,534.334,1
32040,534.534,1
32052,534.734,1
32064,534.934,1
32076,535.135,1
32088,535.335,1
32100,535.535,1
32112,535.735,1
32124,535.935,1
32136,536.136,1
32148,536.336,1
32160,536.536,1
32172,536.736,1
32184,536.936,1
32196,537.137,1
32208,537.337,1
32220,537.537,1
32232,537.737,1
32244,537.937,1
32256,538.138,1
32268,538.338,1
32280,538.538,1
32292,538.738,1
32304,538.938,1
32316,539.139,1
32328,539.339,1
32340,539.539,1
32352,539.739,1
32364,539.939,1
32376,540.14,1
32388,540.34,1
32400,540.54,1
32412,540.74,1
32424,540.94,1
32436,541.141,1
32448,541.341,1
32460,541.541,1
32472,541.741,1
32484,541.941,1
32496,542.142,1
32508,542.342,1
32520,542.542,1
32532,542.742,1
32544,542.942,1
32556,543.143,1
32568,543.343,1
32580,543.543,1
32592,543.743,1
32604,543.943,1
32616,544.144,1
32628,544.344,1
32640,544.544,1
32652,544.744,1
32664,544.944,1
32676,545.145,1
32688,545.345,1
32700,545.545,1
32712,545.745,1
32724,545.945,1
32736,546.146,1
32748,546.346,1
32760,546.546,1
32772,546.746,1
32784,546.946,1
32796,547.147,1
32808,547.347,1
32820,547.547,1
32832,547.747,1
32844,547.947,1
32856,548.148,1
32868,548.348,1
32880,548.548,1
32892,548.748,1
32904,548.948,1
32916,549.149,1
32928,549.349,1
32940,549.549,1
32952,549.749,1
32964,549.949,1
32976,550.15,1
32988,550.35,1
33000,550.55,1
33012,550.75,1
33024,550.95,1
33036,551.151,1
33048,551.351,1
33060,551.551,1
33072,551.751,1
33084,551.951,1
33096,552.152,1
33108,552.352,1
33120,552.552,1
33132,552.752,1
33144,552.952,1
33156,553.153,1
33168,553.353,1
33180,553.553,1
33192,553.753,1
33204,553.953,1
33216,554.154,1
33228,554.354,1
33240,554.554,1
33252,554.754,1
33264,554.954,1
33276,555.155,1
33288,555.355,1
33300,555.555,1
33312,555.755,1
33324,555.955,1
33336,556.156,1
33348,556.356,1
33360,556.556,1
33372,556.756,1
33384,556.956,1
33396,557.157,1
33408,557.357,1
33420,557.557,1
33432,557.757,1
33444,557.957,1
33456,558.158,1
33468,558.358,1
33480,558.558,1
33492,558.758,1
33504,558.958,1
33516,559.159,1
33528,559.359,1
33540,559.559,1
33552,559.759,1
33564,559.959,1
33576,560.16,1
33588,560.36,1
33600,560.56,1
33612,560.76,1
33624,560.96,1
33636,561.161,1
33648,561.361,1
33660,561.561,1
33672,561.761,1
33684,561.961,1
33696,562.162,1
33708,562.362,1
33720,562.562,1
33732,562.762,1
33744,562.962,1
33756,563.163,1
33768,563.363,1
33780,563.563,1
33792,563.763,1
33804,563.963,1
33816,564.164,1
33828,564.364,1
33840,564.564,1
33852,564.764,1
33864,564.964,1
33876,565.165,1
33888,565.365,1
33900,565.565,1
33912,565.765,1
33924,565.965,1
33936,566.166,1
33948,566.366,1
33960,566.566,1
33972,566.766,1
33984,566.966,1
33996,567.167,1
34008,567.367,1
34020,567.567,1
34032,567.767,1
34044,567.967,1
34056,568.168,1
34068,568.368,1
34080,568.568,1
34092,568.768,1
34104,568.968,1
34116,569.169,1
34128,569.369,1
34140,569.569,1
34152,569.769,1
34164,569.969,1
34176,570.17,1
34188,570.37,1
34200,570.57,1
34212,570.77,1
34224,570.97,1
34236,571.171,1
34248,571.371,1
34260,571.571,1
34272,571.771,1
34284,571.971,1
34296,572.172,1
34308,572.372,1
34320,572.572,1
34332,572.772,1
34344,572.972,1
34356,573.173,1
34368,573.373,1
34380,573.573,1
34392,573.773,1
34404,573.973,1
34416,574.174,1
34428,574.374,1
34440,574.574,1
34452,574.774,1
34464,574.974,1
34476,575.175,1
34488,575.375,1
34500,575.575,1
34512,575.775,1
34524,575.975,1
34536,576.176,1
34548,576.376,1
34560,576.576,1
34572,576.776,1
34584,576.976,1
34596,577.177,1
34608,577.377,1
34620,577.577,1
34632,577.777,1
34644,577.977,1
34656,578.178,1
34668,578.378,1
34680,578.578,1
34692,578.778,1
34704,578.978,1
34716,579.179,1
34728,579.379,1
34740,579.579,1
34752,579.779,1
34764,579.979,1
34776,580.18,1
34788,580.38,1
34800,580.58,1
34812,580.78,1
34824,580.98,1
34836,581.181,1
34848,581.381,1
34860,581.581,1
34872,581.781,1
34884,581.981,1
34896,582.182,1
34908,582.382,1
34920,582.582,1
34932,582.782,1
34944,582.982,1
34956,583.183,1
34968,583.383,1
34980,583.583,1
34992,583.783,1
35004,583.983,1
35016,584.184,1
35028,584.384,1
35040,584.584,1
35052,584.784,1
35064,584.984,1
35076,585.185,1
35088,585.385,1
35100,585.585,1
35112,585.785,1
35124,585.985,1
35136,586.186,1
35148,586.386,1
35160,586.586,1
35172,586.786,1
35184,586.986,1
35196,587.187,1
35208,587.387,1
35220,587.587,1
35232,587.787,1
35244,587.987,1
35256,588.188,1
35268,588.388,1
35280,588.588,1
35292,588.788,1
35304,588.988,1
35316,589.189,1
35328,589.389,1
35340,589.589,1
35352,589.789,1
35364,589.989,1
35376,590.19,1
35388,590.39,1
35400,590.59,1
35412,590.79,1
35424,590.99,1
35436,591.191,1
35448,591.391,1
35460,591.591,1
35472,591.791,1
35484,591.991,1
35496,592.192,1
35508,592.392,1
35520,592.592,1
35532,592.792,1
35544,592.992,1
35556,593.193,1
35568,593.393,1
35580,593.593,1
35592,593.793,1
35604,593.993,1
35616,594.194,1
35628,594.394,1
35640,594.594,1
35652,594.794,1
35664,594.994,1
35676,595.195,1
35688,595.395,1
35700,595.595,1
35712,595.795,1
35724,595.995,1
35736,596.196,1
35748,596.396,1
35760,596.596,1
35772,596.796,1
35784,596.996,1
35796,597.197,1
35808,597.397,1
35820,597.597,1
35832,597.797,1
35844,597.997,1
35856,598.198,1
35868,598.398,1
35880,598.598,1
35892,598.798,1
35904,598.998,1
35916,599.199,1
35928,599.399,1
35940,599.599,1
35952,599.799,1
35964,599.999,1
35976,600.2,1
35988,600.4,1
36000,600.6,1
36012,600.8,1
36024,601.0,1
36036,601.201,1
36048,601.401,1
36060,601.601,1
36072,601.801,1
36084,602.001,1
36096,602.202,1
36108,602.402,1
36120,602.602,1
36132,602.802,1
36144,603.002,1
36156,603.203,1
36168,603.403,1
36180,603.603,1
36192,603.803,1
36204,604.003,1
36216,604.204,1
36228,604.404,1
36240,604.604,1
36252,604.804,1
36264,605.004,1
36276,605.205,1
36288,605.405,1
36300,605.605,1
36312,605.805,1
36324,606.005,1
36336,606.206,1
36348,606.406,1
36360,606.606,1
36372,606.806,1
36384,607.006,1
36396,607.207,1
36408,607.407,1
36420,607.607,1
36432,607.807,1
36444,608.007,1
36456,608.208,1
36468,608.408,1
36480,608.608,1
36492,608.808,1
36504,609.008,1
36516,609.209,1
36528,609.409,1
36540,609.609,1
36552,609.809,1
36564,610.009,1
36576,610.21,1
36588,610.41,1
36600,610.61,1
36612,610.81,1
36624,611.01,1
36636,611.211,1
36648,611.411,1
36660,611.611,1
36672,611.811,1
36684,612.011,1
36696,612.212,1
36708,612.412,1
36720,612.612,1
36732,612.812,1
36744,613.012,1
36756,613.213,1
36768,613.413,1
36780,613.613,1
36792,613.813,1
36804,614.013,1
36816,614.214,1
36828,614.414,1
36840,614.614,1
36852,614.814,1
36864,615.014,1
36876,615.215,1
36888,615.415,1
36900,615.615,1
36912,615.815,1
36924,616.015,1
36936,616.216,1
36948,616.416,1
36960,616.616,1
36972,616.816,1
36984,617.016,1
36996,617.217,1
37008,617.417,1
37020,617.617,1
37032,617.817,1
37044,618.017,1
37056,618.218,1
37068,618.418,1
37080,618.618,1
37092,618.818,1
37104,619.018,1
37116,619.219,1
37128,619.419,1
37140,619.619,1
37152,619.819,1
37164,620.019,1
37176,620.22,1
37188,620.42,1
37200,620.62,1
37212,620.82,1
37224,621.02,1
37236,621.221,1
37248,621.421,1
37260,621.621,1
37272,621.821,1
37284,622.021,1
37296,622.222,1
37308,622.422,1
37320,622.622,1
37332,622.822,1
37344,623.022,1
37356,623.223,1
37368,623.423,1
37380,623.623,1
37392,623.823,1
37404,624.023,1
37416,624.224,1
37428,624.424,1
37440,624.624,1
37452,624.824,1
37464,625.024,1
37476,625.225,1
37488,625.425,1
37500,625.625,1
37512,625.825,1
37524,626.025,1
37536,626.226,1
37548,626.426,1
37560,626.626,1
37572,626.826,1
37584,627.026,1
37596,627.227,1
37608,627.427,1
37620,627.627,1
37632,627.827,1
37644,628.027,1
37656,628.228,1
37668,628.428,1
37680,628.628,1
37692,628.828,1
37704,629.028,1
37716,629.229,1
37728,629.429,1
37740,629.629,1
37752,629.829,1
37764,630.029,1
37776,630.23,1
37788,630.43,1
37800,630.63,1
37812,630.83,1
37824,631.03,1
37836,631.231,1
37848,631.431,1
37860,631.631,1
37872,631.831,1
37884,632.031,1
37896,632.232,1
37908,632.432,1
37920,632.632,1
37932,632.832,1
37944,633.032,1
37956,633.233,1
37968,633.433,1
37980,633.633,1
37992,633.833,1
38004,634.033,1
38016,634.234,1
38028,634.434,1
38040,634.634,1
38052,634.834,1
38064,635.034,1
38076,635.235,1
38088,635.435,1
38100,635.635,1
38112,635.835,1
38124,636.035,1
38136,636.236,1
38148,636.436,1
38160,636.636,1
38172,636.836,1
38184,637.036,1
38196,637.237,1
38208,637.437,1
38220,637.637,1
38232,637.837,1
38244,638.037,1
38256,638.238,1
38268,638.438,1
38280,638.638,1
38292,638.838,1
38304,639.038,1
38316,639.239,1
38328,639.439,1
38340,639.639,1
38352,639.839,1
38364,640.039,1
38376,640.24,1
38388,640.44,1
38400,640.64,1
38412,640.84,1
38424,641.04,1
38436,641.241,1
38448,641.441,1
38460,641.641,1
38472,641.841,1
38484,642.041,1
38496,642.242,1
38508,642.442,1
38520,642.642,1
38532,642.842,1
38544,643.042,1
38556,643.243,1
38568,643.443,1
38580,643.643,1
38592,643.843,1
38604,644.043,1
38616,644.244,1
38628,644.444,1
38640,644.644,1
38652,644.844,1
38664,645.044,1
38676,645.245,1
38688,645.445,1
38700,645.645,1
38712,645.845,1
38724,646.045,1
38736,646.246,1
38748,646.446,1
38760,646.646,1
38772,646.846,1
38784,647.046,1
38796,647.247,1
38808,647.447,1
38820,647.647,1
38832,647.847,1
38844,648.047,1
38856,648.248,1
38868,648.448,1
38880,648.648,1
38892,648.848,1
38904,649.048,1
38916,649.249,1
38928,649.449,1
38940,649.649,1
38952,649.849,1
38964,650.049,1
38976,650.25,1
38988,650.45,1
39000,650.65,1
39012,650.85,1
39024,651.05,1
39036,651.251,1
39048,651.451,1
39060,651.651,1
39072,651.851,1
39084,652.051,1
39096,652.252,1
39108,652.452,1
39120,652.652,1
39132,652.852,1
39144,653.052,1
39156,653.253,1
39168,653.453,1
39180,653.653,1
39192,653.853,1
39204,654.053,1
39216,654.254,1
39228,654.454,1
39240,654.654,1
39252,654.854,1
39264,655.054,1
39276,655.255,1
39288,655.455,1
39300,655.655,1
39312,655.855,1
39324,656.055,1
39336,656.256,1
39348,656.456,1
39360,656.656,1
39372,656.856,1
39384,657.056,1
39396,657.257,1
39408,657.457,1
39420,657.657,1
39432,657.857,1
39444,658.057,1
39456,658.258,1
39468,658.458,1
39480,658.658,1
39492,658.858,1
39504,659.058,1
39516,659.259,1
39528,659.459,1
39540,659.659,1
39552,659.859,1
39564,660.059,1
39576,660.26,1
39588,660.46,1
39600,660.66,1
39612,660.86,1
39624,661.06,1
39636,661.261,1
39648,661.461,1
39660,661.661,1
39672,661.861,1
39684,662.061,1
39696,662.262,1
39708,662.462,1
39720,662.662,1
39732,662.862,1
39744,663.062,1
39756,663.263,1
39768,663.463,1
39780,663.663,1
39792,663.863,1
39804,664.063,1
39816,664.264,1
39828,664.464,1
39840,664.664,1
39852,664.864,1
39864,665.064,1
39876,665.265,1
39888,665.465,1
39900,665.665,1
39912,665.865,1
39924,666.065,1
39936,666.266,1
39948,666.466,1
39960,666.666,1
39972,666.866,1
39984,667.066,1
39996,667.267,1
40008,667.467,1
40020,667.667,1
40032,667.867,1
40044,668.067,1
40056,668.268,1
40068,668.468,1
40080,668.668,1
40092,668.868,1
40104,669.068,1
40116,669.269,1
40128,669.469,1
40140,669.669,1
40152,669.869,1
40164,670.069,1
40176,670.27,1
40188,670.47,1
40200,670.67,1
40212,670.87,1
40224,671.07,1
40236,671.271,1
40248,671.471,1
40260,671.671,1
40272,671.871,1
40284,672.071,1
40296,672.272,1
40308,672.472,1
40320,672.672,1
40332,672.872,1
40344,673.072,1
40356,673.273,1
40368,673.473,1
40380,673.673,1
40392,673.873,1
40404,674.073,1
40416,674.274,1
40428,674.474,1
40440,674.674,1
40452,674.874,1
40464,675.074,1
40476,675.275,1
40488,675.475,1
40500,675.675,1
40512,675.875,1
40524,676.075,1
40536,676.276,1
40548,676.476,1
40560,676.676,1
40572,676.876,1
40584,677.076,1
40596,677.277,1
40608,677.477,1
40620,677.677,1
40632,677.877,1
40644,678.077,1
40656,678.278,1
40668,678.478,1
40680,678.678,1
40692,678.878,1
40704,679.078,1
40716,679.279,1
40728,679.479,1
40740,679.679,1
40752,679.879,1
40764,680.079,1
40776,680.28,1
40788,680.48,1
40800,680.68,0
40812,680.88,0
40824,681.08,0
40836,681.281,0
40848,681.481,0
40860,681.681,0
40872,681.881,1
40884,682.081,1
40896,682.282,1
40908,682.482,1
40920,682.682,1
40932,682.882,1
40944,683.082,1
40956,683.283,1
40968,683.483,1
40980,683.683,1
40992,683.883,1
41004,684.083,1
41016,684.284,1
41028,684.484,1
41040,684.684,1
41052,684.884,1
41064,685.084,1
41076,685.285,1
41088,685.485,1
41100,685.685,1
41112,685.885,1
41124,686.085,1
41136,686.286,1
41148,686.486,1
41160,686.686,1
41172,686.886,1
41184,687.086,1
41196,687.287,1
41208,687.487,1
41220,687.687,1
41232,687.887,1
41244,688.087,1
41256,688.288,1
41268,688.488,1
41280,688.688,1
41292,688.888,1
41304,689.088,1
41316,689.289,1
41328,689.489,1
41340,689.689,1
41352,689.889,1
41364,690.089,1
41376,690.29,1
41388,690.49,1
41400,690.69,1
41412,690.89,1
41424,691.09,1
41436,691.291,1
41448,691.491,1
41460,691.691,1
41472,691.891,1
41484,692.091,1
41496,692.292,1
41508,692.492,1
41520,692.692,1
41532,692.892,1
41544,693.092,1
41556,693.293,1
41568,693.493,1
41580,693.693,1
41592,693.893,1
41604,694.093,1
41616,694.294,1
41628,694.494,1
41640,694.694,1
41652,694.894,1
41664,695.094,1
41676,695.295,1
41688,695.495,1
41700,695.695,1
41712,695.895,1
41724,696.095,1
41736,696.296,1
41748,696.496,1
41760,696.696,1
41772,696.896,1
41784,697.096,1
41796,697.297,1
41808,697.497,1
41820,697.697,1
41832,697.897,1
41844,698.097,1
41856,698.298,1
41868,698.498,1
41880,698.698,1
41892,698.898,1
41904,699.098,1
41916,699.299,1
41928,699.499,1
41940,699.699,1
41952,699.899,1
41964,700.099,1
41976,700.3,1
41988,700.5,1
42000,700.7,1
42012,700.9,1
42024,701.1,1
42036,701.301,1
42048,701.501,1
42060,701.701,1
42072,701.901,1
42084,702.101,1
42096,702.302,1
42108,702.502,1
42120,702.702,1
42132,702.902,1
42144,703.102,1
42156,703.303,1
42168,703.503,1
42180,703.703,1
42192,703.903,1
42204,704.103,1
42216,704.304,1
42228,704.504,1
42240,704.704,1
42252,704.904,1
42264,705.104,1
42276,705.305,1
42288,705.505,1
42300,705.705,1
42312,705.905,1
42324,706.105,1
42336,706.306,1
42348,706.506,1
42360,706.706,1
42372,706.906,1
42384,707.106,1
42396,707.307,1
42408,707.507,1
42420,707.707,1
42432,707.907,1
42444,708.107,1
42456,708.308,1
42468,708.508,1
42480,708.708,1
42492,708.908,1
42504,709.108,1
42516,709.309,1
42528,709.509,1
42540,709.709,1
42552,709.909,1
42564,710.109,1
42576,710.31,1
42588,710.51,1
42600,710.71,1
42612,710.91,1
42624,711.11,1
42636,711.311,1
42648,711.511,1
42660,711.711,1
42672,711.911,1
42684,712.111,1
42696,712.312,1
42708,712.512,1
42720,712.712,1
42732,712.912,1
42744,713.112,1
42756,713.313,1
42768,713.513,1
42780,713.713,1
42792,713.913,1
42804,714.113,1
42816,714.314,1
42828,714.514,1
42840,714.714,1
42852,714.914,1
42864,715.114,1
42876,715.315,1
42888,715.515,1
42900,715.715,1
42912,715.915,1
42924,716.115,1
42936,716.316,1
42948,716.516,1
42960,716.716,1
42972,716.916,1
42984,717.116,1
42996,717.317,1
43008,717.517,1
43020,717.717,1
43032,717.917,1
43044,718.117,1
43056,718.318,1
43068,718.518,1
43080,718.718,1
43092,718.918,1
43104,719.118,1
43116,719.319,1
43128,719.519,1
43140,719.719,1
43152,719.919,1
43164,720.119,1
43176,720.32,1
43188,720.52,1
43200,720.72,1
43212,720.92,1
43224,721.12,1
43236,721.321,1
43248,721.521,1
43260,721.721,1
43272,721.921,1
43284,722.121,1
43296,722.322,1
43308,722.522,1
43320,722.722,1
43332,722.922,1
43344,723.122,1
43356,723.323,1
43368,723.523,1
43380,723.723,1
43392,723.923,1
43404,724.123,1
43416,724.324,1
43428,724.524,1
43440,724.724,1
43452,724.924,1
43464,725.124,1
43476,725.325,1
43488,725.525,1
43500,725.725,1
43512,725.925,1
43524,726.125,1
43536,726.326,1
43548,726.526,1
43560,726.726,1
43572,726.926,1
43584,727.126,1
43596,727.327,1
43608,727.527,1
43620,727.727,1
43632,727.927,1
43644,728.127,1
43656,728.328,1
43668,728.528,1
43680,728.728,1
43692,728.928,1
43704,729.128,1
43716,729.329,1
43728,729.529,1
43740,729.729,1
43752,729.929,1
43764,730.129,1
43776,730.33,1
43788,730.53,1
43800,730.73,1
43812,730.93,1
43824,731.13,1
43836,731.331,1
43848,731.531,1
43860,731.731,1
43872,731.931,1
43884,732.131,1
43896,732.332,1
43908,732.532,1
43920,732.732,1
43932,732.932,1
43944,733.132,1
43956,733.333,1
43968,733.533,1
43980,733.733,1
43992,733.933,1
44004,734.133,1
44016,734.334,1
44028,734.534,1
44040,734.734,1
44052,734.934,1
44064,735.134,1
44076,735.335,1
44088,735.535,1
44100,735.735,1
44112,735.935,1
44124,736.135,1
44136,736.336,1
44148,736.536,1
44160,736.736,1
44172,736.936,1
44184,737.136,1
44196,737.337,1
44208,737.537,1
44220,737.737,1
44232,737.937,1
44244,738.137,1
44256,738.338,1
44268,738.538,1
44280,738.738,1
44292,738.938,1
44304,739.138,1
44316,739.339,1
44328,739.539,1
44340,739.739,1
44352,739.939,1
44364,740.139,1
44376,740.34,1
44388,740.54,1
44400,740.74,1
44412,740.94,1
44424,741.14,1
44436,741.341,1
44448,741.541,1
44460,741.741,1
44472,741.941,1
44484,742.141,1
44496,742.342,1
44508,742.542,1
44520,742.742,1
44532,742.942,1
44544,743.142,1
44556,743.343,1
44568,743.543,1
44580,743.743,1
44592,743.943,1
44604,744.143,1
44616,744.344,1
44628,744.544,1
44640,744.744,1
44652,744.944,1
44664,745.144,1
44676,745.345,1
44688,745.545,1
44700,745.745,1
44712,745.945,1
44724,746.145,1
44736,746.346,1
44748,746.546,1
44760,746.746,1
44772,746.946,1
44784,747.146,1
44796,747.347,1
44808,747.547,1
44820,747.747,1
44832,747.947,1
44844,748.147,1
44856,748.348,1
44868,748.548,1
44880,748.748,1
44892,748.948,1
44904,749.148,1
44916,749.349,1
44928,749.549,1
44940,749.749,1
44952,749.949,1
44964,750.149,1
44976,750.35,1
44988,750.55,1
45000,750.75,1
45012,750.95,1
45024,751.15,1
45036,751.351,1
45048,751.551,1
45060,751.751,1
45072,751.951,1
45084,752.151,1
45096,752.352,1
45108,752.552,1
45120,752.752,1
45132,752.952,1
45144,753.152,1
45156,753.353,1
45168,753.553,1
45180,753.753,1
45192,753.953,1
45204,754.153,1
45216,754.354,1
45228,754.554,1
45240,754.754,1
45252,754.954,1
45264,755.154,1
45276,755.355,1
45288,755.555,1
45300,755.755,1
45312,755.955,1
45324,756.155,1
45336,756.356,1
45348,756.556,1
45360,756.756,1
45372,756.956,1
45384,757.156,1
45396,757.357,1
45408,757.557,1
45420,757.757,1
45432,757.957,1
45444,758.157,1
45456,758.358,1
45468,758.558,1
45480,758.758,1
45492,758.958,1
45504,759.158,1
45516,759.359,1
45528,759.559,1
45540,759.759,1
45552,759.959,1
45564,760.159,1
45576,760.36,1
45588,760.56,1
45600,760.76,1
45612,760.96,1
45624,761.16,1
45636,761.361,1
45648,761.561,1
45660,761.761,1
45672,761.961,1
45684,762.161,1
45696,762.362,1
45708,762.562,1
45720,762.762,1
45732,762.962,1
45744,763.162,1
45756,763.363,1
45768,763.563,1
45780,763.763,1
45792,763.963,1
45804,764.163,1
45816,764.364,1
45828,764.564,1
45840,764.764,1
45852,764.964,1
45864,765.164,1
45876,765.365,1
45888,765.565,1
45900,765.765,1
45912,765.965,1
45924,766.165,1
45936,766.366,1
45948,766.566,1
45960,766.766,1
45972,766.966,1
45984,767.166,1
45996,767.367,1
46008,767.567,1
46020,767.767,1
46032,767.967,1
46044,768.167,1
46056,768.368,1
46068,768.568,1
46080,768.768,1
46092,768.968,1
46104,769.168,1
46116,769.369,1
46128,769.569,1
46140,769.769,1
46152,769.969,1
46164,770.169,1
46176,770.37,1
46188,770.57,1
46200,770.77,1
46212,770.97,1
46224,771.17,1
46236,771.371,1
46248,771.571,1
46260,771.771,1
46272,771.971,1
46284,772.171,1
46296,772.372,1
46308,772.572,1
46320,772.772,1
46332,772.972,1
46344,773.172,1
46356,773.373,1
46368,773.573,1
46380,773.773,1
46392,773.973,1
46404,774.173,1
46416,774.374,1
46428,774.574,1
46440,774.774,1
46452,774.974,1
46464,775.174,1
46476,775.375,1
46488,775.575,1
46500,775.775,1
46512,775.975,1
46524,776.175,1
46536,776.376,1
46548,776.576,1
46560,776.776,1
46572,776.976,1
46584,777.176,1
46596,777.377,1
46608,777.577,1
46620,777.777,1
46632,777.977,1
46644,778.177,1
46656,778.378,1
46668,778.578,1
46680,778.778,1
46692,778.978,1
46704,779.178,1
46716,779.379,1
46728,779.579,1
46740,779.779,1
46752,779.979,1
46764,780.179,1
46776,780.38,1
46788,780.58,1
46800,780.78,1
46812,780.98,1
46824,781.18,1
46836,781.381,1
46848,781.581,1
46860,781.781,1
46872,781.981,1
46884,782.181,1
46896,782.382,1
46908,782.582,1
46920,782.782,1
46932,782.982,1
46944,783.182,1
46956,783.383,1
46968,783.583,1
46980,783.783,1
46992,783.983,1
47004,784.183,1
47016,784.384,1
47028,784.584,1
47040,784.784,1
47052,784.984,1
47064,785.184,1
47076,785.385,1
47088,785.585,1
47100,785.785,1
47112,785.985,1
47124,786.185,1
47136,786.386,1
47148,786.586,1
47160,786.786,1
47172,786.986,1
47184,787.186,1
47196,787.387,1
47208,787.587,1
47220,787.787,1
47232,787.987,1
47244,788.187,1
47256,788.388,1
47268,788.588,1
47280,788.788,1
47292,788.988,1
47304,789.188,1
47316,789.389,1
47328,789.589,1
47340,789.789,1
47352,789.989,1
47364,790.189,1
47376,790.39,1
47388,790.59,1
47400,790.79,1
47412,790.99,1
47424,791.19,1
47436,791.391,1
47448,791.591,1
47460,791.791,1
47472,791.991,1
47484,792.191,1
47496,792.392,1
47508,792.592,1
47520,792.792,1
47532,792.992,1
47544,793.192,1
47556,793.393,1
47568,793.593,1
47580,793.793,1
47592,793.993,1
47604,794.193,1
47616,794.394,1
47628,794.594,1
47640,794.794,1
47652,794.994,1
47664,795.194,1
47676,795.395,1
47688,795.595,1
47700,795.795,1
47712,795.995,1
47724,796.195,1
47736,796.396,1
47748,796.596,1
47760,796.796,1
47772,796.996,1
47784,797.196,1
47796,797.397,1
47808,797.597,1
47820,797.797,1
47832,797.997,1
47844,798.197,1
47856,798.398,1
47868,798.598,1
47880,798.798,1
47892,798.998,1
47904,799.198,1
47916,799.399,1
47928,799.599,1
47940,799.799,1
47952,799.999,1
47964,800.199,1
47976,800.4,1
47988,800.6,1
48000,800.8,1
48012,801.0,1
48024,801.2,1
48036,801.401,1
48048,801.601,1
48060,801.801,1
48072,802.001,1
48084,802.201,1
48096,802.402,1
48108,802.602,1
48120,802.802,1
48132,803.002,1
48144,803.202,1
48156,803.403,1
48168,803.603,1
48180,803.803,1
48192,804.003,1
48204,804.203,1
48216,804.404,1
48228,804.604,1
48240,804.804,1
48252,805.004,1
48264,805.204,1
48276,805.405,1
48288,805.605,1
48300,805.805,1
48312,806.005,1
48324,806.205,1
48336,806.406,1
48348,806.606,1
48360,806.806,1
48372,807.006,1
48384,807.206,1
48396,807.407,1
48408,807.607,1
48420,807.807,1
48432,808.007,1
48444,808.207,1
48456,808.408,1
48468,808.608,1
48480,808.808,1
48492,809.008,1
48504,809.208,1
48516,809.409,1
48528,809.609,1
48540,809.809,1
48552,810.009,1
48564,810.209,1
48576,810.41,1
48588,810.61,1
48600,810.81,1
48612,811.01,1
48624,811.21,1
48636,811.411,1
48648,811.611,1
48660,811.811,1
48672,812.011,1
48684,812.211,1
48696,812.412,1
48708,812.612,1
48720,812.812,1
48732,813.012,1
48744,813.212,1
48756,813.413,1
48768,813.613,1
48780,813.813,1
48792,814.013,1
48804,814.213,1
48816,814.414,1
48828,814.614,1
48840,814.814,1
48852,815.014,1
48864,815.214,1
48876,815.415,1
48888,815.615,1
48900,815.815,1
48912,816.015,1
48924,816.215,1
48936,816.416,1
48948,816.616,1
48960,816.816,1
48972,817.016,1
48984,817.216,1
48996,817.417,1
49008,817.617,1
49020,817.817,1
49032,818.017,1
49044,818.217,1
49056,818.418,1
49068,818.618,1
49080,818.818,1
49092,819.018,1
49104,819.218,1
49116,819.419,1
49128,819.619,1
49140,819.819,1
49152,820.019,1
49164,820.219,1
49176,820.42,1
49188,820.62,1
49200,820.82,1
49212,821.02,1
49224,821.22,1
49236,821.421,1
49248,821.621,1
49260,821.821,1
49272,822.021,1
49284,822.221,1
49296,822.422,1
49308,822.622,1
49320,822.822,1
49332,823.022,1
49344,823.222,1
49356,823.423,1
49368,823.623,1
49380,823.823,1
49392,824.023,1
49404,824.223,1
49416,824.424,1
49428,824.624,1
49440,824.824,1
49452,825.024,1
49464,825.224,1
49476,825.425,1
49488,825.625,1
49500,825.825,1
49512,826.025,1
49524,826.225,1
49536,826.426,1
49548,826.626,1
49560,826.826,1
49572,827.026,1
49584,827.226,1
49596,827.427,1
49608,827.627,1
49620,827.827,1
49632,828.027,1
49644,828.227,1
49656,828.428,1
49668,828.628,1
49680,828.828,1
49692,829.028,1
49704,829.228,1
49716,829.429,1
49728,829.629,1
49740,829.829,1
49752,830.029,1
49764,830.229,1
49776,830.43,1
49788,830.63,1
49800,830.83,1
49812,831.03,1
49824,831.23,1
49836,831.431,1
49848,831.631,1
49860,831.831,1
49872,832.031,1
49884,832.231,1
49896,832.432,1
49908,832.632,1
49920,832.832,1
49932,833.032,1
49944,833.232,1
49956,833.433,1
49968,833.633,1
49980,833.833,1
49992,834.033,1
50004,834.233,1
50016,834.434,1
50028,834.634,1
50040,834.834,1
50052,835.034,1
50064,835.234,1
50076,835.435,1
50088,835.635,1
50100,835.835,1
50112,836.035,1
50124,836.235,1
50136,836.436,1
50148,836.636,1
50160,836.836,1
50172,837.036,1
50184,837.236,1
50196,837.437,1
50208,837.637,1
50220,837.837,1
50232,838.037,1
50244,838.237,1
50256,838.438,1
50268,838.638,1
50280,838.838,1
50292,839.038,1
50304,839.238,1
50316,839.439,1
50328,839.639,1
50340,839.839,1
50352,840.039,1
50364,840.239,1
50376,840.44,1
50388,840.64,1
50400,840.84,1
50412,841.04,1
50424,841.24,1
50436,841.441,1
50448,841.641,1
50460,841.841,1
50472,842.041,1
50484,842.241,1
50496,842.442,1
50508,842.642,1
50520,842.842,1
50532,843.042,1
50544,843.242,1
50556,843.443,1
50568,843.643,1
50580,843.843,1
50592,844.043,1
50604,844.243,1
50616,844.444,1
50628,844.644,1
50640,844.844,1
50652,845.044,1
50664,845.244,1
50676,845.445,1
50688,845.645,1
50700,845.845,1
50712,846.045,1
50724,846.245,1
50736,846.446,1
50748,846.646,1
50760,846.846,1
50772,847.046,1
50784,847.246,1
50796,847.447,1
50808,847.647,1
50820,847.847,1
50832,848.047,1
50844,848.247,1
50856,848.448,1
50868,848.648,1
50880,848.848,1
50892,849.048,1
50904,849.248,1
50916,849.449,1
50928,849.649,1
50940,849.849,1
50952,850.049,1
50964,850.249,1
50976,850.45,1
50988,850.65,1
51000,850.85,1
51012,851.05,1
51024,851.25,1
51036,851.451,1
51048,851.651,1
51060,851.851,1
51072,852.051,1
51084,852.251,1
51096,852.452,1
51108,852.652,1
51120,852.852,1
51132,853.052,1
51144,853.252,1
51156,853.453,1
51168,853.653,1
51180,853.853,1
51192,854.053,1
51204,854.253,1
51216,854.454,1
51228,854.654,1
51240,854.854,1
51252,855.054,1
51264,855.254,1
51276,855.455,1
51288,855.655,1
51300,855.855,1
51312,856.055,1
51324,856.255,1
51336,856.456,1
51348,856.656,1
51360,856.856,1
51372,857.056,1
51384,857.256,1
51396,857.457,1
51408,857.657,1
51420,857.857,1
51432,858.057,1
51444,858.257,1
51456,858.458,1
51468,858.658,1
51480,858.858,1
51492,859.058,1
51504,859.258,1
51516,859.459,1
51528,859.659,1
51540,859.859,1
51552,860.059,1
51564,860.259,1
51576,860.46,1
51588,860.66,1
51600,860.86,1
51612,861.06,1
51624,861.26,1
51636,861.461,1
51648,861.661,1
51660,861.861,1
51672,862.061,1
51684,862.261,1
51696,862.462,1
51708,862.662,1
51720,862.862,1
51732,863.062,1
51744,863.262,1
51756,863.463,1
51768,863.663,1
51780,863.863,1
51792,864.063,1
51804,864.263,1
51816,864.464,1
51828,864.664,1
51840,864.864,1
51852,865.064,1
51864,865.264,1
51876,865.465,1
51888,865.665,1
51900,865.865,1
51912,866.065,1
51924,866.265,1
51936,866.466,1
51948,866.666,1
51960,866.866,1
51972,867.066,1
51984,867.266,1
51996,867.467,1
52008,867.667,1
52020,867.867,1
52032,868.067,1
52044,868.267,1
52056,868.468,1
52068,868.668,1
52080,868.868,1
52092,869.068,1
52104,869.268,1
52116,869.469,1
52128,869.669,1
52140,869.869,1
52152,870.069,1
52164,870.269,1
52176,870.47,1
52188,870.67,1
52200,870.87,1
52212,871.07,1
52224,871.27,1
52236,871.471,1
52248,871.671,1
52260,871.871,1
52272,872.071,1
52284,872.271,1
52296,872.472,1
52308,872.672,1
52320,872.872,1
52332,873.072,1
52344,873.272,1
52356,873.473,1
52368,873.673,1
52380,873.873,1
52392,874.073,1
52404,874.273,1
52416,874.474,1
52428,874.674,1
52440,874.874,1
52452,875.074,1
52464,875.274,1
52476,875.475,1
52488,875.675,1
52500,875.875,1
52512,876.075,1
52524,876.275,1
52536,876.476,1
52548,876.676,1
52560,876.876,1
52572,877.076,1
52584,877.276,1
52596,877.477,1
52608,877.677,1
52620,877.877,1
52632,878.077,1
52644,878.277,1
52656,878.478,1
52668,878.678,1
52680,878.878,1
52692,879.078,1
52704,879.278,1
52716,879.479,1
52728,879.679,1
52740,879.879,1
52752,880.079,1
52764,880.279,1
52776,880.48,1
52788,880.68,1
52800,880.88,1
52812,881.08,1
52824,881.28,1
52836,881.481,1
52848,881.681,1
52860,881.881,1
52872,882.081,1
52884,882.281,1
52896,882.482,1
52908,882.682,1
52920,882.882,1
52932,883.082,1
52944,883.282,1
52956,883.483,1
52968,883.683,1
52980,883.883,1
52992,884.083,1
53004,884.283,1
53016,884.484,1
53028,884.684,1
53040,884.884,1
53052,885.084,1
53064,885.284,1
53076,885.485,1
53088,885.685,1
53100,885.885,1
53112,886.085,1
53124,886.285,1
53136,886.486,1
53148,886.686,1
53160,886.886,1
53172,887.086,1
53184,887.286,1
53196,887.487,1
53208,887.687,1
53220,887.887,1
53232,888.087,1
53244,888.287,1
53256,888.488,1
53268,888.688,1
53280,888.888,1
53292,889.088,1
53304,889.288,1
53316,889.489,1
53328,889.689,1
53340,889.889,1
53352,890.089,1
53364,890.289,1
53376,890.49,1
53388,890.69,1
53400,890.89,1
53412,891.09,1
53424,891.29,1
53436,891.491,1
53448,891.691,1
53460,891.891,1
53472,892.091,1
53484,892.291,1
53496,892.492,1
53508,892.692,1
53520,892.892,1
53532,893.092,1
53544,893.292,1
53556,893.493,1
53568,893.693,1
53580,893.893,1
53592,894.093,1
53604,894.293,1
53616,894.494,1
53628,894.694,1
53640,894.894,1
53652,895.094,1
53664,895.294,1
53676,895.495,1
53688,895.695,1
53700,895.895,1
53712,896.095,1
53724,896.295,1
53736,896.496,1
53748,896.696,1
53760,896.896,1
53772,897.096,1
53784,897.296,1
53796,897.497,1
53808,897.697,1
53820,897.897,1
53832,898.097,1
53844,898.297,1
53856,898.498,1
53868,898.698,1
53880,898.898,1
53892,899.098,1
53904,899.298,1
53916,899.499,1
53928,899.699,1
53940,899.899,1
53952,900.099,1
53964,900.299,1
53976,900.5,1
53988,900.7,1
54000,900.9,1
54012,901.1,1
54024,901.3,1
54036,901.501,1
54048,901.701,1
54060,901.901,1
54072,902.101,1
54084,902.301,1
54096,902.502,1
54108,902.702,1
54120,902.902,1
54132,903.102,1
54144,903.302,1
54156,903.503,1
54168,903.703,1
54180,903.903,1
54192,904.103,1
54204,904.303,1
54216,904.504,1
54228,904.704,1
54240,904.904,1
54252,905.104,1
54264,905.304,1
54276,905.505,1
54288,905.705,1
54300,905.905,1
54312,906.105,1
54324,906.305,1
54336,906.506,1
54348,906.706,1
54360,906.906,1
54372,907.106,1
54384,907.306,1
54396,907.507,1
54408,907.707,1
54420,907.907,1
54432,908.107,1
54444,908.307,1
54456,908.508,1
54468,908.708,1
54480,908.908,1
54492,909.108,1
54504,909.308,1
54516,909.509,1
54528,909.709,1
54540,909.909,1
54552,910.109,1
54564,910.309,1
54576,910.51,1
54588,910.71,1
54600,910.91,1
54612,911.11,1
54624,911.31,1
54636,911.511,1
54648,911.711,1
54660,911.911,1
54672,912.111,1
54684,912.311,1
54696,912.512,1
54708,912.712,1
54720,912.912,1
54732,913.112,1
54744,913.312,1
54756,913.513,1
54768,913.713,1
54780,913.913,1
54792,914.113,1
54804,914.313,1
54816,914.514,1
54828,914.714,1
54840,914.914,1
54852,915.114,1
54864,915.314,1
54876,915.515,1
54888,915.715,1
54900,915.915,1
54912,916.115,1
54924,916.315,1
54936,916.516,1
54948,916.716,1
54960,916.916,1
54972,917.116,1
54984,917.316,1
54996,917.517,1
55008,917.717,1
55020,917.917,1
55032,918.117,1
55044,918.317,1
55056,918.518,1
55068,918.718,1
55080,918.918,1
55092,919.118,1
55104,919.318,1
55116,919.519,1
55128,919.719,1
55140,919.919,1
55152,920.119,1
55164,920.319,1
55176,920.52,1
55188,920.72,1
55200,920.92,1
55212,921.12,1
55224,921.32,1
55236,921.521,1
55248,921.721,1
55260,921.921,1
55272,922.121,1
55284,922.321,1
55296,922.522,1
55308,922.722,1
55320,922.922,1
55332,923.122,1
55344,923.322,1
55356,923.523,1
55368,923.723,1
55380,923.923,1
55392,924.123,1
55404,924.323,1
55416,924.524,1
55428,924.724,1
55440,924.924,1
55452,925.124,1
55464,925.324,1
55476,925.525,1
55488,925.725,1
55500,925.925,1
55512,926.125,1
55524,926.325,1
55536,926.526,1
55548,926.726,1
55560,926.926,1
55572,927.126,1
55584,927.326,1
55596,927.527,1
55608,927.727,1
55620,927.927,1
55632,928.127,1
55644,928.327,1
55656,928.528,1
55668,928.728,1
55680,928.928,1
55692,929.128,1
55704,929.328,1
55716,929.529,1
55728,929.729,1
55740,929.929,1
55752,930.129,1
55764,930.329,1
55776,930.53,1
55788,930.73,1
55800,930.93,1
55812,931.13,1
55824,931.33,1
55836,931.531,1
55848,931.731,1
55860,931.931,1
55872,932.131,1
55884,932.331,1
55896,932.532,1
55908,932.732,1
55920,932.932,1
55932,933.132,1
55944,933.332,1
55956,933.533,1
55968,933.733,1
55980,933.933,1
55992,934.133,1
56004,934.333,1
56016,934.534,1
56028,934.734,1
56040,934.934,1
56052,935.134,1
56064,935.334,1
56076,935.535,1
56088,935.735,1
56100,935.935,1
56112,936.135,1
56124,936.335,1
56136,936.536,1
56148,936.736,1
56160,936.936,1
56172,937.136,1
56184,937.336,1
56196,937.537,1
56208,937.737,1
56220,937.937,1
56232,938.137,1
56244,938.337,1
56256,938.538,1
56268,938.738,1
56280,938.938,1
56292,939.138,1
56304,939.338,1
56316,939.539,1
56328,939.739,1
56340,939.939,1
56352,940.139,1
56364,940.339,1
56376,940.54,1
56388,940.74,1
56400,940.94,1
56412,941.14,1
56424,941.34,1
56436,941.541,1
56448,941.741,1
56460,941.941,1
56472,942.141,1
56484,942.341,1
56496,942.542,1
56508,942.742,1
56520,942.942,1
56532,943.142,1
56544,943.342,1
56556,943.543,1
56568,943.743,1
56580,943.943,1
56592,944.143,1
56604,944.343,1
56616,944.544,1
56628,944.744,1
56640,944.944,1
56652,945.144,1
56664,945.344,1
56676,945.545,1
56688,945.745,1
56700,945.945,1
56712,946.145,1
56724,946.345,1
56736,946.546,1
56748,946.746,1
56760,946.946,1
56772,947.146,1
56784,947.346,1
56796,947.547,1
56808,947.747,1
56820,947.947,1
56832,948.147,1
56844,948.347,1
56856,948.548,1
56868,948.748,1
56880,948.948,1
56892,949.148,1
56904,949.348,1
56916,949.549,1
56928,949.749,1
56940,949.949,1
56952,950.149,1
56964,950.349,1
56976,950.55,1
56988,950.75,1
57000,950.95,1
57012,951.15,1
57024,951.35,1
57036,951.551,1
57048,951.751,1
57060,951.951,1
57072,952.151,1
57084,952.351,1
57096,952.552,1
57108,952.752,1
57120,952.952,1
57132,953.152,1
57144,953.352,1
57156,953.553,1
57168,953.753,1
57180,953.953,1
57192,954.153,1
57204,954.353,1
57216,954.554,1
57228,954.754,1
57240,954.954,1
57252,955.154,1
57264,955.354,1
57276,955.555,1
57288,955.755,1
57300,955.955,1
57312,956.155,1
57324,956.355,1
57336,956.556,1
57348,956.756,1
57360,956.956,1
57372,957.156,1
57384,957.356,1
57396,957.557,1
57408,957.757,1
57420,957.957,1
57432,958.157,1
57444,958.357,1
57456,958.558,1
57468,958.758,1
57480,958.958,1
57492,959.158,1
57504,959.358,1
57516,959.559,1
57528,959.759,1
57540,959.959,1
57552,960.159,1
57564,960.359,1
57576,960.56,1
57588,960.76,1
57600,960.96,1
57612,961.16,1
57624,961.36,1
57636,961.561,1
57648,961.761,1
57660,961.961,1
57672,962.161,1
57684,962.361,1
57696,962.562,1
57708,962.762,1
57720,962.962,1
57732,963.162,1
57744,963.362,1
57756,963.563,1
57768,963.763,1
57780,963.963,1
57792,964.163,1
57804,964.363,1
57816,964.564,1
57828,964.764,1
57840,964.964,1
57852,965.164,1
57864,965.364,1
57876,965.565,1
57888,965.765,1
57900,965.965,1
57912,966.165,1
57924,966.365,1
57936,966.566,1
57948,966.766,1
57960,966.966,1
57972,967.166,1
57984,967.366,1
57996,967.567,1
58008,967.767,1
58020,967.967,1
58032,968.167,1
58044,968.367,1
58056,968.568,1
58068,968.768,1
58080,968.968,1
58092,969.168,1
58104,969.368,1
58116,969.569,1
58128,969.769,1
58140,969.969,1
58152,970.169,1
58164,970.369,1
58176,970.57,1
58188,970.77,1
58200,970.97,1
58212,971.17,1
58224,971.37,1
58236,971.571,1
58248,971.771,1
58260,971.971,1
58272,972.171,1
58284,972.371,1
58296,972.572,1
58308,972.772,1
58320,972.972,1
58332,973.172,1
58344,973.372,1
58356,973.573,1
58368,973.773,1
58380,973.973,1
58392,974.173,1
58404,974.373,1
58416,974.574,1
58428,974.774,1
58440,974.974,1
58452,975.174,1
58464,975.374,1
58476,975.575,1
58488,975.775,1
58500,975.975,1
58512,976.175,1
58524,976.375,1
58536,976.576,1
58548,976.776,1
58560,976.976,1
58572,977.176,1
58584,977.376,1
58596,977.577,1
58608,977.777,1
58620,977.977,1
58632,978.177,1
58644,978.377,1
58656,978.578,1
58668,978.778,1
58680,978.978,1
58692,979.178,1
58704,979.378,1
58716,979.579,1
58728,979.779,1
58740,979.979,1
58752,980.179,1
58764,980.379,1
58776,980.58,1
58788,980.78,1
58800,980.98,1
58812,981.18,1
58824,981.38,1
58836,981.581,1
58848,981.781,1
58860,981.981,1
58872,982.181,1
58884,982.381,1
58896,982.582,1
58908,982.782,1
58920,982.982,1
58932,983.182,1
58944,983.382,1
58956,983.583,1
58968,983.783,1
58980,983.983,1
58992,984.183,1
59004,984.383,1
59016,984.584,1
59028,984.784,1
59040,984.984,1
59052,985.184,1
59064,985.384,1
59076,985.585,1
59088,985.785,1
59100,985.985,1
59112,986.185,1
59124,986.385,1
59136,986.586,1
59148,986.786,1
59160,986.986,1
59172,987.186,1
59184,987.386,1
59196,987.587,1
59208,987.787,1
59220,987.987,1
59232,988.187,1
59244,988.387,1
59256,988.588,1
59268,988.788,1
59280,988.988,1
59292,989.188,1
59304,989.388,1
59316,989.589,1
59328,989.789,1
59340,989.989,1
59352,990.189,1
59364,990.389,1
59376,990.59,1
59388,990.79,1
59400,990.99,1
59412,991.19,1
59424,991.39,1
59436,991.591,1
59448,991.791,1
59460,991.991,1
59472,992.191,1
59484,992.391,1
59496,992.592,1
59508,992.792,1
59520,992.992,1
59532,993.192,1
59544,993.392,1
59556,993.593,1
59568,993.793,1
59580,993.993,1
59592,994.193,1
59604,994.393,1
59616,994.594,1
59628,994.794,1
59640,994.994,1
59652,995.194,1
59664,995.394,1
59676,995.595,1
59688,995.795,1
59700,995.995,1
59712,996.195,1
59724,996.395,1
59736,996.596,1
59748,996.796,1
59760,996.996,1
59772,997.196,1
59784,997.396,1
59796,997.597,1
59808,997.797,1
59820,997.997,1
59832,998.197,1
59844,998.397,1
59856,998.598,1
59868,998.798,1
59880,998.998,1
59892,999.198,1
59904,999.398,1
59916,999.599,1
59928,999.799,1
59940,999.999,1
59952,1000.199,1
59964,1000.399,1
59976,1000.6,1
59988,1000.8,1
60000,1001.0,1
60012,1001.2,1
60024,1001.4,1
60036,1001.601,1
60048,1001.801,1
60060,1002.001,1
60072,1002.201,1
60084,1002.401,1
60096,1002.602,1
60108,1002.802,1
60120,1003.002,1
60132,1003.202,1
60144,1003.402,1
60156,1003.603,1
60168,1003.803,1
60180,1004.003,1
60192,1004.203,1
60204,1004.403,1
60216,1004.604,1
60228,1004.804,1
60240,1005.004,1
60252,1005.204,1
60264,1005.404,1
60276,1005.605,1
60288,1005.805,1
60300,1006.005,1
60312,1006.205,1
60324,1006.405,1
60336,1006.606,1
60348,1006.806,1
60360,1007.006,1
60372,1007.206,1
60384,1007.406,1
60396,1007.607,1
60408,1007.807,1
60420,1008.007,1
60432,1008.207,1
60444,1008.407,1
60456,1008.608,1
60468,1008.808,1
60480,1009.008,1
60492,1009.208,1
60504,1009.408,1
60516,1009.609,1
60528,1009.809,1
60540,1010.009,1
60552,1010.209,1
60564,1010.409,1
60576,1010.61,1
60588,1010.81,1
60600,1011.01,1
60612,1011.21,1
60624,1011.41,1
60636,1011.611,1
60648,1011.811,1
60660,1012.011,1
60672,1012.211,1
60684,1012.411,1
60696,1012.612,1
60708,1012.812,1
60720,1013.012,1
60732,1013.212,1
60744,1013.412,1
60756,1013.613,1
60768,1013.813,1
60780,1014.013,1
60792,1014.213,1
60804,1014.413,1
60816,1014.614,1
60828,1014.814,1
60840,1015.014,1
60852,1015.214,1
60864,1015.414,1
60876,1015.615,1
60888,1015.815,1
60900,1016.015,1
60912,1016.215,1
60924,1016.415,1
60936,1016.616,1
60948,1016.816,1
60960,1017.016,1
60972,1017.216,1
60984,1017.416,1
60996,1017.617,1
61008,1017.817,1
61020,1018.017,1
61032,1018.217,1
61044,1018.417,1
61056,1018.618,1
61068,1018.818,1
61080,1019.018,1
61092,1019.218,1
61104,1019.418,1
61116,1019.619,1
61128,1019.819,1
61140,1020.019,1
61152,1020.219,1
61164,1020.419,1
61176,1020.62,1
61188,1020.82,1
61200,1021.02,1
61212,1021.22,1
61224,1021.42,1
61236,1021.621,1
61248,1021.821,1
61260,1022.021,1
61272,1022.221,1
61284,1022.421,1
61296,1022.622,1
61308,1022.822,1
61320,1023.022,1
61332,1023.222,1
61344,1023.422,1
61356,1023.623,1
61368,1023.823,1
61380,1024.023,1
61392,1024.223,1
61404,1024.423,1
61416,1024.624,1
61428,1024.824,1
61440,1025.024,1
61452,1025.224,1
61464,1025.424,1
61476,1025.625,1
61488,1025.825,1
61500,1026.025,1
61512,1026.225,1
61524,1026.425,1
61536,1026.626,1
61548,1026.826,1
61560,1027.026,1
61572,1027.226,1
61584,1027.426,1
61596,1027.627,1
61608,1027.827,1
61620,1028.027,1
61632,1028.227,1
61644,1028.427,1
61656,1028.628,1
61668,1028.828,1
61680,1029.028,1
61692,1029.228,1
61704,1029.428,1
61716,1029.629,1
61728,1029.829,1
61740,1030.029,1
61752,1030.229,1
61764,1030.429,1
61776,1030.63,1
61788,1030.83,1
61800,1031.03,1
61812,1031.23,1
61824,1031.43,1
61836,1031.631,1
61848,1031.831,1
61860,1032.031,1
61872,1032.231,1
61884,1032.431,1
61896,1032.632,1
61908,1032.832,1
61920,1033.032,1
61932,1033.232,1
61944,1033.432,1
61956,1033.633,1
61968,1033.833,1
61980,1034.033,1
61992,1034.233,1
62004,1034.433,1
62016,1034.634,1
62028,1034.834,1
62040,1035.034,1
62052,1035.234,1
62064,1035.434,1
62076,1035.635,1
62088,1035.835,1
62100,1036.035,1
62112,1036.235,1
62124,1036.435,1
62136,1036.636,1
62148,1036.836,1
62160,1037.036,1
62172,1037.236,1
62184,1037.436,1
62196,1037.637,1
62208,1037.837,1
62220,1038.037,1
62232,1038.237,1
62244,1038.437,1
62256,1038.638,1
62268,1038.838,1
62280,1039.038,1
62292,1039.238,1
62304,1039.438,1
62316,1039.639,1
62328,1039.839,1
62340,1040.039,1
62352,1040.239,1
62364,1040.439,1
62376,1040.64,1
62388,1040.84,1
62400,1041.04,1
62412,1041.24,1
62424,1041.44,1
62436,1041.641,1
62448,1041.841,1
62460,1042.041,1
62472,1042.241,1
62484,1042.441,1
62496,1042.642,1
62508,1042.842,1
62520,1043.042,1
62532,1043.242,1
62544,1043.442,1
62556,1043.643,1
62568,1043.843,1
62580,1044.043,1
62592,1044.243,1
62604,1044.443,1
62616,1044.644,1
62628,1044.844,1
62640,1045.044,1
62652,1045.244,1
62664,1045.444,1
62676,1045.645,1
62688,1045.845,1
62700,1046.045,1
62712,1046.245,1
62724,1046.445,1
62736,1046.646,1
62748,1046.846,1
62760,1047.046,1
62772,1047.246,1
62784,1047.446,1
62796,1047.647,1
62808,1047.847,1
62820,1048.047,1
62832,1048.247,1
62844,1048.447,1
62856,1048.648,1
62868,1048.848,1
62880,1049.048,1
62892,1049.248,1
62904,1049.448,1
62916,1049.649,1
62928,1049.849,1
62940,1050.049,1
62952,1050.249,1
62964,1050.449,1
62976,1050.65,1
62988,1050.85,1
63000,1051.05,1
63012,1051.25,1
63024,1051.45,1
63036,1051.651,1
63048,1051.851,1
63060,1052.051,1
63072,1052.251,1
63084,1052.451,1
63096,1052.652,1
63108,1052.852,1
63120,1053.052,1
63132,1053.252,1
63144,1053.452,1
63156,1053.653,1
63168,1053.853,1
63180,1054.053,1
63192,1054.253,1
63204,1054.453,1
63216,1054.654,1
63228,1054.854,1
63240,1055.054,1
63252,1055.254,1
63264,1055.454,1
63276,1055.655,1
63288,1055.855,1
63300,1056.055,1
63312,1056.255,1
63324,1056.455,1
63336,1056.656,1
63348,1056.856,1
63360,1057.056,1
63372,1057.256,1
63384,1057.456,1
63396,1057.657,1
63408,1057.857,1
63420,1058.057,1
63432,1058.257,1
63444,1058.457,1
63456,1058.658,1
63468,1058.858,1
63480,1059.058,1
63492,1059.258,1
63504,1059.458,1
63516,1059.659,1
63528,1059.859,1
63540,1060.059,1
63552,1060.259,1
63564,1060.459,1
63576,1060.66,1
63588,1060.86,1
63600,1061.06,1
63612,1061.26,1
63624,1061.46,1
63636,1061.661,1
63648,1061.861,1
63660,1062.061,1
63672,1062.261,1
63684,1062.461,1
63696,1062.662,1
63708,1062.862,1
63720,1063.062,1
63732,1063.262,1
63744,1063.462,1
63756,1063.663,1
63768,1063.863,1
63780,1064.063,1
63792,1064.263,1
63804,1064.463,1
63816,1064.664,1
63828,1064.864,1
63840,1065.064,1
63852,1065.264,1
63864,1065.464,1
63876,1065.665,1
63888,1065.865,1
63900,1066.065,1
63912,1066.265,1
63924,1066.465,1
63936,1066.666,1
63948,1066.866,1
63960,1067.066,1
63972,1067.266,1
63984,1067.466,1
63996,1067.667,1
64008,1067.867,1
64020,1068.067,1
64032,1068.267,1
64044,1068.467,1
64056,1068.668,1
64068,1068.868,1
64080,1069.068,1
64092,1069.268,1
64104,1069.468,1
64116,1069.669,1
64128,1069.869,1
64140,1070.069,1
64152,1070.269,1
64164,1070.469,1
64176,1070.67,1
64188,1070.87,1
64200,1071.07,1
64212,1071.27,1
64224,1071.47,1
64236,1071.671,1
64248,1071.871,1
64260,1072.071,1
64272,1072.271,1
64284,1072.471,1
64296,1072.672,1
64308,1072.872,1
64320,1073.072,1
64332,1073.272,1
64344,1073.472,1
64356,1073.673,1
64368,1073.873,1
64380,1074.073,1
64392,1074.273,1
64404,1074.473,1
64416,1074.674,1
64428,1074.874,1
64440,1075.074,1
64452,1075.274,1
64464,1075.474,1
64476,1075.675,1
64488,1075.875,1
64500,1076.075,1
64512,1076.275,1
64524,1076.475,1
64536,1076.676,1
64548,1076.876,1
64560,1077.076,1
64572,1077.276,1
64584,1077.476,1
64596,1077.677,1
64608,1077.877,1
64620,1078.077,1
64632,1078.277,1
64644,1078.477,1
64656,1078.678,1
64668,1078.878,1
64680,1079.078,1
64692,1079.278,1
64704,1079.478,1
64716,1079.679,1
64728,1079.879,1
64740,1080.079,1
64752,1080.279,1
64764,1080.479,1
64776,1080.68,1
64788,1080.88,1
64800,1081.08,1
64812,1081.28,1
64824,1081.48,1
64836,1081.681,1
64848,1081.881,1
64860,1082.081,1
64872,1082.281,1
64884,1082.481,1
64896,1082.682,1
64908,1082.882,1
64920,1083.082,1
64932,1083.282,1
64944,1083.482,1
64956,1083.683,1
64968,1083.883,1
64980,1084.083,1
64992,1084.283,1
65004,1084.483,1
65016,1084.684,1
65028,1084.884,1
65040,1085.084,1
65052,1085.284,1
65064,1085.484,1
65076,1085.685,1
65088,1085.885,1
65100,1086.085,1
65112,1086.285,1
65124,1086.485,1
65136,1086.686,1
65148,1086.886,1
65160,1087.086,1
65172,1087.286,1
65184,1087.486,1
65196,1087.687,1
65208,1087.887,1
65220,1088.087,1
65232,1088.287,1
65244,1088.487,1
65256,1088.688,1
65268,1088.888,1
65280,1089.088,1
65292,1089.288,1
65304,1089.488,1
65316,1089.689,1
65328,1089.889,1
65340,1090.089,1
65352,1090.289,1
65364,1090.489,1
65376,1090.69,1
65388,1090.89,1
65400,1091.09,1
65412,1091.29,1
65424,1091.49,1
65436,1091.691,1
65448,1091.891,1
65460,1092.091,1
65472,1092.291,1
65484,1092.491,1
65496,1092.692,1
65508,1092.892,1
65520,1093.092,1
65532,1093.292,1
65544,1093.492,1
65556,1093.693,1
65568,1093.893,1
65580,1094.093,1
65592,1094.293,1
65604,1094.493,1
65616,1094.694,1
65628,1094.894,1
65640,1095.094,1
65652,1095.294,1
65664,1095.494,1
65676,1095.695,1
65688,1095.895,1
65700,1096.095,1
65712,1096.295,1
65724,1096.495,1
65736,1096.696,1
65748,1096.896,1
65760,1097.096,1
65772,1097.296,1
65784,1097.496,1
65796,1097.697,1
65808,1097.897,1
65820,1098.097,1
65832,1098.297,1
65844,1098.497,1
65856,1098.698,1
65868,1098.898,1
65880,1099.098,1
65892,1099.298,1
65904,1099.498,1
65916,1099.699,1
65928,1099.899,1
65940,1100.099,1
65952,1100.299,1
65964,1100.499,1
65976,1100.7,1
65988,1100.9,1
66000,1101.1,1
66012,1101.3,1
66024,1101.5,1
66036,1101.701,1
66048,1101.901,1
66060,1102.101,1
66072,1102.301,1
66084,1102.501,1
66096,1102.702,1
66108,1102.902,1
66120,1103.102,1
66132,1103.302,1
66144,1103.502,1
66156,1103.703,1
66168,1103.903,1
66180,1104.103,1
66192,1104.303,1
66204,1104.503,1
66216,1104.704,1
66228,1104.904,1
66240,1105.104,1
66252,1105.304,1
66264,1105.504,1
66276,1105.705,1
66288,1105.905,1
66300,1106.105,1
66312,1106.305,1
66324,1106.505,1
66336,1106.706,1
66348,1106.906,1
66360,1107.106,1
66372,1107.306,1
66384,1107.506,1
66396,1107.707,1
66408,1107.907,1
66420,1108.107,1
66432,1108.307,1
66444,1108.507,1
66456,1108.708,1
66468,1108.908,1
66480,1109.108,1
66492,1109.308,1
66504,1109.508,1
66516,1109.709,1
66528,1109.909,1
66540,1110.109,1
66552,1110.309,1
66564,1110.509,1
66576,1110.71,1
66588,1110.91,1
66600,1111.11,1
66612,1111.31,1
66624,1111.51,1
66636,1111.711,1
66648,1111.911,1
66660,1112.111,1
66672,1112.311,1
66684,1112.511,1
66696,1112.712,1
66708,1112.912,1
66720,1113.112,1
66732,1113.312,1
66744,1113.512,1
66756,1113.713,1
66768,1113.913,1
66780,1114.113,1
66792,1114.313,1
66804,1114.513,1
66816,1114.714,1
66828,1114.914,1
66840,1115.114,1
66852,1115.314,1
66864,1115.514,1
66876,1115.715,1
66888,1115.915,1
66900,1116.115,1
66912,1116.315,1
66924,1116.515,1
66936,1116.716,1
66948,1116.916,1
66960,1117.116,1
66972,1117.316,1
66984,1117.516,1
66996,1117.717,1
67008,1117.917,1
67020,1118.117,1
67032,1118.317,1
67044,1118.517,1
67056,1118.718,1
67068,1118.918,1
67080,1119.118,1
67092,1119.318,1
67104,1119.518,1
67116,1119.719,1
67128,1119.919,1
67140,1120.119,1
67152,1120.319,1
67164,1120.519,1
67176,1120.72,1
67188,1120.92,1
67200,1121.12,1
67212,1121.32,1
67224,1121.52,1
67236,1121.721,1
67248,1121.921,1
67260,1122.121,1
67272,1122.321,1
67284,1122.521,1
67296,1122.722,1
67308,1122.922,1
67320,1123.122,1
67332,1123.322,1
67344,1123.522,1
67356,1123.723,1
67368,1123.923,1
67380,1124.123,1
67392,1124.323,1
67404,1124.523,1
67416,1124.724,1
67428,1124.924,1
67440,1125.124,1
67452,1125.324,1
67464,1125.524,1
67476,1125.725,1
67488,1125.925,1
67500,1126.125,1
67512,1126.325,1
67524,1126.525,1
67536,1126.726,1
67548,1126.926,1
67560,1127.126,1
67572,1127.326,1
67584,1127.526,1
67596,1127.727,1
67608,1127.927,1
67620,1128.127,1
67632,1128.327,1
67644,1128.527,1
67656,1128.728,1
67668,1128.928,1
67680,1129.128,1
67692,1129.328,1
67704,1129.528,1
67716,1129.729,1
67728,1129.929,1
67740,1130.129,1
67752,1130.329,1
67764,1130.529,1
67776,1130.73,1
67788,1130.93,1
67800,1131.13,1
67812,1131.33,1
67824,1131.53,1
67836,1131.731,1
67848,1131.931,1
67860,1132.131,1
67872,1132.331,1
67884,1132.531,1
67896,1132.732,1
67908,1132.932,1
67920,1133.132,1
67932,1133.332,1
67944,1133.532,1
67956,1133.733,1
67968,1133.933,1
67980,1134.133,1
67992,1134.333,1
68004,1134.533,1
68016,1134.734,1
68028,1134.934,1
68040,1135.134,1
68052,1135.334,1
68064,1135.534,1
68076,1135.735,1
68088,1135.935,1
68100,1136.135,1
68112,1136.335,1
68124,1136.535,1
68136,1136.736,1
68148,1136.936,1
68160,1137.136,1
68172,1137.336,1
68184,1137.536,1
68196,1137.737,1
68208,1137.937,1
68220,1138.137,1
68232,1138.337,1
68244,1138.537,1
68256,1138.738,1
68268,1138.938,1
68280,1139.138,1
68292,1139.338,1
68304,1139.538,1
68316,1139.739,1
68328,1139.939,1
68340,1140.139,1
68352,1140.339,1
68364,1140.539,1
68376,1140.74,1
68388,1140.94,1
68400,1141.14,1
68412,1141.34,1
68424,1141.54,1
68436,1141.741,1
68448,1141.941,1
68460,1142.141,1
68472,1142.341,1
68484,1142.541,1
68496,1142.742,1
68508,1142.942,1
68520,1143.142,1
68532,1143.342,1
68544,1143.542,1
68556,1143.743,1
68568,1143.943,1
68580,1144.143,1
68592,1144.343,1
68604,1144.543,1
68616,1144.744,1
68628,1144.944,1
68640,1145.144,1
68652,1145.344,1
68664,1145.544,1
68676,1145.745,1
68688,1145.945,1
68700,1146.145,1
68712,1146.345,1
68724,1146.545,1
68736,1146.746,1
68748,1146.946,1
68760,1147.146,1
68772,1147.346,1
68784,1147.546,1
68796,1147.747,1
68808,1147.947,1
68820,1148.147,1
68832,1148.347,1
68844,1148.547,1
68856,1148.748,1
68868,1148.948,1
68880,1149.148,1
68892,1149.348,1
68904,1149.548,1
68916,1149.749,1
68928,1149.949,1
68940,1150.149,1
68952,1150.349,1
68964,1150.549,1
68976,1150.75,1
68988,1150.95,1
69000,1151.15,1
69012,1151.35,1
69024,1151.55,1
69036,1151.751,1
69048,1151.951,1
69060,1152.151,1
69072,1152.351,1
69084,1152.551,1
69096,1152.752,1
69108,1152.952,1
69120,1153.152,1
69132,1153.352,1
69144,1153.552,1
69156,1153.753,1
69168,1153.953,1
69180,1154.153,1
69192,1154.353,1
69204,1154.553,1
69216,1154.754,1
69228,1154.954,1
69240,1155.154,1
69252,1155.354,1
69264,1155.554,1
69276,1155.755,1
69288,1155.955,1
69300,1156.155,1
69312,1156.355,1
69324,1156.555,1
69336,1156.756,1
69348,1156.956,1
69360,1157.156,1
69372,1157.356,1
69384,1157.556,1
69396,1157.757,1
69408,1157.957,1
69420,1158.157,1
69432,1158.357,1
69444,1158.557,1
69456,1158.758,1
69468,1158.958,1
69480,1159.158,1
69492,1159.358,1
69504,1159.558,1
69516,1159.759,1
69528,1159.959,1
69540,1160.159,1
69552,1160.359,1
69564,1160.559,1
69576,1160.76,1
69588,1160.96,1
69600,1161.16,1
69612,1161.36,1
69624,1161.56,1
69636,1161.761,1
69648,1161.961,1
69660,1162.161,1
69672,1162.361,1
69684,1162.561,1
69696,1162.762,1
69708,1162.962,1
69720,1163.162,1
69732,1163.362,1
69744,1163.562,1
69756,1163.763,1
69768,1163.963,1
69780,1164.163,1
69792,1164.363,1
69804,1164.563,1
69816,1164.764,1
69828,1164.964,1
69840,1165.164,1
69852,1165.364,1
69864,1165.564,1
69876,1165.765,1
69888,1165.965,1
69900,1166.165,1
69912,1166.365,1
69924,1166.565,1
69936,1166.766,1
69948,1166.966,1
69960,1167.166,1
69972,1167.366,1
69984,1167.566,1
69996,1167.767,1
70008,1167.967,1
70020,1168.167,1
70032,1168.367,1
70044,1168.567,1
70056,1168.768,1
70068,1168.968,1
70080,1169.168,1
70092,1169.368,1
70104,1169.568,1
70116,1169.769,1
70128,1169.969,1
70140,1170.169,1
70152,1170.369,1
70164,1170.569,1
70176,1170.77,1
70188,1170.97,1
70200,1171.17,1
70212,1171.37,1
70224,1171.57,1
70236,1171.771,1
70248,1171.971,1
70260,1172.171,1
70272,1172.371,1
70284,1172.571,1
70296,1172.772,1
70308,1172.972,1
70320,1173.172,1
70332,1173.372,1
70344,1173.572,1
70356,1173.773,1
70368,1173.973,1
70380,1174.173,1
70392,1174.373,1
70404,1174.573,1
70416,1174.774,1
70428,1174.974,1
70440,1175.174,1
70452,1175.374,1
70464,1175.574,1
70476,1175.775,1
70488,1175.975,1
70500,1176.175,1
70512,1176.375,1
70524,1176.575,1
70536,1176.776,1
70548,1176.976,1
70560,1177.176,1
70572,1177.376,1
70584,1177.576,1
70596,1177.777,1
70608,1177.977,1
70620,1178.177,1
70632,1178.377,1
70644,1178.577,1
70656,1178.778,1
70668,1178.978,1
70680,1179.178,1
70692,1179.378,1
70704,1179.578,1
70716,1179.779,1
70728,1179.979,1
70740,1180.179,1
70752,1180.379,1
70764,1180.579,1
70776,1180.78,1
70788,1180.98,1
70800,1181.18,1
70812,1181.38,1
70824,1181.58,1
70836,1181.781,1
70848,1181.981,1
70860,1182.181,1
70872,1182.381,1
70884,1182.581,1
70896,1182.782,1
70908,1182.982,1
70920,1183.182,1
70932,1183.382,1
70944,1183.582,1
70956,1183.783,1
70968,1183.983,1
70980,1184.183,1
70992,1184.383,1
71004,1184.583,1
71016,1184.784,1
71028,1184.984,1
71040,1185.184,1
71052,1185.384,1
71064,1185.584,1
71076,1185.785,1
71088,1185.985,1
71100,1186.185,1
71112,1186.385,1
71124,1186.585,1
71136,1186.786,1
71148,1186.986,1
71160,1187.186,1
71172,1187.386,1
71184,1187.586,1
71196,1187.787,1
71208,1187.987,1
71220,1188.187,1
71232,1188.387,1
71244,1188.587,1
71256,1188.788,1
71268,1188.988,1
71280,1189.188,1
71292,1189.388,1
71304,1189.588,1
71316,1189.789,1
71328,1189.989,1
71340,1190.189,1
71352,1190.389,1
71364,1190.589,1
71376,1190.79,1
71388,1190.99,1
71400,1191.19,1
71412,1191.39,1
71424,1191.59,1
71436,1191.791,1
71448,1191.991,1
71460,1192.191,1
71472,1192.391,1
71484,1192.591,1
71496,1192.792,1
71508,1192.992,1
71520,1193.192,1
71532,1193.392,1
71544,1193.592,1
71556,1193.793,1
71568,1193.993,1
71580,1194.193,1
71592,1194.393,1
71604,1194.593,1
71616,1194.794,1
71628,1194.994,1
71640,1195.194,1
71652,1195.394,1
71664,1195.594,1
71676,1195.795,1
71688,1195.995,1
71700,1196.195,1
71712,1196.395,1
71724,1196.595,1
71736,1196.796,1
71748,1196.996,1
71760,1197.196,1
71772,1197.396,1
71784,1197.596,1
71796,1197.797,1
71808,1197.997,1
71820,1198.197,1
71832,1198.397,1
71844,1198.597,1
71856,1198.798,1
71868,1198.998,1
71880,1199.198,1
71892,1199.398,1
71904,1199.598,1
71916,1199.799,1
71928,1199.999,1
71940,1200.199,1
71952,1200.399,1
71964,1200.599,1
71976,1200.8,1
71988,1201.0,1
72000,1201.2,1
72012,1201.4,1
72024,1201.6,1
72036,1201.801,1
72048,1202.001,1
72060,1202.201,1
72072,1202.401,1
72084,1202.601,1
72096,1202.802,1
72108,1203.002,1
72120,1203.202,1
72132,1203.402,1
72144,1203.602,1
72156,1203.803,1
72168,1204.003,1
72180,1204.203,1
72192,1204.403,1
72204,1204.603,1
72216,1204.804,1
72228,1205.004,1
72240,1205.204,1
72252,1205.404,1
72264,1205.604,1
72276,1205.805,1
72288,1206.005,1
72300,1206.205,1
72312,1206.405,1
72324,1206.605,1
72336,1206.806,1
72348,1207.006,1
72360,1207.206,1
72372,1207.406,1
72384,1207.606,1
72396,1207.807,1
72408,1208.007,1
72420,1208.207,1
72432,1208.407,1
72444,1208.607,1
72456,1208.808,1
72468,1209.008,1
72480,1209.208,1
72492,1209.408,1
72504,1209.608,1
72516,1209.809,1
72528,1210.009,1
72540,1210.209,1
72552,1210.409,1
72564,1210.609,1
72576,1210.81,1
72588,1211.01,1
72600,1211.21,1
72612,1211.41,1
72624,1211.61,1
72636,1211.811,1
72648,1212.011,1
72660,1212.211,1
72672,1212.411,1
72684,1212.611,1
72696,1212.812,1
72708,1213.012,1
72720,1213.212,1
72732,1213.412,1
72744,1213.612,1
72756,1213.813,1
72768,1214.013,1
72780,1214.213,1
72792,1214.413,1
72804,1214.613,1
72816,1214.814,1
72828,1215.014,1
72840,1215.214,1
72852,1215.414,1
72864,1215.614,1
72876,1215.815,1
72888,1216.015,1
72900,1216.215,1
72912,1216.415,1
72924,1216.615,1
72936,1216.816,1
72948,1217.016,1
72960,1217.216,1
72972,1217.416,1
72984,1217.616,1
72996,1217.817,1
73008,1218.017,1
73020,1218.217,1
73032,1218.417,1
73044,1218.617,1
73056,1218.818,1
73068,1219.018,1
73080,1219.218,1
73092,1219.418,1
73104,1219.618,1
73116,1219.819,1
73128,1220.019,1
73140,1220.219,1
73152,1220.419,1
73164,1220.619,1
73176,1220.82,1
73188,1221.02,1
73200,1221.22,1
73212,1221.42,1
73224,1221.62,1
73236,1221.821,1
73248,1222.021,1
73260,1222.221,1
73272,1222.421,1
73284,1222.621,1
73296,1222.822,1
73308,1223.022,1
73320,1223.222,1
73332,1223.422,1
73344,1223.622,1
73356,1223.823,1
73368,1224.023,1
73380,1224.223,1
73392,1224.423,1
73404,1224.623,1
73416,1224.824,1
73428,1225.024,1
73440,1225.224,1
73452,1225.424,1
73464,1225.624,1
73476,1225.825,1
73488,1226.025,1
73500,1226.225,1
73512,1226.425,1
73524,1226.625,1
73536,1226.826,1
73548,1227.026,1
73560,1227.226,1
73572,1227.426,1
73584,1227.626,1
73596,1227.827,1
73608,1228.027,1
73620,1228.227,1
73632,1228.427,1
73644,1228.627,1
73656,1228.828,1
73668,1229.028,1
73680,1229.228,1
73692,1229.428,1
73704,1229.628,1
73716,1229.829,1
73728,1230.029,1
73740,1230.229,1
73752,1230.429,1
73764,1230.629,1
73776,1230.83,1
73788,1231.03,1
73800,1231.23,1
73812,1231.43,1
73824,1231.63,1
73836,1231.831,1
73848,1232.031,1
73860,1232.231,1
73872,1232.431,1
73884,1232.631,1
73896,1232.832,1
73908,1233.032,1
73920,1233.232,1
73932,1233.432,1
73944,1233.632,1
73956,1233.833,1
73968,1234.033,1
73980,1234.233,1
73992,1234.433,1
74004,1234.633,1
74016,1234.834,1
74028,1235.034,1
74040,1235.234,1
74052,1235.434,1
74064,1235.634,1
74076,1235.835,1
74088,1236.035,1
74100,1236.235,1
74112,1236.435,1
74124,1236.635,1
74136,1236.836,1
74148,1237.036,1
74160,1237.236,1
74172,1237.436,1
74184,1237.636,1
74196,1237.837,1
74208,1238.037,1
74220,1238.237,1
74232,1238.437,1
74244,1238.637,1
74256,1238.838,1
74268,1239.038,1
74280,1239.238,1
74292,1239.438,1
74304,1239.638,1
74316,1239.839,1
74328,1240.039,1
74340,1240.239,1
74352,1240.439,1
74364,1240.639,1
74376,1240.84,1
74388,1241.04,1
74400,1241.24,1
74412,1241.44,1
74424,1241.64,1
74436,1241.841,1
74448,1242.041,1
74460,1242.241,1
74472,1242.441,1
74484,1242.641,1
74496,1242.842,1
74508,1243.042,1
74520,1243.242,1
74532,1243.442,1
74544,1243.642,1
74556,1243.843,1
74568,1244.043,1
74580,1244.243,1
74592,1244.443,1
74604,1244.643,1
74616,1244.844,1
74628,1245.044,1
74640,1245.244,1
74652,1245.444,1
74664,1245.644,1
74676,1245.845,1
74688,1246.045,1
74700,1246.245,1
74712,1246.445,1
74724,1246.645,1
74736,1246.846,1
74748,1247.046,1
74760,1247.246,1
74772,1247.446,1
74784,1247.646,1
74796,1247.847,1
74808,1248.047,1
74820,1248.247,1
74832,1248.447,1
74844,1248.647,1
74856,1248.848,1
74868,1249.048,1
74880,1249.248,1
74892,1249.448,1
74904,1249.648,1
74916,1249.849,1
74928,1250.049,1
74940,1250.249,1
74952,1250.449,1
74964,1250.649,1
74976,1250.85,1
74988,1251.05,1
75000,1251.25,1
75012,1251.45,1
75024,1251.65,1
75036,1251.851,1
75048,1252.051,1
75060,1252.251,1
75072,1252.451,1
75084,1252.651,1
75096,1252.852,1
75108,1253.052,1
75120,1253.252,1
75132,1253.452,1
75144,1253.652,1
75156,1253.853,1
75168,1254.053,1
75180,1254.253,1
75192,1254.453,1
75204,1254.653,1
75216,1254.854,1
75228,1255.054,1
75240,1255.254,1
75252,1255.454,1
75264,1255.654,1
75276,1255.855,1
75288,1256.055,1
75300,1256.255,1
75312,1256.455,1
75324,1256.655,1
75336,1256.856,1
75348,1257.056,1
75360,1257.256,1
75372,1257.456,1
75384,1257.656,1
75396,1257.857,1
75408,1258.057,1
75420,1258.257,1
75432,1258.457,1
75444,1258.657,1
75456,1258.858,1
75468,1259.058,1
75480,1259.258,1
75492,1259.458,1
75504,1259.658,1
75516,1259.859,1
75528,1260.059,1
75540,1260.259,1
75552,1260.459,1
75564,1260.659,1
75576,1260.86,1
75588,1261.06,1
75600,1261.26,1
75612,1261.46,1
75624,1261.66,1
75636,1261.861,1
75648,1262.061,1
75660,1262.261,1
75672,1262.461,1
75684,1262.661,1
75696,1262.862,1
75708,1263.062,1
75720,1263.262,1
75732,1263.462,1
75744,1263.662,1
75756,1263.863,1
75768,1264.063,1
75780,1264.263,1
75792,1264.463,1
75804,1264.663,1
75816,1264.864,1
75828,1265.064,1
75840,1265.264,1
75852,1265.464,1
75864,1265.664,1
75876,1265.865,1
75888,1266.065,1
75900,1266.265,1
75912,1266.465,1
75924,1266.665,1
75936,1266.866,1
75948,1267.066,1
75960,1267.266,1
75972,1267.466,1
75984,1267.666,1
75996,1267.867,1
76008,1268.067,1
76020,1268.267,1
76032,1268.467,1
76044,1268.667,1
76056,1268.868,1
76068,1269.068,1
76080,1269.268,1
76092,1269.468,1
76104,1269.668,1
76116,1269.869,1
76128,1270.069,1
76140,1270.269,1
76152,1270.469,1
76164,1270.669,1
76176,1270.87,1
76188,1271.07,1
76200,1271.27,1
76212,1271.47,1
76224,1271.67,1
76236,1271.871,1
76248,1272.071,1
76260,1272.271,1
76272,1272.471,1
76284,1272.671,1
76296,1272.872,1
76308,1273.072,1
76320,1273.272,1
76332,1273.472,1
76344,1273.672,1
76356,1273.873,1
76368,1274.073,1
76380,1274.273,1
76392,1274.473,1
76404,1274.673,1
76416,1274.874,1
76428,1275.074,1
76440,1275.274,1
76452,1275.474,1
76464,1275.674,1
76476,1275.875,1
76488,1276.075,1
76500,1276.275,1
76512,1276.475,1
76524,1276.675,1
76536,1276.876,1
76548,1277.076,1
76560,1277.276,1
76572,1277.476,1
76584,1277.676,1
76596,1277.877,1
76608,1278.077,1
76620,1278.277,1
76632,1278.477,1
76644,1278.677,1
76656,1278.878,1
76668,1279.078,1
76680,1279.278,1
76692,1279.478,1
76704,1279.678,1
76716,1279.879,1
76728,1280.079,1
76740,1280.279,1
76752,1280.479,1
76764,1280.679,1
76776,1280.88,1
76788,1281.08,1
76800,1281.28,1
76812,1281.48,1
76824,1281.68,1
76836,1281.881,1
76848,1282.081,1
76860,1282.281,1
76872,1282.481,1
76884,1282.681,1
76896,1282.882,1
76908,1283.082,1
76920,1283.282,1
76932,1283.482,1
76944,1283.682,1
76956,1283.883,1
76968,1284.083,1
76980,1284.283,1
76992,1284.483,1
77004,1284.683,1
77016,1284.884,1
77028,1285.084,1
77040,1285.284,1
77052,1285.484,1
77064,1285.684,1
77076,1285.885,1
77088,1286.085,1
77100,1286.285,1
77112,1286.485,1
77124,1286.685,1
77136,1286.886,1
77148,1287.086,1
77160,1287.286,1
77172,1287.486,1
77184,1287.686,1
77196,1287.887,1
77208,1288.087,1
77220,1288.287,1
77232,1288.487,1
77244,1288.687,1
77256,1288.888,1
77268,1289.088,1
77280,1289.288,1
77292,1289.488,1
77304,1289.688,1
77316,1289.889,1
77328,1290.089,1
77340,1290.289,1
77352,1290.489,1
77364,1290.689,1
77376,1290.89,1
77388,1291.09,1
77400,1291.29,1
77412,1291.49,1
77424,1291.69,1
77436,1291.891,1
77448,1292.091,1
77460,1292.291,1
77472,1292.491,1
77484,1292.691,1
77496,1292.892,1
77508,1293.092,1
77520,1293.292,1
77532,1293.492,1
77544,1293.692,1
77556,1293.893,1
77568,1294.093,1
77580,1294.293,1
77592,1294.493,1
77604,1294.693,1
77616,1294.894,1
77628,1295.094,1
77640,1295.294,1
77652,1295.494,1
77664,1295.694,1
77676,1295.895,1
77688,1296.095,1
77700,1296.295,1
77712,1296.495,1
77724,1296.695,1
77736,1296.896,1
77748,1297.096,1
77760,1297.296,1
77772,1297.496,1
77784,1297.696,1
77796,1297.897,1
77808,1298.097,1
77820,1298.297,1
77832,1298.497,1
77844,1298.697,1
77856,1298.898,1
77868,1299.098,1
77880,1299.298,1
77892,1299.498,1
77904,1299.698,1
77916,1299.899,1
77928,1300.099,1
77940,1300.299,1
77952,1300.499,1
77964,1300.699,1
77976,1300.9,1
77988,1301.1,1
78000,1301.3,1
78012,1301.5,1
78024,1301.7,1
78036,1301.901,1
78048,1302.101,1
78060,1302.301,1
78072,1302.501,1
78084,1302.701,1
78096,1302.902,1
78108,1303.102,1
78120,1303.302,1
78132,1303.502,1
78144,1303.702,1
78156,1303.903,1
78168,1304.103,1
78180,1304.303,1
78192,1304.503,1
78204,1304.703,1
78216,1304.904,1
78228,1305.104,1
78240,1305.304,1
78252,1305.504,1
78264,1305.704,1
78276,1305.905,1
78288,1306.105,1
78300,1306.305,1
78312,1306.505,1
78324,1306.705,1
78336,1306.906,1
78348,1307.106,1
78360,1307.306,1
78372,1307.506,1
78384,1307.706,1
78396,1307.907,1
78408,1308.107,1
78420,1308.307,1
78432,1308.507,1
78444,1308.707,1
78456,1308.908,1
78468,1309.108,1
78480,1309.308,1
78492,1309.508,1
78504,1309.708,1
78516,1309.909,1
78528,1310.109,1
78540,1310.309,1
78552,1310.509,1
78564,1310.709,1
78576,1310.91,1
78588,1311.11,1
78600,1311.31,1
78612,1311.51,1
78624,1311.71,1
78636,1311.911,1
78648,1312.111,1
78660,1312.311,1
78672,1312.511,1
78684,1312.711,1
78696,1312.912,1
78708,1313.112,1
78720,1313.312,1
78732,1313.512,1
78744,1313.712,1
78756,1313.913,1
78768,1314.113,1
78780,1314.313,1
78792,1314.513,1
78804,1314.713,1
78816,1314.914,1
78828,1315.114,1
78840,1315.314,1
78852,1315.514,1
78864,1315.714,1
78876,1315.915,1
78888,1316.115,1
78900,1316.315,1
78912,1316.515,1
78924,1316.715,1
78936,1316.916,1
78948,1317.116,1
78960,1317.316,1
78972,1317.516,1
78984,1317.716,1
78996,1317.917,1
79008,1318.117,1
79020,1318.317,1
79032,1318.517,1
79044,1318.717,1
79056,1318.918,1
79068,1319.118,1
79080,1319.318,1
79092,1319.518,1
79104,1319.718,1
79116,1319.919,1
79128,1320.119,1
79140,1320.319,1
79152,1320.519,1
79164,1320.719,1
79176,1320.92,1
79188,1321.12,1
79200,1321.32,1
79212,1321.52,1
79224,1321.72,1
79236,1321.921,1
79248,1322.121,1
79260,1322.321,1
79272,1322.521,1
79284,1322.721,1
79296,1322.922,1
79308,1323.122,1
79320,1323.322,1
79332,1323.522,1
79344,1323.722,1
79356,1323.923,1
79368,1324.123,1
79380,1324.323,1
79392,1324.523,1
79404,1324.723,1
79416,1324.924,1
79428,1325.124,1
79440,1325.324,1
79452,1325.524,1
79464,1325.724,1
79476,1325.925,1
79488,1326.125,1
79500,1326.325,1
79512,1326.525,1
79524,1326.725,1
79536,1326.926,1
79548,1327.126,1
79560,1327.326,1
79572,1327.526,1
79584,1327.726,1
79596,1327.927,1
79608,1328.127,1
79620,1328.327,1
79632,1328.527,1
79644,1328.727,1
79656,1328.928,1
79668,1329.128,1
79680,1329.328,1
79692,1329.528,1
79704,1329.728,1
79716,1329.929,1
79728,1330.129,1
79740,1330.329,1
79752,1330.529,1
79764,1330.729,1
79776,1330.93,1
79788,1331.13,1
79800,1331.33,1
79812,1331.53,1
79824,1331.73,1
79836,1331.931,1
79848,1332.131,1
79860,1332.331,1
79872,1332.531,1
79884,1332.731,1
79896,1332.932,1
79908,1333.132,1
79920,1333.332,1
79932,1333.532,1
79944,1333.732,1
79956,1333.933,1
79968,1334.133,1
79980,1334.333,1
79992,1334.533,1
80004,1334.733,1
80016,1334.934,1
80028,1335.134,1
80040,1335.334,1
80052,1335.534,1
80064,1335.734,1
80076,1335.935,1
80088,1336.135,1
80100,1336.335,1
80112,1336.535,1
80124,1336.735,1
80136,1336.936,1
80148,1337.136,1
80160,1337.336,1
80172,1337.536,1
80184,1337.736,1
80196,1337.937,1
80208,1338.137,1
80220,1338.337,1
80232,1338.537,1
80244,1338.737,1
80256,1338.938,1
80268,1339.138,1
80280,1339.338,1
80292,1339.538,1
80304,1339.738,1
80316,1339.939,1
80328,1340.139,1
80340,1340.339,1
80352,1340.539,1
80364,1340.739,1
80376,1340.94,1
80388,1341.14,1
80400,1341.34,1
80412,1341.54,1
80424,1341.74,1
80436,1341.941,1
80448,1342.141,1
80460,1342.341,1
80472,1342.541,1
80484,1342.741,1
80496,1342.942,1
80508,1343.142,1
80520,1343.342,1
80532,1343.542,1
80544,1343.742,1
80556,1343.943,1
80568,1344.143,1
80580,1344.343,1
80592,1344.543,1
80604,1344.743,1
80616,1344.944,1
80628,1345.144,1
80640,1345.344,1
80652,1345.544,1
80664,1345.744,1
80676,1345.945,1
80688,1346.145,1
80700,1346.345,1
80712,1346.545,1
80724,1346.745,1
80736,1346.946,1
80748,1347.146,1
80760,1347.346,1
80772,1347.546,1
80784,1347.746,1
80796,1347.947,1
80808,1348.147,1
80820,1348.347,1
80832,1348.547,1
80844,1348.747,1
80856,1348.948,1
80868,1349.148,1
80880,1349.348,1
80892,1349.548,1
80904,1349.748,1
80916,1349.949,1
80928,1350.149,1
80940,1350.349,1
80952,1350.549,1
80964,1350.749,1
80976,1350.95,1
80988,1351.15,1
81000,1351.35,1
81012,1351.55,1
81024,1351.75,1
81036,1351.951,1
81048,1352.151,1
81060,1352.351,1
81072,1352.551,1
81084,1352.751,1
81096,1352.952,1
81108,1353.152,1
81120,1353.352,1
81132,1353.552,1
81144,1353.752,1
81156,1353.953,1
81168,1354.153,1
81180,1354.353,1
81192,1354.553,1
81204,1354.753,1
81216,1354.954,1
81228,1355.154,1
81240,1355.354,1
81252,1355.554,1
81264,1355.754,1
81276,1355.955,1
81288,1356.155,1
81300,1356.355,1
81312,1356.555,1
81324,1356.755,1
81336,1356.956,1
81348,1357.156,1
81360,1357.356,1
81372,1357.556,1
81384,1357.756,1
81396,1357.957,1
81408,1358.157,1
81420,1358.357,1
81432,1358.557,1
81444,1358.757,1
81456,1358.958,1
81468,1359.158,1
81480,1359.358,1
81492,1359.558,1
81504,1359.758,1
81516,1359.959,1
81528,1360.159,1
81540,1360.359,1
81552,1360.559,1
81564,1360.759,1
81576,1360.96,1
81588,1361.16,1
81600,1361.36,1
81612,1361.56,1
81624,1361.76,1
81636,1361.961,1
81648,1362.161,1
81660,1362.361,1
81672,1362.561,1
81684,1362.761,1
81696,1362.962,1
81708,1363.162,1
81720,1363.362,1
81732,1363.562,1
81744,1363.762,1
81756,1363.963,1
81768,1364.163,1
81780,1364.363,1
81792,1364.563,1
81804,1364.763,1
81816,1364.964,1
81828,1365.164,1
81840,1365.364,1
81852,1365.564,1
81864,1365.764,1
81876,1365.965,1
81888,1366.165,1
81900,1366.365,1
81912,1366.565,1
81924,1366.765,1
81936,1366.966,1
81948,1367.166,1
81960,1367.366,1
81972,1367.566,1
81984,1367.766,1
81996,1367.967,1
82008,1368.167,1
82020,1368.367,1
82032,1368.567,1
82044,1368.767,1
82056,1368.968,1
82068,1369.168,1
82080,1369.368,1
82092,1369.568,1
82104,1369.768,1
82116,1369.969,1
82128,1370.169,1
82140,1370.369,1
82152,1370.569,1
82164,1370.769,1
82176,1370.97,1
82188,1371.17,1
82200,1371.37,1
82212,1371.57,1
82224,1371.77,1
82236,1371.971,1
82248,1372.171,1
82260,1372.371,1
82272,1372.571,1
82284,1372.771,1
82296,1372.972,1
82308,1373.172,1
82320,1373.372,1
82332,1373.572,1
82344,1373.772,1
82356,1373.973,1
82368,1374.173,1
82380,1374.373,1
82392,1374.573,1
82404,1374.773,1
82416,1374.974,1
82428,1375.174,1
82440,1375.374,1
82452,1375.574,1
82464,1375.774,1
82476,1375.975,1
82488,1376.175,1
82500,1376.375,1
82512,1376.575,1
82524,1376.775,1
82536,1376.976,1
82548,1377.176,1
82560,1377.376,1
82572,1377.576,1
82584,1377.776,1
82596,1377.977,1
82608,1378.177,1
82620,1378.377,1
82632,1378.577,1
82644,1378.777,1
82656,1378.978,1
82668,1379.178,1
82680,1379.378,1
82692,1379.578,1
82704,1379.778,1
82716,1379.979,1
82728,1380.179,1
82740,1380.379,1
82752,1380.579,1
82764,1380.779,1
82776,1380.98,1
82788,1381.18,1
82800,1381.38,1
82812,1381.58,1
82824,1381.78,1
82836,1381.981,1
82848,1382.181,1
82860,1382.381,1
82872,1382.581,1
82884,1382.781,1
82896,1382.982,1
82908,1383.182,1
82920,1383.382,1
82932,1383.582,1
82944,1383.782,1
82956,1383.983,1
82968,1384.183,1
82980,1384.383,1
82992,1384.583,1
83004,1384.783,1
83016,1384.984,1
83028,1385.184,1
83040,1385.384,1
83052,1385.584,1
83064,1385.784,1
83076,1385.985,1
83088,1386.185,1
83100,1386.385,1
83112,1386.585,1
83124,1386.785,1
83136,1386.986,1
83148,1387.186,1
83160,1387.386,1
83172,1387.586,1
83184,1387.786,1
83196,1387.987,1
83208,1388.187,1
83220,1388.387,1
83232,1388.587,1
83244,1388.787,1
83256,1388.988,1
83268,1389.188,1
83280,1389.388,1
83292,1389.588,1
83304,1389.788,1
83316,1389.989,1
83328,1390.189,1
83340,1390.389,1
83352,1390.589,1
83364,1390.789,1
83376,1390.99,1
83388,1391.19,1
83400,1391.39,1
83412,1391.59,1
83424,1391.79,1
83436,1391.991,1
83448,1392.191,1
83460,1392.391,1
83472,1392.591,1
83484,1392.791,1
83496,1392.992,1
83508,1393.192,1
83520,1393.392,1
83532,1393.592,1
83544,1393.792,1
83556,1393.993,1
83568,1394.193,1
83580,1394.393,1
83592,1394.593,1
83604,1394.793,1
83616,1394.994,1
83628,1395.194,1
83640,1395.394,1
83652,1395.594,1
83664,1395.794,1
83676,1395.995,1
83688,1396.195,1
83700,1396.395,1
83712,1396.595,1
83724,1396.795,1
83736,1396.996,1
83748,1397.196,1
83760,1397.396,1
83772,1397.596,1
83784,1397.796,1
83796,1397.997,1
83808,1398.197,1
83820,1398.397,1
83832,1398.597,1
83844,1398.797,0
83856,1398.998,0
83868,1399.198,0
83880,1399.398,0
83892,1399.598,0
83904,1399.798,1
83916,1399.999,1
83928,1400.199,1
83940,1400.399,1
83952,1400.599,1
83964,1400.799,0
83976,1401.0,0
83988,1401.2,0
84000,1401.4,0
84012,1401.6,0
84024,1401.8,0
84036,1402.001,0
84048,1402.201,0
84060,1402.401,0
84072,1402.601,0
84084,1402.801,0
84096,1403.002,0
84108,1403.202,0
84120,1403.402,0
84132,1403.602,0
84144,1403.802,0
84156,1404.003,0
84168,1404.203,0
84180,1404.403,0
84192,1404.603,1
84204,1404.803,1
84216,1405.004,1
84228,1405.204,1
84240,1405.404,0
84252,1405.604,0
84264,1405.804,1
84276,1406.005,1
84288,1406.205,1
84300,1406.405,0
84312,1406.605,1
84324,1406.805,1
84336,1407.006,1
84348,1407.206,1
84360,1407.406,1
84372,1407.606,1
84384,1407.806,1
84396,1408.007,1
84408,1408.207,1
84420,1408.407,1
84432,1408.607,1
84444,1408.807,1
84456,1409.008,1
84468,1409.208,1
84480,1409.408,1
84492,1409.608,1
84504,1409.808,1
84516,1410.009,1
84528,1410.209,1
84540,1410.409,0
84552,1410.609,0
84564,1410.809,0
84576,1411.01,0
84588,1411.21,0
84600,1411.41,0
84612,1411.61,0
84624,1411.81,0
84636,1412.011,0
84648,1412.211,0
84660,1412.411,0
84672,1412.611,0
84684,1412.811,0
84696,1413.012,0
84708,1413.212,0
84720,1413.412,0
84732,1413.612,0
84744,1413.812,0
84756,1414.013,0
84768,1414.213,0
84780,1414.413,0
84792,1414.613,0
84804,1414.813,0
84816,1415.014,0
84828,1415.214,0
84840,1415.414,0
84852,1415.614,0
84864,1415.814,0
84876,1416.015,0
84888,1416.215,0
84900,1416.415,0
84912,1416.615,0
84924,1416.815,0
84936,1417.016,0
84948,1417.216,0
84960,1417.416,0
84972,1417.616,0
84984,1417.816,0
84996,1418.017,0
85008,1418.217,0
85020,1418.417,0
85032,1418.617,0
85044,1418.817,0
85056,1419.018,0
85068,1419.218,0
85080,1419.418,0
85092,1419.618,0
85104,1419.818,0
85116,1420.019,0
85128,1420.219,0
85140,1420.419,0
85152,1420.619,0
85164,1420.819,0
85176,1421.02,0
85188,1421.22,0
85200,1421.42,0
85212,1421.62,0
85224,1421.82,0
85236,1422.021,0
85248,1422.221,0
85260,1422.421,0
85272,1422.621,0
85284,1422.821,0
85296,1423.022,0
85308,1423.222,0
85320,1423.422,0
85332,1423.622,0
85344,1423.822,0
85356,1424.023,0
85368,1424.223,0
85380,1424.423,0
85392,1424.623,0
85404,1424.823,0
85416,1425.024,0
85428,1425.224,0
85440,1425.424,0
85452,1425.624,0
85464,1425.824,0
85476,1426.025,0
85488,1426.225,0
85500,1426.425,0
85512,1426.625,0
85524,1426.825,0
85536,1427.026,0
85548,1427.226,0
85560,1427.426,0
85572,1427.626,0
85584,1427.826,0
85596,1428.027,0
85608,1428.227,0
85620,1428.427,0
85632,1428.627,0
85644,1428.827,0
85656,1429.028,1
85668,1429.228,1
85680,1429.428,1
85692,1429.628,1
85704,1429.828,1
85716,1430.029,1
85728,1430.229,1
85740,1430.429,1
85752,1430.629,1
85764,1430.829,1
85776,1431.03,1
85788,1431.23,1
85800,1431.43,1
85812,1431.63,1
85824,1431.83,1
85836,1432.031,1
85848,1432.231,1
85860,1432.431,1
85872,1432.631,1
85884,1432.831,1
85896,1433.032,1
85908,1433.232,1
85920,1433.432,1
85932,1433.632,1
85944,1433.832,1
85956,1434.033,1
85968,1434.233,1
85980,1434.433,1
85992,1434.633,1
86004,1434.833,1
86016,1435.034,1
86028,1435.234,1
86040,1435.434,1
86052,1435.634,1
86064,1435.834,1
86076,1436.035,1
86088,1436.235,1
86100,1436.435,1
86112,1436.635,1
86124,1436.835,1
86136,1437.036,1
86148,1437.236,1
86160,1437.436,1
86172,1437.636,1
86184,1437.836,1
86196,1438.037,1
86208,1438.237,1
86220,1438.437,1
86232,1438.637,1
86244,1438.837,1
86256,1439.038,1
86268,1439.238,1
86280,1439.438,1
86292,1439.638,1
86304,1439.838,1
86316,1440.039,1
86328,1440.239,1
86340,1440.439,1
86352,1440.639,1
86364,1440.839,1
86376,1441.04,1
86388,1441.24,1
86400,1441.44,1
86412,1441.64,1
86424,1441.84,1
86436,1442.041,1
86448,1442.241,1
86460,1442.441,1
86472,1442.641,1
86484,1442.841,1
86496,1443.042,1
86508,1443.242,1
86520,1443.442,1
86532,1443.642,1
86544,1443.842,1
86556,1444.043,1
86568,1444.243,1
86580,1444.443,1
86592,1444.643,1
86604,1444.843,1
86616,1445.044,1
86628,1445.244,1
86640,1445.444,1
86652,1445.644,1
86664,1445.844,1
86676,1446.045,1
86688,1446.245,1
86700,1446.445,1
86712,1446.645,1
86724,1446.845,1
86736,1447.046,1
86748,1447.246,1
86760,1447.446,1
86772,1447.646,1
86784,1447.846,1
86796,1448.047,1
86808,1448.247,1
86820,1448.447,1
86832,1448.647,1
86844,1448.847,1
86856,1449.048,1
86868,1449.248,1
86880,1449.448,1
86892,1449.648,1
86904,1449.848,1
86916,1450.049,1
86928,1450.249,1
86940,1450.449,1
86952,1450.649,1
86964,1450.849,1
86976,1451.05,1
86988,1451.25,1
87000,1451.45,1
87012,1451.65,1
87024,1451.85,1
87036,1452.051,1
87048,1452.251,1
87060,1452.451,1
87072,1452.651,1
87084,1452.851,1
87096,1453.052,1
87108,1453.252,1
87120,1453.452,1
87132,1453.652,1
87144,1453.852,1
87156,1454.053,1
87168,1454.253,1
87180,1454.453,1
87192,1454.653,1
87204,1454.853,1
87216,1455.054,1
87228,1455.254,1
87240,1455.454,1
87252,1455.654,1
87264,1455.854,1
87276,1456.055,1
87288,1456.255,1
87300,1456.455,1
87312,1456.655,1
87324,1456.855,1
87336,1457.056,1
87348,1457.256,1
87360,1457.456,1
87372,1457.656,1
87384,1457.856,1
87396,1458.057,1
87408,1458.257,1
87420,1458.457,1
87432,1458.657,1
87444,1458.857,1
87456,1459.058,1
87468,1459.258,1
87480,1459.458,1
87492,1459.658,1
87504,1459.858,1
87516,1460.059,1
87528,1460.259,1
87540,1460.459,1
87552,1460.659,1
87564,1460.859,1
87576,1461.06,1
87588,1461.26,1
87600,1461.46,1
87612,1461.66,1
87624,1461.86,1
87636,1462.061,1
87648,1462.261,1
87660,1462.461,1
87672,1462.661,1
87684,1462.861,1
87696,1463.062,1
87708,1463.262,1
87720,1463.462,1
87732,1463.662,1
87744,1463.862,1
87756,1464.063,1
87768,1464.263,1
87780,1464.463,1
87792,1464.663,1
87804,1464.863,1
87816,1465.064,1
87828,1465.264,1
87840,1465.464,1
87852,1465.664,1
87864,1465.864,1
87876,1466.065,1
87888,1466.265,1
87900,1466.465,1
87912,1466.665,1
87924,1466.865,1
87936,1467.066,1
87948,1467.266,1
87960,1467.466,1
87972,1467.666,1
87984,1467.866,1
87996,1468.067,1
88008,1468.267,1
88020,1468.467,1
88032,1468.667,1
88044,1468.867,1
88056,1469.068,1
88068,1469.268,1
88080,1469.468,1
88092,1469.668,1
88104,1469.868,1
88116,1470.069,1
88128,1470.269,1
88140,1470.469,1
88152,1470.669,1
88164,1470.869,1
88176,1471.07,1
88188,1471.27,1
88200,1471.47,1
88212,1471.67,1
88224,1471.87,1
88236,1472.071,1
88248,1472.271,1
88260,1472.471,1
88272,1472.671,1
88284,1472.871,1
88296,1473.072,1
88308,1473.272,1
88320,1473.472,1
88332,1473.672,1
88344,1473.872,1
88356,1474.073,1
88368,1474.273,1
88380,1474.473,1
88392,1474.673,1
88404,1474.873,1
88416,1475.074,1
88428,1475.274,1
88440,1475.474,1
88452,1475.674,1
88464,1475.874,1
88476,1476.075,1
88488,1476.275,1
88500,1476.475,1
88512,1476.675,1
88524,1476.875,1
88536,1477.076,1
88548,1477.276,1
88560,1477.476,1
88572,1477.676,1
88584,1477.876,1
88596,1478.077,1
88608,1478.277,1
88620,1478.477,1
88632,1478.677,1
88644,1478.877,1
88656,1479.078,1
88668,1479.278,1
88680,1479.478,1
88692,1479.678,1
88704,1479.878,1
88716,1480.079,1
88728,1480.279,1
88740,1480.479,1
88752,1480.679,1
88764,1480.879,1
88776,1481.08,1
88788,1481.28,1
88800,1481.48,1
88812,1481.68,1
88824,1481.88,1
88836,1482.081,1
88848,1482.281,1
88860,1482.481,1
88872,1482.681,1
88884,1482.881,1
88896,1483.082,1
88908,1483.282,1
88920,1483.482,1
88932,1483.682,1
88944,1483.882,1
88956,1484.083,1
88968,1484.283,1
88980,1484.483,1
88992,1484.683,1
89004,1484.883,1
89016,1485.084,1
89028,1485.284,1
89040,1485.484,1
89052,1485.684,1
89064,1485.884,1
89076,1486.085,1
89088,1486.285,1
89100,1486.485,1
89112,1486.685,1
89124,1486.885,1
89136,1487.086,1
89148,1487.286,1
89160,1487.486,1
89172,1487.686,1
89184,1487.886,1
89196,1488.087,1
89208,1488.287,1
89220,1488.487,1
89232,1488.687,1
89244,1488.887,1
89256,1489.088,1
89268,1489.288,1
89280,1489.488,1
89292,1489.688,1
89304,1489.888,1
89316,1490.089,1
89328,1490.289,1
89340,1490.489,1
89352,1490.689,1
89364,1490.889,1
89376,1491.09,1
89388,1491.29,1
89400,1491.49,1
89412,1491.69,1
89424,1491.89,1
89436,1492.091,1
89448,1492.291,1
89460,1492.491,1
89472,1492.691,1
89484,1492.891,1
89496,1493.092,1
89508,1493.292,1
89520,1493.492,1
89532,1493.692,1
89544,1493.892,1
89556,1494.093,1
89568,1494.293,1
89580,1494.493,1
89592,1494.693,1
89604,1494.893,1
89616,1495.094,1
89628,1495.294,1
89640,1495.494,1
89652,1495.694,1
89664,1495.894,1
89676,1496.095,1
89688,1496.295,1
89700,1496.495,1
89712,1496.695,1
89724,1496.895,1
89736,1497.096,1
89748,1497.296,1
89760,1497.496,1
89772,1497.696,1
89784,1497.896,1
89796,1498.097,1
89808,1498.297,1
89820,1498.497,1
89832,1498.697,1
89844,1498.897,1
89856,1499.098,1
89868,1499.298,1
89880,1499.498,1
89892,1499.698,1
89904,1499.898,1
89916,1500.099,1
89928,1500.299,1
89940,1500.499,1
89952,1500.699,1
89964,1500.899,1
89976,1501.1,1
89988,1501.3,1
90000,1501.5,1
90012,1501.7,1
90024,1501.9,1
90036,1502.101,1
90048,1502.301,1
90060,1502.501,1
90072,1502.701,1
90084,1502.901,1
90096,1503.102,1
90108,1503.302,1
90120,1503.502,1
90132,1503.702,1
90144,1503.902,1
90156,1504.103,1
90168,1504.303,1
90180,1504.503,1
90192,1504.703,1
90204,1504.903,1
90216,1505.104,1
90228,1505.304,1
90240,1505.504,1
90252,1505.704,1
90264,1505.904,1
90276,1506.105,1
90288,1506.305,1
90300,1506.505,1
90312,1506.705,1
90324,1506.905,1
90336,1507.106,1
90348,1507.306,1
90360,1507.506,1
90372,1507.706,1
90384,1507.906,1
90396,1508.107,1
90408,1508.307,1
90420,1508.507,1
90432,1508.707,1
90444,1508.907,1
90456,1509.108,1
90468,1509.308,1
90480,1509.508,1
90492,1509.708,1
90504,1509.908,1
90516,1510.109,1
90528,1510.309,1
90540,1510.509,1
90552,1510.709,1
90564,1510.909,1
90576,1511.11,1
90588,1511.31,1
90600,1511.51,1
90612,1511.71,1
90624,1511.91,1
90636,1512.111,1
90648,1512.311,1
90660,1512.511,1
90672,1512.711,1
90684,1512.911,1
90696,1513.112,1
90708,1513.312,1
90720,1513.512,1
90732,1513.712,1
90744,1513.912,1
90756,1514.113,1
90768,1514.313,1
90780,1514.513,1
90792,1514.713,1
90804,1514.913,1
90816,1515.114,1
90828,1515.314,1
90840,1515.514,1
90852,1515.714,1
90864,1515.914,1
90876,1516.115,1
90888,1516.315,1
90900,1516.515,1
90912,1516.715,1
90924,1516.915,1
90936,1517.116,1
90948,1517.316,1
90960,1517.516,1
90972,1517.716,1
90984,1517.916,1
90996,1518.117,1
91008,1518.317,1
91020,1518.517,1
91032,1518.717,1
91044,1518.917,1
91056,1519.118,1
91068,1519.318,1
91080,1519.518,1
91092,1519.718,1
91104,1519.918,1
91116,1520.119,1
91128,1520.319,1
91140,1520.519,1
91152,1520.719,1
91164,1520.919,1
91176,1521.12,1
91188,1521.32,1
91200,1521.52,1
91212,1521.72,1
91224,1521.92,1
91236,1522.121,1
91248,1522.321,1
91260,1522.521,1
91272,1522.721,1
91284,1522.921,1
91296,1523.122,1
91308,1523.322,1
91320,1523.522,1
91332,1523.722,1
91344,1523.922,1
91356,1524.123,1
91368,1524.323,1
91380,1524.523,1
91392,1524.723,1
91404,1524.923,1
91416,1525.124,1
91428,1525.324,1
91440,1525.524,1
91452,1525.724,1
91464,1525.924,1
91476,1526.125,1
91488,1526.325,1
91500,1526.525,1
91512,1526.725,1
91524,1526.925,1
91536,1527.126,1
91548,1527.326,1
91560,1527.526,1
91572,1527.726,1
91584,1527.926,1
91596,1528.127,1
91608,1528.327,1
91620,1528.527,1
91632,1528.727,1
91644,1528.927,1
91656,1529.128,1
91668,1529.328,1
91680,1529.528,1
91692,1529.728,1
91704,1529.928,1
91716,1530.129,1
91728,1530.329,1
91740,1530.529,1
91752,1530.729,1
91764,1530.929,1
91776,1531.13,1
91788,1531.33,1
91800,1531.53,1
91812,1531.73,1
91824,1531.93,1
91836,1532.131,1
91848,1532.331,1
91860,1532.531,1
91872,1532.731,1
91884,1532.931,1
91896,1533.132,1
91908,1533.332,1
91920,1533.532,1
91932,1533.732,1
91944,1533.932,1
91956,1534.133,1
91968,1534.333,1
91980,1534.533,1
91992,1534.733,1
92004,1534.933,1
92016,1535.134,1
92028,1535.334,1
92040,1535.534,1
92052,1535.734,1
92064,1535.934,1
92076,1536.135,1
92088,1536.335,1
92100,1536.535,1
92112,1536.735,1
92124,1536.935,1
92136,1537.136,1
92148,1537.336,1
92160,1537.536,1
92172,1537.736,1
92184,1537.936,1
92196,1538.137,1
92208,1538.337,1
92220,1538.537,1
92232,1538.737,1
92244,1538.937,1
92256,1539.138,1
92268,1539.338,1
92280,1539.538,1
92292,1539.738,1
92304,1539.938,1
92316,1540.139,1
92328,1540.339,1
92340,1540.539,1
92352,1540.739,1
92364,1540.939,1
92376,1541.14,1
92388,1541.34,1
92400,1541.54,1
92412,1541.74,1
92424,1541.94,1
92436,1542.141,1
92448,1542.341,1
92460,1542.541,1
92472,1542.741,1
92484,1542.941,1
92496,1543.142,1
92508,1543.342,1
92520,1543.542,1
92532,1543.742,1
92544,1543.942,1
92556,1544.143,1
92568,1544.343,1
92580,1544.543,1
92592,1544.743,1
92604,1544.943,1
92616,1545.144,1
92628,1545.344,1
92640,1545.544,1
92652,1545.744,1
92664,1545.944,1
92676,1546.145,1
92688,1546.345,1
92700,1546.545,1
92712,1546.745,1
92724,1546.945,1
92736,1547.146,1
92748,1547.346,1
92760,1547.546,1
92772,1547.746,1
92784,1547.946,1
92796,1548.147,1
92808,1548.347,1
92820,1548.547,1
92832,1548.747,1
92844,1548.947,1
92856,1549.148,1
92868,1549.348,1
92880,1549.548,1
92892,1549.748,1
92904,1549.948,1
92916,1550.149,1
92928,1550.349,1
92940,1550.549,1
92952,1550.749,1
92964,1550.949,1
92976,1551.15,1
92988,1551.35,1
93000,1551.55,1
93012,1551.75,1
93024,1551.95,1
93036,1552.151,1
93048,1552.351,1
93060,1552.551,1
93072,1552.751,1
93084,1552.951,1
93096,1553.152,1
93108,1553.352,1
93120,1553.552,1
93132,1553.752,1
93144,1553.952,1
93156,1554.153,1
93168,1554.353,1
93180,1554.553,1
93192,1554.753,1
93204,1554.953,1
93216,1555.154,1
93228,1555.354,1
93240,1555.554,1
93252,1555.754,1
93264,1555.954,1
93276,1556.155,1
93288,1556.355,1
93300,1556.555,1
93312,1556.755,1
93324,1556.955,1
93336,1557.156,1
93348,1557.356,1
93360,1557.556,1
93372,1557.756,1
93384,1557.956,1
93396,1558.157,1
93408,1558.357,1
93420,1558.557,1
93432,1558.757,1
93444,1558.957,1
93456,1559.158,1
93468,1559.358,1
93480,1559.558,1
93492,1559.758,1
93504,1559.958,1
93516,1560.159,1
93528,1560.359,1
93540,1560.559,1
93552,1560.759,1
93564,1560.959,1
93576,1561.16,1
93588,1561.36,1
93600,1561.56,1
93612,1561.76,1
93624,1561.96,1
93636,1562.161,1
93648,1562.361,1
93660,1562.561,1
93672,1562.761,1
93684,1562.961,1
93696,1563.162,1
93708,1563.362,1
93720,1563.562,1
93732,1563.762,1
93744,1563.962,1
93756,1564.163,1
93768,1564.363,1
93780,1564.563,1
93792,1564.763,1
93804,1564.963,1
93816,1565.164,1
93828,1565.364,1
93840,1565.564,1
93852,1565.764,1
93864,1565.964,1
93876,1566.165,1
93888,1566.365,1
93900,1566.565,1
93912,1566.765,1
93924,1566.965,1
93936,1567.166,1
93948,1567.366,1
93960,1567.566,1
93972,1567.766,1
93984,1567.966,1
93996,1568.167,1
94008,1568.367,1
94020,1568.567,1
94032,1568.767,1
94044,1568.967,1
94056,1569.168,1
94068,1569.368,1
94080,1569.568,1
94092,1569.768,1
94104,1569.968,1
94116,1570.169,1
94128,1570.369,1
94140,1570.569,1
94152,1570.769,1
94164,1570.969,1
94176,1571.17,1
94188,1571.37,1
94200,1571.57,1
94212,1571.77,1
94224,1571.97,1
94236,1572.171,1
94248,1572.371,1
94260,1572.571,1
94272,1572.771,1
94284,1572.971,1
94296,1573.172,1
94308,1573.372,1
94320,1573.572,1
94332,1573.772,1
94344,1573.972,1
94356,1574.173,1
94368,1574.373,1
94380,1574.573,1
94392,1574.773,1
94404,1574.973,1
94416,1575.174,1
94428,1575.374,1
94440,1575.574,1
94452,1575.774,1
94464,1575.974,1
94476,1576.175,1
94488,1576.375,1
94500,1576.575,1
94512,1576.775,1
94524,1576.975,1
94536,1577.176,1
94548,1577.376,1
94560,1577.576,1
94572,1577.776,1
94584,1577.976,1
94596,1578.177,1
94608,1578.377,1
94620,1578.577,1
94632,1578.777,1
94644,1578.977,1
94656,1579.178,1
94668,1579.378,1
94680,1579.578,1
94692,1579.778,1
94704,1579.978,1
94716,1580.179,1
94728,1580.379,1
94740,1580.579,1
94752,1580.779,1
94764,1580.979,1
94776,1581.18,1
94788,1581.38,1
94800,1581.58,1
94812,1581.78,1
94824,1581.98,1
94836,1582.181,1
94848,1582.381,1
94860,1582.581,1
94872,1582.781,1
94884,1582.981,1
94896,1583.182,1
94908,1583.382,1
94920,1583.582,1
94932,1583.782,1
94944,1583.982,1
94956,1584.183,1
94968,1584.383,1
94980,1584.583,1
94992,1584.783,1
95004,1584.983,1
95016,1585.184,1
95028,1585.384,1
95040,1585.584,1
95052,1585.784,1
95064,1585.984,1
95076,1586.185,1
95088,1586.385,1
95100,1586.585,1
95112,1586.785,1
95124,1586.985,1
95136,1587.186,1
95148,1587.386,1
95160,1587.586,1
95172,1587.786,1
95184,1587.986,1
95196,1588.187,1
95208,1588.387,1
95220,1588.587,1
95232,1588.787,1
95244,1588.987,1
95256,1589.188,1
95268,1589.388,1
95280,1589.588,1
95292,1589.788,1
95304,1589.988,1
95316,1590.189,1
95328,1590.389,1
95340,1590.589,1
95352,1590.789,1
95364,1590.989,1
95376,1591.19,1
95388,1591.39,1
95400,1591.59,1
95412,1591.79,1
95424,1591.99,1
95436,1592.191,1
95448,1592.391,1
95460,1592.591,1
95472,1592.791,1
95484,1592.991,1
95496,1593.192,1
95508,1593.392,1
95520,1593.592,1
95532,1593.792,1
95544,1593.992,1
95556,1594.193,1
95568,1594.393,1
95580,1594.593,1
95592,1594.793,1
95604,1594.993,1
95616,1595.194,1
95628,1595.394,1
95640,1595.594,1
95652,1595.794,1
95664,1595.994,1
95676,1596.195,1
95688,1596.395,1
95700,1596.595,1
95712,1596.795,1
95724,1596.995,1
95736,1597.196,1
95748,1597.396,1
95760,1597.596,1
95772,1597.796,1
95784,1597.996,1
95796,1598.197,1
95808,1598.397,1
95820,1598.597,1
95832,1598.797,1
95844,1598.997,1
95856,1599.198,1
95868,1599.398,1
95880,1599.598,1
95892,1599.798,1
95904,1599.998,1
95916,1600.199,1
95928,1600.399,1
95940,1600.599,1
95952,1600.799,1
95964,1600.999,1
95976,1601.2,1
95988,1601.4,1
96000,1601.6,1
96012,1601.8,1
96024,1602.0,1
96036,1602.201,1
96048,1602.401,1
96060,1602.601,1
96072,1602.801,1
96084,1603.001,1
96096,1603.202,1
96108,1603.402,1
96120,1603.602,1
96132,1603.802,1
96144,1604.002,1
96156,1604.203,1
96168,1604.403,1
96180,1604.603,1
96192,1604.803,1
96204,1605.003,1
96216,1605.204,1
96228,1605.404,1
96240,1605.604,1
96252,1605.804,1
96264,1606.004,1
96276,1606.205,1
96288,1606.405,1
96300,1606.605,1
96312,1606.805,1
96324,1607.005,1
96336,1607.206,1
96348,1607.406,1
96360,1607.606,1
96372,1607.806,1
96384,1608.006,1
96396,1608.207,1
96408,1608.407,1
96420,1608.607,1
96432,1608.807,1
96444,1609.007,1
96456,1609.208,1
96468,1609.408,1
96480,1609.608,1
96492,1609.808,1
96504,1610.008,1
96516,1610.209,1
96528,1610.409,1
96540,1610.609,1
96552,1610.809,1
96564,1611.009,1
96576,1611.21,1
96588,1611.41,1
96600,1611.61,1
96612,1611.81,1
96624,1612.01,1
96636,1612.211,1
96648,1612.411,1
96660,1612.611,1
96672,1612.811,1
96684,1613.011,1
96696,1613.212,1
96708,1613.412,1
96720,1613.612,1
96732,1613.812,1
96744,1614.012,1
96756,1614.213,1
96768,1614.413,1
96780,1614.613,1
96792,1614.813,1
96804,1615.013,1
96816,1615.214,1
96828,1615.414,1
96840,1615.614,1
96852,1615.814,1
96864,1616.014,1
96876,1616.215,1
96888,1616.415,1
96900,1616.615,1
96912,1616.815,1
96924,1617.015,1
96936,1617.216,1
96948,1617.416,1
96960,1617.616,1
96972,1617.816,1
96984,1618.016,1
96996,1618.217,1
97008,1618.417,1
97020,1618.617,1
97032,1618.817,1
97044,1619.017,1
97056,1619.218,1
97068,1619.418,1
97080,1619.618,1
97092,1619.818,1
97104,1620.018,1
97116,1620.219,1
97128,1620.419,1
97140,1620.619,1
97152,1620.819,1
97164,1621.019,1
97176,1621.22,1
97188,1621.42,1
97200,1621.62,1
97212,1621.82,1
97224,1622.02,1
97236,1622.221,1
97248,1622.421,1
97260,1622.621,1
97272,1622.821,1
97284,1623.021,1
97296,1623.222,1
97308,1623.422,1
97320,1623.622,1
97332,1623.822,1
97344,1624.022,1
97356,1624.223,1
97368,1624.423,1
97380,1624.623,1
97392,1624.823,1
97404,1625.023,1
97416,1625.224,1
97428,1625.424,1
97440,1625.624,1
97452,1625.824,1
97464,1626.024,1
97476,1626.225,1
97488,1626.425,1
97500,1626.625,1
97512,1626.825,1
97524,1627.025,1
97536,1627.226,1
97548,1627.426,1
97560,1627.626,1
97572,1627.826,1
97584,1628.026,1
97596,1628.227,1
97608,1628.427,1
97620,1628.627,1
97632,1628.827,1
97644,1629.027,1
97656,1629.228,1
97668,1629.428,1
97680,1629.628,1
97692,1629.828,1
97704,1630.028,1
97716,1630.229,1
97728,1630.429,1
97740,1630.629,1
97752,1630.829,1
97764,1631.029,1
97776,1631.23,1
97788,1631.43,1
97800,1631.63,1
97812,1631.83,1
97824,1632.03,1
97836,1632.231,1
97848,1632.431,1
97860,1632.631,1
97872,1632.831,1
97884,1633.031,1
97896,1633.232,1
97908,1633.432,1
97920,1633.632,1
97932,1633.832,1
97944,1634.032,1
97956,1634.233,1
97968,1634.433,1
97980,1634.633,1
97992,1634.833,1
98004,1635.033,1
98016,1635.234,1
98028,1635.434,1
98040,1635.634,1
98052,1635.834,1
98064,1636.034,1
98076,1636.235,1
98088,1636.435,1
98100,1636.635,1
98112,1636.835,1
98124,1637.035,1
98136,1637.236,1
98148,1637.436,1
98160,1637.636,1
98172,1637.836,1
98184,1638.036,1
98196,1638.237,1
98208,1638.437,1
98220,1638.637,1
98232,1638.837,1
98244,1639.037,1
98256,1639.238,1
98268,1639.438,1
98280,1639.638,1
98292,1639.838,1
98304,1640.038,1
98316,1640.239,1
98328,1640.439,1
98340,1640.639,1
98352,1640.839,1
98364,1641.039,1
98376,1641.24,1
98388,1641.44,1
98400,1641.64,1
98412,1641.84,1
98424,1642.04,1
98436,1642.241,1
98448,1642.441,1
98460,1642.641,1
98472,1642.841,1
98484,1643.041,1
98496,1643.242,1
98508,1643.442,1
98520,1643.642,1
98532,1643.842,1
98544,1644.042,1
98556,1644.243,1
98568,1644.443,1
98580,1644.643,1
98592,1644.843,1
98604,1645.043,1
98616,1645.244,1
98628,1645.444,1
98640,1645.644,1
98652,1645.844,1
98664,1646.044,1
98676,1646.245,1
98688,1646.445,1
98700,1646.645,1
98712,1646.845,1
98724,1647.045,1
98736,1647.246,1
98748,1647.446,1
98760,1647.646,1
98772,1647.846,1
98784,1648.046,1
98796,1648.247,1
98808,1648.447,1
98820,1648.647,1
98832,1648.847,1
98844,1649.047,1
98856,1649.248,1
98868,1649.448,1
98880,1649.648,1
98892,1649.848,1
98904,1650.048,1
98916,1650.249,1
98928,1650.449,1
98940,1650.649,1
98952,1650.849,1
98964,1651.049,1
98976,1651.25,1
98988,1651.45,1
99000,1651.65,1
99012,1651.85,1
99024,1652.05,1
99036,1652.251,1
99048,1652.451,1
99060,1652.651,1
99072,1652.851,1
99084,1653.051,1
99096,1653.252,1
99108,1653.452,1
99120,1653.652,1
99132,1653.852,1
99144,1654.052,1
99156,1654.253,1
99168,1654.453,1
99180,1654.653,1
99192,1654.853,1
99204,1655.053,1
99216,1655.254,1
99228,1655.454,1
99240,1655.654,1
99252,1655.854,1
99264,1656.054,1
99276,1656.255,1
99288,1656.455,1
99300,1656.655,1
99312,1656.855,1
99324,1657.055,1
99336,1657.256,1
99348,1657.456,1
99360,1657.656,1
99372,1657.856,1
99384,1658.056,1
99396,1658.257,1
99408,1658.457,1
99420,1658.657,1
99432,1658.857,1
99444,1659.057,1
99456,1659.258,1
99468,1659.458,1
99480,1659.658,1
99492,1659.858,1
99504,1660.058,1
99516,1660.259,1
99528,1660.459,1
99540,1660.659,1
99552,1660.859,1
99564,1661.059,1
99576,1661.26,1
99588,1661.46,1
99600,1661.66,1
99612,1661.86,1
99624,1662.06,1
99636,1662.261,1
99648,1662.461,1
99660,1662.661,1
99672,1662.861,1
99684,1663.061,1
99696,1663.262,1
99708,1663.462,1
99720,1663.662,1
99732,1663.862,1
99744,1664.062,1
99756,1664.263,1
99768,1664.463,1
99780,1664.663,1
99792,1664.863,1
99804,1665.063,1
99816,1665.264,1
99828,1665.464,1
99840,1665.664,1
99852,1665.864,1
99864,1666.064,1
99876,1666.265,1
99888,1666.465,1
99900,1666.665,1
99912,1666.865,1
99924,1667.065,1
99936,1667.266,1
99948,1667.466,1
99960,1667.666,1
99972,1667.866,1
99984,1668.066,1
99996,1668.267,1
100008,1668.467,1
100020,1668.667,1
100032,1668.867,1
100044,1669.067,1
100056,1669.268,1
100068,1669.468,1
100080,1669.668,1
100092,1669.868,1
100104,1670.068,1
100116,1670.269,1
100128,1670.469,1
100140,1670.669,1
100152,1670.869,1
100164,1671.069,1
100176,1671.27,1
100188,1671.47,1
100200,1671.67,1
100212,1671.87,1
100224,1672.07,1
100236,1672.271,1
100248,1672.471,1
100260,1672.671,1
100272,1672.871,1
100284,1673.071,1
100296,1673.272,1
100308,1673.472,1
100320,1673.672,1
100332,1673.872,1
100344,1674.072,1
100356,1674.273,1
100368,1674.473,1
100380,1674.673,1
100392,1674.873,1
100404,1675.073,1
100416,1675.274,1
100428,1675.474,1
100440,1675.674,1
100452,1675.874,1
100464,1676.074,1
100476,1676.275,1
100488,1676.475,1
100500,1676.675,1
100512,1676.875,1
100524,1677.075,1
100536,1677.276,1
100548,1677.476,1
100560,1677.676,1
100572,1677.876,1
100584,1678.076,1
100596,1678.277,1
100608,1678.477,1
100620,1678.677,1
100632,1678.877,1
100644,1679.077,1
100656,1679.278,1
100668,1679.478,1
100680,1679.678,1
100692,1679.878,1
100704,1680.078,1
100716,1680.279,1
100728,1680.479,1
100740,1680.679,1
100752,1680.879,1
100764,1681.079,1
100776,1681.28,1
100788,1681.48,1
100800,1681.68,1
100812,1681.88,1
100824,1682.08,1
100836,1682.281,1
100848,1682.481,1
100860,1682.681,1
100872,1682.881,1
100884,1683.081,1
100896,1683.282,1
100908,1683.482,1
100920,1683.682,1
100932,1683.882,1
100944,1684.082,1
100956,1684.283,1
100968,1684.483,1
100980,1684.683,1
100992,1684.883,1
101004,1685.083,1
101016,1685.284,1
101028,1685.484,1
101040,1685.684,1
101052,1685.884,1
101064,1686.084,1
101076,1686.285,1
101088,1686.485,1
101100,1686.685,1
101112,1686.885,1
101124,1687.085,1
101136,1687.286,1
101148,1687.486,1
101160,1687.686,1
101172,1687.886,1
101184,1688.086,1
101196,1688.287,1
101208,1688.487,1
101220,1688.687,1
101232,1688.887,1
101244,1689.087,1
101256,1689.288,1
101268,1689.488,1
101280,1689.688,1
101292,1689.888,1
101304,1690.088,1
101316,1690.289,1
101328,1690.489,1
101340,1690.689,1
101352,1690.889,1
101364,1691.089,1
101376,1691.29,1
101388,1691.49,1
101400,1691.69,1
101412,1691.89,1
101424,1692.09,1
101436,1692.291,1
101448,1692.491,1
101460,1692.691,1
101472,1692.891,1
101484,1693.091,1
101496,1693.292,1
101508,1693.492,1
101520,1693.692,1
101532,1693.892,1
101544,1694.092,1
101556,1694.293,1
101568,1694.493,1
101580,1694.693,1
101592,1694.893,1
101604,1695.093,1
101616,1695.294,1
101628,1695.494,1
101640,1695.694,1
101652,1695.894,1
101664,1696.094,1
101676,1696.295,1
101688,1696.495,1
101700,1696.695,1
101712,1696.895,1
101724,1697.095,1
101736,1697.296,1
101748,1697.496,1
101760,1697.696,1
101772,1697.896,1
101784,1698.096,1
101796,1698.297,1
101808,1698.497,1
101820,1698.697,1
101832,1698.897,1
101844,1699.097,1
101856,1699.298,1
101868,1699.498,1
101880,1699.698,1
101892,1699.898,1
101904,1700.098,1
101916,1700.299,1
101928,1700.499,1
101940,1700.699,1
101952,1700.899,1
101964,1701.099,1
101976,1701.3,1
101988,1701.5,1
102000,1701.7,1
102012,1701.9,1
102024,1702.1,1
102036,1702.301,1
102048,1702.501,1
102060,1702.701,1
102072,1702.901,1
102084,1703.101,1
102096,1703.302,1
102108,1703.502,1
102120,1703.702,1
102132,1703.902,1
102144,1704.102,1
102156,1704.303,1
102168,1704.503,1
102180,1704.703,1
102192,1704.903,1
102204,1705.103,1
102216,1705.304,1
102228,1705.504,1
102240,1705.704,1
102252,1705.904,1
102264,1706.104,1
102276,1706.305,1
102288,1706.505,1
102300,1706.705,1
102312,1706.905,1
102324,1707.105,1
102336,1707.306,1
102348,1707.506,1
102360,1707.706,1
102372,1707.906,1
102384,1708.106,1
102396,1708.307,1
102408,1708.507,1
102420,1708.707,1
102432,1708.907,1
102444,1709.107,1
102456,1709.308,1
102468,1709.508,1
102480,1709.708,1
102492,1709.908,1
102504,1710.108,1
102516,1710.309,1
102528,1710.509,1
102540,1710.709,1
102552,1710.909,1
102564,1711.109,1
102576,1711.31,1
102588,1711.51,1
102600,1711.71,1
102612,1711.91,1
102624,1712.11,1
102636,1712.311,1
102648,1712.511,1
102660,1712.711,1
102672,1712.911,1
102684,1713.111,1
102696,1713.312,1
102708,1713.512,1
102720,1713.712,1
102732,1713.912,1
102744,1714.112,1
102756,1714.313,1
102768,1714.513,1
102780,1714.713,1
102792,1714.913,1
102804,1715.113,1
102816,1715.314,1
102828,1715.514,1
102840,1715.714,1
102852,1715.914,1
102864,1716.114,1
102876,1716.315,1
102888,1716.515,1
102900,1716.715,1
102912,1716.915,1
102924,1717.115,1
102936,1717.316,1
102948,1717.516,1
102960,1717.716,1
102972,1717.916,1
102984,1718.116,1
102996,1718.317,1
103008,1718.517,1
103020,1718.717,1
103032,1718.917,1
103044,1719.117,1
103056,1719.318,1
103068,1719.518,1
103080,1719.718,1
103092,1719.918,1
103104,1720.118,1
103116,1720.319,1
103128,1720.519,1
103140,1720.719,1
103152,1720.919,1
103164,1721.119,1
103176,1721.32,1
103188,1721.52,1
103200,1721.72,1
103212,1721.92,1
103224,1722.12,1
103236,1722.321,1
103248,1722.521,1
103260,1722.721,1
103272,1722.921,1
103284,1723.121,1
103296,1723.322,1
103308,1723.522,1
103320,1723.722,1
103332,1723.922,1
103344,1724.122,1
103356,1724.323,1
103368,1724.523,1
103380,1724.723,1
103392,1724.923,1
103404,1725.123,1
103416,1725.324,1
103428,1725.524,1
103440,1725.724,1
103452,1725.924,1
103464,1726.124,1
103476,1726.325,1
103488,1726.525,1
103500,1726.725,1
103512,1726.925,1
103524,1727.125,1
103536,1727.326,1
103548,1727.526,1
103560,1727.726,1
103572,1727.926,1
103584,1728.126,1
103596,1728.327,1
103608,1728.527,1
103620,1728.727,1
103632,1728.927,1
103644,1729.127,1
103656,1729.328,1
103668,1729.528,1
103680,1729.728,1
103692,1729.928,1
103704,1730.128,1
103716,1730.329,1
103728,1730.529,1
103740,1730.729,1
103752,1730.929,1
103764,1731.129,1
103776,1731.33,1
103788,1731.53,1
103800,1731.73,1
103812,1731.93,1
103824,1732.13,1
103836,1732.331,1
103848,1732.531,1
103860,1732.731,1
103872,1732.931,1
103884,1733.131,1
103896,1733.332,1
103908,1733.532,1
103920,1733.732,1
103932,1733.932,1
103944,1734.132,1
103956,1734.333,1
103968,1734.533,1
103980,1734.733,1
103992,1734.933,1
104004,1735.133,1
104016,1735.334,1
104028,1735.534,1
104040,1735.734,1
104052,1735.934,1
104064,1736.134,1
104076,1736.335,1
104088,1736.535,1
104100,1736.735,1
104112,1736.935,1
104124,1737.135,1
104136,1737.336,1
104148,1737.536,1
104160,1737.736,1
104172,1737.936,1
104184,1738.136,1
104196,1738.337,1
104208,1738.537,1
104220,1738.737,1
104232,1738.937,1
104244,1739.137,1
104256,1739.338,1
104268,1739.538,1
104280,1739.738,1
104292,1739.938,1
104304,1740.138,1
104316,1740.339,1
104328,1740.539,1
104340,1740.739,1
104352,1740.939,1
104364,1741.139,1
104376,1741.34,1
104388,1741.54,1
104400,1741.74,1
104412,1741.94,1
104424,1742.14,1
104436,1742.341,1
104448,1742.541,1
104460,1742.741,1
104472,1742.941,1
104484,1743.141,1
104496,1743.342,1
104508,1743.542,1
104520,1743.742,1
104532,1743.942,1
104544,1744.142,1
104556,1744.343,1
104568,1744.543,1
104580,1744.743,1
104592,1744.943,1
104604,1745.143,1
104616,1745.344,1
104628,1745.544,1
104640,1745.744,1
104652,1745.944,1
104664,1746.144,1
104676,1746.345,1
104688,1746.545,1
104700,1746.745,1
104712,1746.945,1
104724,1747.145,1
104736,1747.346,1
104748,1747.546,1
104760,1747.746,1
104772,1747.946,1
104784,1748.146,1
104796,1748.347,1
104808,1748.547,1
104820,1748.747,1
104832,1748.947,1
104844,1749.147,1
104856,1749.348,1
104868,1749.548,1
104880,1749.748,1
104892,1749.948,1
104904,1750.148,1
104916,1750.349,1
104928,1750.549,1
104940,1750.749,1
104952,1750.949,1
104964,1751.149,1
104976,1751.35,1
104988,1751.55,1
105000,1751.75,1
105012,1751.95,1
105024,1752.15,1
105036,1752.351,1
105048,1752.551,1
105060,1752.751,1
105072,1752.951,1
105084,1753.151,1
105096,1753.352,1
105108,1753.552,1
105120,1753.752,1
105132,1753.952,1
105144,1754.152,1
105156,1754.353,1
105168,1754.553,1
105180,1754.753,1
105192,1754.953,1
105204,1755.153,1
105216,1755.354,1
105228,1755.554,1
105240,1755.754,1
105252,1755.954,1
105264,1756.154,1
105276,1756.355,1
105288,1756.555,1
105300,1756.755,1
105312,1756.955,1
105324,1757.155,1
105336,1757.356,1
105348,1757.556,1
105360,1757.756,1
105372,1757.956,1
105384,1758.156,1
105396,1758.357,1
105408,1758.557,1
105420,1758.757,1
105432,1758.957,1
105444,1759.157,1
105456,1759.358,1
105468,1759.558,1
105480,1759.758,1
105492,1759.958,1
105504,1760.158,1
105516,1760.359,1
105528,1760.559,1
105540,1760.759,1
105552,1760.959,1
105564,1761.159,1
105576,1761.36,1
105588,1761.56,1
105600,1761.76,1
105612,1761.96,1
105624,1762.16,1
105636,1762.361,1
105648,1762.561,1
105660,1762.761,1
105672,1762.961,1
105684,1763.161,1
105696,1763.362,1
105708,1763.562,1
105720,1763.762,1
105732,1763.962,1
105744,1764.162,1
105756,1764.363,1
105768,1764.563,1
105780,1764.763,1
105792,1764.963,1
105804,1765.163,1
105816,1765.364,1
105828,1765.564,1
105840,1765.764,1
105852,1765.964,1
105864,1766.164,1
105876,1766.365,1
105888,1766.565,1
105900,1766.765,1
105912,1766.965,1
105924,1767.165,1
105936,1767.366,1
105948,1767.566,1
105960,1767.766,1
105972,1767.966,1
105984,1768.166,1
105996,1768.367,1
106008,1768.567,1
106020,1768.767,1
106032,1768.967,1
106044,1769.167,1
106056,1769.368,1
106068,1769.568,1
106080,1769.768,1
106092,1769.968,1
106104,1770.168,1
106116,1770.369,1
106128,1770.569,1
106140,1770.769,1
106152,1770.969,1
106164,1771.169,1
106176,1771.37,1
106188,1771.57,1
106200,1771.77,1
106212,1771.97,1
106224,1772.17,1
106236,1772.371,1
106248,1772.571,1
106260,1772.771,1
106272,1772.971,1
106284,1773.171,1
106296,1773.372,1
106308,1773.572,1
106320,1773.772,1
106332,1773.972,1
106344,1774.172,1
106356,1774.373,1
106368,1774.573,1
106380,1774.773,1
106392,1774.973,1
106404,1775.173,1
106416,1775.374,1
106428,1775.574,1
106440,1775.774,1
106452,1775.974,1
106464,1776.174,1
106476,1776.375,1
106488,1776.575,1
106500,1776.775,1
106512,1776.975,1
106524,1777.175,1
106536,1777.376,1
106548,1777.576,1
106560,1777.776,1
106572,1777.976,1
106584,1778.176,1
106596,1778.377,1
106608,1778.577,1
106620,1778.777,1
106632,1778.977,1
106644,1779.177,1
106656,1779.378,1
106668,1779.578,1
106680,1779.778,1
106692,1779.978,1
106704,1780.178,1
106716,1780.379,1
106728,1780.579,1
106740,1780.779,1
106752,1780.979,1
106764,1781.179,1
106776,1781.38,1
106788,1781.58,1
106800,1781.78,1
106812,1781.98,1
106824,1782.18,1
106836,1782.381,1
106848,1782.581,1
106860,1782.781,1
106872,1782.981,1
106884,1783.181,1
106896,1783.382,1
106908,1783.582,1
106920,1783.782,1
106932,1783.982,1
106944,1784.182,1
106956,1784.383,1
106968,1784.583,1
106980,1784.783,1
106992,1784.983,1
107004,1785.183,1
107016,1785.384,1
107028,1785.584,1
107040,1785.784,1
107052,1785.984,1
107064,1786.184,1
107076,1786.385,1
107088,1786.585,1
107100,1786.785,1
107112,1786.985,1
107124,1787.185,1
107136,1787.386,1
107148,1787.586,1
107160,1787.786,1
107172,1787.986,1
107184,1788.186,1
107196,1788.387,1
107208,1788.587,1
107220,1788.787,1
107232,1788.987,1
107244,1789.187,1
107256,1789.388,1
107268,1789.588,1
107280,1789.788,1
107292,1789.988,1
107304,1790.188,1
107316,1790.389,1
107328,1790.589,1
107340,1790.789,1
107352,1790.989,1
107364,1791.189,1
107376,1791.39,1
107388,1791.59,1
107400,1791.79,1
107412,1791.99,1
107424,1792.19,1
107436,1792.391,1
107448,1792.591,1
107460,1792.791,1
107472,1792.991,1
107484,1793.191,1
107496,1793.392,1
107508,1793.592,1
107520,1793.792,1
107532,1793.992,1
107544,1794.192,1
107556,1794.393,1
107568,1794.593,1
107580,1794.793,1
107592,1794.993,1
107604,1795.193,1
107616,1795.394,1
107628,1795.594,1
107640,1795.794,1
107652,1795.994,1
107664,1796.194,1
107676,1796.395,1
107688,1796.595,1
107700,1796.795,1
107712,1796.995,1
107724,1797.195,1
107736,1797.396,1
107748,1797.596,1
107760,1797.796,1
107772,1797.996,1
107784,1798.196,1
107796,1798.397,1
107808,1798.597,1
107820,1798.797,1
107832,1798.997,1
107844,1799.197,1
107856,1799.398,1
107868,1799.598,1
107880,1799.798,1
107892,1799.998,1
107904,1800.198,1
107916,1800.399,1
107928,1800.599,1
107940,1800.799,1
107952,1800.999,1
107964,1801.199,1
107976,1801.4,1
107988,1801.6,1
108000,1801.8,1
108012,1802.0,1
108024,1802.2,1
108036,1802.401,1
108048,1802.601,1
108060,1802.801,1
108072,1803.001,1
108084,1803.201,1
108096,1803.402,1
108108,1803.602,1
108120,1803.802,1
108132,1804.002,1
108144,1804.202,1
108156,1804.403,1
108168,1804.603,1
108180,1804.803,1
108192,1805.003,1
108204,1805.203,1
108216,1805.404,1
108228,1805.604,1
108240,1805.804,1
108252,1806.004,1
108264,1806.204,1
108276,1806.405,1
108288,1806.605,1
108300,1806.805,1
108312,1807.005,1
108324,1807.205,1
108336,1807.406,1
108348,1807.606,1
108360,1807.806,1
108372,1808.006,1
108384,1808.206,1
108396,1808.407,1
108408,1808.607,1
108420,1808.807,1
108432,1809.007,1
108444,1809.207,1
108456,1809.408,1
108468,1809.608,1
108480,1809.808,1
108492,1810.008,1
108504,1810.208,1
108516,1810.409,1
108528,1810.609,1
108540,1810.809,1
108552,1811.009,1
108564,1811.209,1
108576,1811.41,1
108588,1811.61,1
108600,1811.81,1
108612,1812.01,1
108624,1812.21,1
108636,1812.411,1
108648,1812.611,1
108660,1812.811,1
108672,1813.011,1
108684,1813.211,1
108696,1813.412,1
108708,1813.612,1
108720,1813.812,1
108732,1814.012,1
108744,1814.212,1
108756,1814.413,1
108768,1814.613,1
108780,1814.813,1
108792,1815.013,1
108804,1815.213,1
108816,1815.414,1
108828,1815.614,1
108840,1815.814,1
108852,1816.014,1
108864,1816.214,1
108876,1816.415,1
108888,1816.615,1
108900,1816.815,1
108912,1817.015,1
108924,1817.215,1
108936,1817.416,1
108948,1817.616,1
108960,1817.816,1
108972,1818.016,1
108984,1818.216,1
108996,1818.417,1
109008,1818.617,1
109020,1818.817,1
109032,1819.017,1
109044,1819.217,1
109056,1819.418,1
109068,1819.618,1
109080,1819.818,1
109092,1820.018,1
109104,1820.218,1
109116,1820.419,1
109128,1820.619,1
109140,1820.819,1
109152,1821.019,1
109164,1821.219,1
109176,1821.42,1
109188,1821.62,1
109200,1821.82,1
109212,1822.02,1
109224,1822.22,1
109236,1822.421,1
109248,1822.621,1
109260,1822.821,1
109272,1823.021,1
109284,1823.221,1
109296,1823.422,1
109308,1823.622,1
109320,1823.822,1
109332,1824.022,1
109344,1824.222,1
109356,1824.423,1
109368,1824.623,1
109380,1824.823,1
109392,1825.023,1
109404,1825.223,1
109416,1825.424,1
109428,1825.624,1
109440,1825.824,1
109452,1826.024,1
109464,1826.224,1
109476,1826.425,1
109488,1826.625,1
109500,1826.825,1
109512,1827.025,1
109524,1827.225,1
109536,1827.426,1
109548,1827.626,1
109560,1827.826,1
109572,1828.026,1
109584,1828.226,1
109596,1828.427,1
109608,1828.627,1
109620,1828.827,1
109632,1829.027,1
109644,1829.227,1
109656,1829.428,1
109668,1829.628,1
109680,1829.828,1
109692,1830.028,1
109704,1830.228,1
109716,1830.429,1
109728,1830.629,1
109740,1830.829,1
109752,1831.029,1
109764,1831.229,1
109776,1831.43,1
109788,1831.63,1
109800,1831.83,1
109812,1832.03,1
109824,1832.23,1
109836,1832.431,1
109848,1832.631,1
109860,1832.831,1
109872,1833.031,1
109884,1833.231,1
109896,1833.432,1
109908,1833.632,1
109920,1833.832,1
109932,1834.032,1
109944,1834.232,1
109956,1834.433,1
109968,1834.633,1
109980,1834.833,1
109992,1835.033,1
110004,1835.233,1
110016,1835.434,1
110028,1835.634,1
110040,1835.834,1
110052,1836.034,1
110064,1836.234,1
110076,1836.435,1
110088,1836.635,1
110100,1836.835,1
110112,1837.035,1
110124,1837.235,1
110136,1837.436,1
110148,1837.636,1
110160,1837.836,1
110172,1838.036,1
110184,1838.236,1
110196,1838.437,1
110208,1838.637,1
110220,1838.837,1
110232,1839.037,1
110244,1839.237,1
110256,1839.438,1
110268,1839.638,1
110280,1839.838,1
110292,1840.038,1
110304,1840.238,1
110316,1840.439,1
110328,1840.639,1
110340,1840.839,1
110352,1841.039,1
110364,1841.239,1
110376,1841.44,1
110388,1841.64,1
110400,1841.84,1
110412,1842.04,1
110424,1842.24,1
110436,1842.441,1
110448,1842.641,1
110460,1842.841,1
110472,1843.041,1
110484,1843.241,1
110496,1843.442,1
110508,1843.642,1
110520,1843.842,1
110532,1844.042,1
110544,1844.242,1
110556,1844.443,1
110568,1844.643,1
110580,1844.843,1
110592,1845.043,1
110604,1845.243,1
110616,1845.444,1
110628,1845.644,1
110640,1845.844,1
110652,1846.044,1
110664,1846.244,1
110676,1846.445,1
110688,1846.645,1
110700,1846.845,1
110712,1847.045,1
110724,1847.245,1
110736,1847.446,1
110748,1847.646,1
110760,1847.846,1
110772,1848.046,1
110784,1848.246,1
110796,1848.447,1
110808,1848.647,1
110820,1848.847,1
110832,1849.047,1
110844,1849.247,1
110856,1849.448,1
110868,1849.648,1
110880,1849.848,1
110892,1850.048,1
110904,1850.248,1
110916,1850.449,1
110928,1850.649,1
110940,1850.849,1
110952,1851.049,1
110964,1851.249,1
110976,1851.45,1
110988,1851.65,1
111000,1851.85,1
111012,1852.05,1
111024,1852.25,1
111036,1852.451,1
111048,1852.651,1
111060,1852.851,1
111072,1853.051,1
111084,1853.251,1
111096,1853.452,1
111108,1853.652,1
111120,1853.852,1
111132,1854.052,1
111144,1854.252,1
111156,1854.453,1
111168,1854.653,1
111180,1854.853,1
111192,1855.053,1
111204,1855.253,1
111216,1855.454,1
111228,1855.654,1
111240,1855.854,1
111252,1856.054,1
111264,1856.254,1
111276,1856.455,1
111288,1856.655,1
111300,1856.855,1
111312,1857.055,1
111324,1857.255,1
111336,1857.456,1
111348,1857.656,1
111360,1857.856,1
111372,1858.056,1
111384,1858.256,1
111396,1858.457,1
111408,1858.657,1
111420,1858.857,1
111432,1859.057,1
111444,1859.257,1
111456,1859.458,1
111468,1859.658,1
111480,1859.858,1
111492,1860.058,1
111504,1860.258,1
111516,1860.459,1
111528,1860.659,1
111540,1860.859,1
111552,1861.059,1
111564,1861.259,1
111576,1861.46,1
111588,1861.66,1
111600,1861.86,1
111612,1862.06,1
111624,1862.26,1
111636,1862.461,1
111648,1862.661,1
111660,1862.861,1
111672,1863.061,1
111684,1863.261,1
111696,1863.462,1
111708,1863.662,1
111720,1863.862,1
111732,1864.062,1
111744,1864.262,1
111756,1864.463,1
111768,1864.663,1
111780,1864.863,1
111792,1865.063,1
111804,1865.263,1
111816,1865.464,1
111828,1865.664,1
111840,1865.864,1
111852,1866.064,1
111864,1866.264,1
111876,1866.465,1
111888,1866.665,1
111900,1866.865,1
111912,1867.065,1
111924,1867.265,1
111936,1867.466,1
111948,1867.666,1
111960,1867.866,1
111972,1868.066,1
111984,1868.266,1
111996,1868.467,1
112008,1868.667,1
112020,1868.867,1
112032,1869.067,1
112044,1869.267,1
112056,1869.468,1
112068,1869.668,1
112080,1869.868,1
112092,1870.068,1
112104,1870.268,1
112116,1870.469,1
112128,1870.669,1
112140,1870.869,1
112152,1871.069,1
112164,1871.269,1
112176,1871.47,1
112188,1871.67,1
112200,1871.87,1
112212,1872.07,1
112224,1872.27,1
112236,1872.471,1
112248,1872.671,1
112260,1872.871,1
112272,1873.071,1
112284,1873.271,1
112296,1873.472,1
112308,1873.672,1
112320,1873.872,1
112332,1874.072,1
112344,1874.272,1
112356,1874.473,1
112368,1874.673,1
112380,1874.873,1
112392,1875.073,1
112404,1875.273,1
112416,1875.474,1
112428,1875.674,1
112440,1875.874,1
112452,1876.074,1
112464,1876.274,1
112476,1876.475,1
112488,1876.675,1
112500,1876.875,1
112512,1877.075,1
112524,1877.275,1
112536,1877.476,1
112548,1877.676,1
112560,1877.876,1
112572,1878.076,1
112584,1878.276,1
112596,1878.477,1
112608,1878.677,1
112620,1878.877,1
112632,1879.077,1
112644,1879.277,1
112656,1879.478,1
112668,1879.678,1
112680,1879.878,1
112692,1880.078,1
112704,1880.278,1
112716,1880.479,1
112728,1880.679,1
112740,1880.879,1
112752,1881.079,1
112764,1881.279,1
112776,1881.48,1
112788,1881.68,1
112800,1881.88,1
112812,1882.08,1
112824,1882.28,1
112836,1882.481,1
112848,1882.681,1
112860,1882.881,1
112872,1883.081,1
112884,1883.281,1
112896,1883.482,1
112908,1883.682,1
112920,1883.882,1
112932,1884.082,1
112944,1884.282,1
112956,1884.483,1
112968,1884.683,1
112980,1884.883,1
112992,1885.083,1
113004,1885.283,1
113016,1885.484,1
113028,1885.684,1
113040,1885.884,1
113052,1886.084,1
113064,1886.284,1
113076,1886.485,1
113088,1886.685,1
113100,1886.885,1
113112,1887.085,1
113124,1887.285,1
113136,1887.486,1
113148,1887.686,1
113160,1887.886,1
113172,1888.086,1
113184,1888.286,1
113196,1888.487,1
113208,1888.687,1
113220,1888.887,1
113232,1889.087,1
113244,1889.287,1
113256,1889.488,1
113268,1889.688,1
113280,1889.888,1
113292,1890.088,1
113304,1890.288,1
113316,1890.489,1
113328,1890.689,1
113340,1890.889,1
113352,1891.089,1
113364,1891.289,1
113376,1891.49,1
113388,1891.69,1
113400,1891.89,1
113412,1892.09,1
113424,1892.29,1
113436,1892.491,1
113448,1892.691,1
113460,1892.891,1
113472,1893.091,1
113484,1893.291,1
113496,1893.492,1
113508,1893.692,1
113520,1893.892,1
113532,1894.092,1
113544,1894.292,1
113556,1894.493,1
113568,1894.693,1
113580,1894.893,1
113592,1895.093,1
113604,1895.293,1
113616,1895.494,1
113628,1895.694,1
113640,1895.894,1
113652,1896.094,1
113664,1896.294,1
113676,1896.495,1
113688,1896.695,1
113700,1896.895,1
113712,1897.095,1
113724,1897.295,1
113736,1897.496,1
113748,1897.696,1
113760,1897.896,1
113772,1898.096,1
113784,1898.296,1
113796,1898.497,1
113808,1898.697,1
113820,1898.897,1
113832,1899.097,1
113844,1899.297,1
113856,1899.498,1
113868,1899.698,1
113880,1899.898,1
113892,1900.098,1
113904,1900.298,1
113916,1900.499,1
113928,1900.699,1
113940,1900.899,1
113952,1901.099,1
113964,1901.299,1
113976,1901.5,1
113988,1901.7,1
114000,1901.9,1
114012,1902.1,1
114024,1902.3,1
114036,1902.501,1
114048,1902.701,1
114060,1902.901,1
114072,1903.101,1
114084,1903.301,1
114096,1903.502,1
114108,1903.702,1
114120,1903.902,1
114132,1904.102,1
114144,1904.302,1
114156,1904.503,1
114168,1904.703,1
114180,1904.903,1
114192,1905.103,1
114204,1905.303,1
114216,1905.504,1
114228,1905.704,1
114240,1905.904,1
114252,1906.104,1
114264,1906.304,1
114276,1906.505,1
114288,1906.705,1
114300,1906.905,1
114312,1907.105,1
114324,1907.305,1
114336,1907.506,1
114348,1907.706,1
114360,1907.906,1
114372,1908.106,1
114384,1908.306,1
114396,1908.507,1
114408,1908.707,1
114420,1908.907,1
114432,1909.107,1
114444,1909.307,1
114456,1909.508,1
114468,1909.708,1
114480,1909.908,1
114492,1910.108,1
114504,1910.308,1
114516,1910.509,1
114528,1910.709,1
114540,1910.909,1
114552,1911.109,1
114564,1911.309,1
114576,1911.51,1
114588,1911.71,1
114600,1911.91,1
114612,1912.11,1
114624,1912.31,1
114636,1912.511,1
114648,1912.711,1
114660,1912.911,1
114672,1913.111,1
114684,1913.311,1
114696,1913.512,1
114708,1913.712,1
114720,1913.912,1
114732,1914.112,1
114744,1914.312,1
114756,1914.513,1
114768,1914.713,1
114780,1914.913,1
114792,1915.113,1
114804,1915.313,1
114816,1915.514,1
114828,1915.714,1
114840,1915.914,1
114852,1916.114,1
114864,1916.314,1
114876,1916.515,1
114888,1916.715,1
114900,1916.915,1
114912,1917.115,1
114924,1917.315,1
114936,1917.516,1
114948,1917.716,1
114960,1917.916,1
114972,1918.116,1
114984,1918.316,1
114996,1918.517,1
115008,1918.717,1
115020,1918.917,1
115032,1919.117,1
115044,1919.317,1
115056,1919.518,1
115068,1919.718,1
115080,1919.918,1
115092,1920.118,1
115104,1920.318,1
115116,1920.519,1
115128,1920.719,1
115140,1920.919,1
115152,1921.119,1
115164,1921.319,1
115176,1921.52,1
115188,1921.72,1
115200,1921.92,1
115212,1922.12,1
115224,1922.32,1
115236,1922.521,1
115248,1922.721,1
115260,1922.921,1
115272,1923.121,1
115284,1923.321,1
115296,1923.522,1
115308,1923.722,1
115320,1923.922,1
115332,1924.122,1
115344,1924.322,1
115356,1924.523,1
115368,1924.723,1
115380,1924.923,1
115392,1925.123,1
115404,1925.323,1
115416,1925.524,1
115428,1925.724,1
115440,1925.924,1
115452,1926.124,1
115464,1926.324,1
115476,1926.525,1
115488,1926.725,1
115500,1926.925,1
115512,1927.125,1
115524,1927.325,1
115536,1927.526,1
115548,1927.726,1
115560,1927.926,1
115572,1928.126,1
115584,1928.326,1
115596,1928.527,1
115608,1928.727,1
115620,1928.927,1
115632,1929.127,1
115644,1929.327,1
115656,1929.528,1
115668,1929.728,1
115680,1929.928,1
115692,1930.128,1
115704,1930.328,1
115716,1930.529,1
115728,1930.729,1
115740,1930.929,1
115752,1931.129,1
115764,1931.329,1
115776,1931.53,1
115788,1931.73,1
115800,1931.93,1
115812,1932.13,1
115824,1932.33,1
115836,1932.531,1
115848,1932.731,1
115860,1932.931,1
115872,1933.131,1
115884,1933.331,1
115896,1933.532,1
115908,1933.732,1
115920,1933.932,1
115932,1934.132,1
115944,1934.332,1
115956,1934.533,1
115968,1934.733,1
115980,1934.933,1
115992,1935.133,1
116004,1935.333,1
116016,1935.534,1
116028,1935.734,1
116040,1935.934,1
116052,1936.134,1
116064,1936.334,1
116076,1936.535,1
116088,1936.735,1
116100,1936.935,1
116112,1937.135,1
116124,1937.335,1
116136,1937.536,1
116148,1937.736,1
116160,1937.936,1
116172,1938.136,1
116184,1938.336,1
116196,1938.537,1
116208,1938.737,1
116220,1938.937,1
116232,1939.137,1
116244,1939.337,1
116256,1939.538,1
116268,1939.738,1
116280,1939.938,1
116292,1940.138,1
116304,1940.338,1
116316,1940.539,1
116328,1940.739,1
116340,1940.939,1
116352,1941.139,1
116364,1941.339,1
116376,1941.54,1
116388,1941.74,1
116400,1941.94,1
116412,1942.14,1
116424,1942.34,1
116436,1942.541,1
116448,1942.741,1
116460,1942.941,1
116472,1943.141,1
116484,1943.341,1
116496,1943.542,1
116508,1943.742,1
116520,1943.942,1
116532,1944.142,1
116544,1944.342,1
116556,1944.543,1
116568,1944.743,1
116580,1944.943,1
116592,1945.143,1
116604,1945.343,1
116616,1945.544,1
116628,1945.744,1
116640,1945.944,1
116652,1946.144,1
116664,1946.344,1
116676,1946.545,1
116688,1946.745,1
116700,1946.945,1
116712,1947.145,1
116724,1947.345,1
116736,1947.546,1
116748,1947.746,1
116760,1947.946,1
116772,1948.146,1
116784,1948.346,1
116796,1948.547,1
116808,1948.747,1
116820,1948.947,1
116832,1949.147,1
116844,1949.347,1
116856,1949.548,1
116868,1949.748,1
116880,1949.948,1
116892,1950.148,1
116904,1950.348,1
116916,1950.549,1
116928,1950.749,1
116940,1950.949,1
116952,1951.149,1
116964,1951.349,1
116976,1951.55,1
116988,1951.75,1
117000,1951.95,1
117012,1952.15,1
117024,1952.35,1
117036,1952.551,1
117048,1952.751,1
117060,1952.951,1
117072,1953.151,1
117084,1953.351,1
117096,1953.552,1
117108,1953.752,1
117120,1953.952,1
117132,1954.152,1
117144,1954.352,1
117156,1954.553,1
117168,1954.753,1
117180,1954.953,1
117192,1955.153,1
117204,1955.353,1
117216,1955.554,1
117228,1955.754,1
117240,1955.954,1
117252,1956.154,1
117264,1956.354,1
117276,1956.555,1
117288,1956.755,1
117300,1956.955,1
117312,1957.155,1
117324,1957.355,1
117336,1957.556,1
117348,1957.756,1
117360,1957.956,1
117372,1958.156,1
117384,1958.356,1
117396,1958.557,1
117408,1958.757,1
117420,1958.957,1
117432,1959.157,1
117444,1959.357,1
117456,1959.558,1
117468,1959.758,1
117480,1959.958,1
117492,1960.158,1
117504,1960.358,1
117516,1960.559,1
117528,1960.759,1
117540,1960.959,1
117552,1961.159,1
117564,1961.359,1
117576,1961.56,1
117588,1961.76,1
117600,1961.96,1
117612,1962.16,1
117624,1962.36,1
117636,1962.561,1
117648,1962.761,1
117660,1962.961,1
117672,1963.161,1
117684,1963.361,1
117696,1963.562,1
117708,1963.762,1
117720,1963.962,1
117732,1964.162,1
117744,1964.362,1
117756,1964.563,1
117768,1964.763,1
117780,1964.963,1
117792,1965.163,1
117804,1965.363,1
117816,1965.564,1
117828,1965.764,1
117840,1965.964,1
117852,1966.164,1
117864,1966.364,1
117876,1966.565,1
117888,1966.765,1
117900,1966.965,1
117912,1967.165,1
117924,1967.365,1
117936,1967.566,1
117948,1967.766,1
117960,1967.966,1
117972,1968.166,1
117984,1968.366,1
117996,1968.567,1
118008,1968.767,1
118020,1968.967,1
118032,1969.167,1
118044,1969.367,1
118056,1969.568,1
118068,1969.768,1
118080,1969.968,1
118092,1970.168,1
118104,1970.368,1
118116,1970.569,1
118128,1970.769,1
118140,1970.969,1
118152,1971.169,1
118164,1971.369,1
118176,1971.57,1
118188,1971.77,1
118200,1971.97,1
118212,1972.17,1
118224,1972.37,1
118236,1972.571,1
118248,1972.771,1
118260,1972.971,1
118272,1973.171,1
118284,1973.371,1
118296,1973.572,1
118308,1973.772,1
118320,1973.972,1
118332,1974.172,1
118344,1974.372,1
118356,1974.573,1
118368,1974.773,1
118380,1974.973,1
118392,1975.173,1
118404,1975.373,1
118416,1975.574,1
118428,1975.774,1
118440,1975.974,1
118452,1976.174,1
118464,1976.374,1
118476,1976.575,1
118488,1976.775,1
118500,1976.975,1
118512,1977.175,1
118524,1977.375,1
118536,1977.576,1
118548,1977.776,1
118560,1977.976,1
118572,1978.176,1
118584,1978.376,1
118596,1978.577,1
118608,1978.777,1
118620,1978.977,1
118632,1979.177,1
118644,1979.377,1
118656,1979.578,1
118668,1979.778,1
118680,1979.978,1
118692,1980.178,1
118704,1980.378,1
118716,1980.579,1
118728,1980.779,1
118740,1980.979,1
118752,1981.179,1
118764,1981.379,1
118776,1981.58,1
118788,1981.78,1
118800,1981.98,1
118812,1982.18,1
118824,1982.38,1
118836,1982.581,1
118848,1982.781,1
118860,1982.981,1
118872,1983.181,1
118884,1983.381,1
118896,1983.582,1
118908,1983.782,1
118920,1983.982,1
118932,1984.182,1
118944,1984.382,1
118956,1984.583,1
118968,1984.783,1
118980,1984.983,1
118992,1985.183,1
119004,1985.383,1
119016,1985.584,1
119028,1985.784,1
119040,1985.984,1
119052,1986.184,1
119064,1986.384,1
119076,1986.585,1
119088,1986.785,1
119100,1986.985,1
119112,1987.185,1
119124,1987.385,1
119136,1987.586,1
119148,1987.786,1
119160,1987.986,1
119172,1988.186,1
119184,1988.386,1
119196,1988.587,1
119208,1988.787,1
119220,1988.987,1
119232,1989.187,1
119244,1989.387,1
119256,1989.588,1
119268,1989.788,1
119280,1989.988,1
119292,1990.188,1
119304,1990.388,1
119316,1990.589,1
119328,1990.789,1
119340,1990.989,1
119352,1991.189,1
119364,1991.389,1
119376,1991.59,1
119388,1991.79,1
119400,1991.99,1
119412,1992.19,1
119424,1992.39,1
119436,1992.591,1
119448,1992.791,1
119460,1992.991,1
119472,1993.191,1
119484,1993.391,1
119496,1993.592,1
119508,1993.792,1
119520,1993.992,1
119532,1994.192,1
119544,1994.392,1
119556,1994.593,1
119568,1994.793,1
119580,1994.993,1
119592,1995.193,1
119604,1995.393,1
119616,1995.594,1
119628,1995.794,1
119640,1995.994,1
119652,1996.194,1
119664,1996.394,1
119676,1996.595,1
119688,1996.795,1
119700,1996.995,1
119712,1997.195,1
119724,1997.395,1
119736,1997.596,1
119748,1997.796,1
119760,1997.996,1
119772,1998.196,1
119784,1998.396,1
119796,1998.597,1
119808,1998.797,1
119820,1998.997,1
119832,1999.197,1
119844,1999.397,1
119856,1999.598,1
119868,1999.798,1
119880,1999.998,1
119892,2000.198,1
119904,2000.398,1
119916,2000.599,1
119928,2000.799,1
119940,2000.999,1
119952,2001.199,1
119964,2001.399,1
119976,2001.6,1
119988,2001.8,1
120000,2002.0,1
120012,2002.2,1
120024,2002.4,1
120036,2002.601,1
120048,2002.801,1
120060,2003.001,1
120072,2003.201,1
120084,2003.401,1
120096,2003.602,1
120108,2003.802,1
120120,2004.002,1
120132,2004.202,1
120144,2004.402,1
120156,2004.603,1
120168,2004.803,1
120180,2005.003,1
120192,2005.203,1
120204,2005.403,1
120216,2005.604,1
120228,2005.804,1
120240,2006.004,1
120252,2006.204,1
120264,2006.404,1
120276,2006.605,1
120288,2006.805,1
120300,2007.005,1
120312,2007.205,1
120324,2007.405,1
120336,2007.606,1
120348,2007.806,1
120360,2008.006,1
120372,2008.206,1
120384,2008.406,1
120396,2008.607,1
120408,2008.807,1
120420,2009.007,1
120432,2009.207,1
120444,2009.407,1
120456,2009.608,1
120468,2009.808,1
120480,2010.008,1
120492,2010.208,1
120504,2010.408,1
120516,2010.609,1
120528,2010.809,1
120540,2011.009,1
120552,2011.209,1
120564,2011.409,1
120576,2011.61,1
120588,2011.81,1
120600,2012.01,1
120612,2012.21,1
120624,2012.41,1
120636,2012.611,1
120648,2012.811,1
120660,2013.011,1
120672,2013.211,1
120684,2013.411,1
120696,2013.612,1
120708,2013.812,1
120720,2014.012,1
120732,2014.212,1
120744,2014.412,1
120756,2014.613,1
120768,2014.813,1
120780,2015.013,1
120792,2015.213,1
120804,2015.413,1
120816,2015.614,1
120828,2015.814,1
120840,2016.014,1
120852,2016.214,1
120864,2016.414,1
120876,2016.615,1
120888,2016.815,1
120900,2017.015,1
120912,2017.215,1
120924,2017.415,1
120936,2017.616,1
120948,2017.816,1
120960,2018.016,1
120972,2018.216,1
120984,2018.416,1
120996,2018.617,1
121008,2018.817,1
121020,2019.017,1
121032,2019.217,1
121044,2019.417,1
121056,2019.618,1
121068,2019.818,1
121080,2020.018,1
121092,2020.218,1
121104,2020.418,1
121116,2020.619,1
121128,2020.819,1
121140,2021.019,1
121152,2021.219,1
121164,2021.419,1
121176,2021.62,1
121188,2021.82,1
121200,2022.02,1
121212,2022.22,1
121224,2022.42,1
121236,2022.621,1
121248,2022.821,1
121260,2023.021,1
121272,2023.221,1
121284,2023.421,1
121296,2023.622,1
121308,2023.822,1
121320,2024.022,1
121332,2024.222,1
121344,2024.422,1
121356,2024.623,1
121368,2024.823,1
121380,2025.023,1
121392,2025.223,1
121404,2025.423,1
121416,2025.624,1
121428,2025.824,1
121440,2026.024,1
121452,2026.224,1
121464,2026.424,1
121476,2026.625,1
121488,2026.825,1
121500,2027.025,1
121512,2027.225,1
121524,2027.425,1
121536,2027.626,1
121548,2027.826,1
121560,2028.026,1
121572,2028.226,1
121584,2028.426,1
121596,2028.627,1
121608,2028.827,1
121620,2029.027,1
121632,2029.227,1
121644,2029.427,1
121656,2029.628,1
121668,2029.828,1
121680,2030.028,1
121692,2030.228,1
121704,2030.428,1
121716,2030.629,1
121728,2030.829,1
121740,2031.029,1
121752,2031.229,1
121764,2031.429,1
121776,2031.63,1
121788,2031.83,1
121800,2032.03,1
121812,2032.23,1
121824,2032.43,1
121836,2032.631,1
121848,2032.831,1
121860,2033.031,1
121872,2033.231,1
121884,2033.431,1
121896,2033.632,1
121908,2033.832,1
121920,2034.032,1
121932,2034.232,1
121944,2034.432,1
121956,2034.633,1
121968,2034.833,1
121980,2035.033,1
121992,2035.233,1
122004,2035.433,1
122016,2035.634,1
122028,2035.834,1
122040,2036.034,1
122052,2036.234,1
122064,2036.434,1
122076,2036.635,1
122088,2036.835,1
122100,2037.035,1
122112,2037.235,1
122124,2037.435,1
122136,2037.636,1
122148,2037.836,1
122160,2038.036,1
122172,2038.236,1
122184,2038.436,1
122196,2038.637,1
122208,2038.837,1
122220,2039.037,1
122232,2039.237,1
122244,2039.437,1
122256,2039.638,1
122268,2039.838,1
122280,2040.038,1
122292,2040.238,1
122304,2040.438,1
122316,2040.639,1
122328,2040.839,1
122340,2041.039,1
122352,2041.239,1
122364,2041.439,1
122376,2041.64,1
122388,2041.84,1
122400,2042.04,1
122412,2042.24,1
122424,2042.44,1
122436,2042.641,1
122448,2042.841,1
122460,2043.041,1
122472,2043.241,1
122484,2043.441,1
122496,2043.642,1
122508,2043.842,1
122520,2044.042,1
122532,2044.242,1
122544,2044.442,1
122556,2044.643,1
122568,2044.843,1
122580,2045.043,1
122592,2045.243,1
122604,2045.443,1
122616,2045.644,1
122628,2045.844,1
122640,2046.044,1
122652,2046.244,1
122664,2046.444,1
122676,2046.645,1
122688,2046.845,1
122700,2047.045,1
122712,2047.245,1
122724,2047.445,1
122736,2047.646,1
122748,2047.846,1
122760,2048.046,1
122772,2048.246,1
122784,2048.446,1
122796,2048.647,1
122808,2048.847,1
122820,2049.047,1
122832,2049.247,1
122844,2049.447,1
122856,2049.648,1
122868,2049.848,1
122880,2050.048,1
122892,2050.248,1
122904,2050.448,1
122916,2050.649,1
122928,2050.849,1
122940,2051.049,1
122952,2051.249,1
122964,2051.449,1
122976,2051.65,1
122988,2051.85,1
123000,2052.05,1
123012,2052.25,1
123024,2052.45,1
123036,2052.651,1
123048,2052.851,1
123060,2053.051,1
123072,2053.251,1
123084,2053.451,1
123096,2053.652,1
123108,2053.852,1
123120,2054.052,1
123132,2054.252,1
123144,2054.452,1
123156,2054.653,1
123168,2054.853,1
123180,2055.053,1
123192,2055.253,1
123204,2055.453,1
123216,2055.654,1
123228,2055.854,1
123240,2056.054,1
123252,2056.254,1
123264,2056.454,1
123276,2056.655,1
123288,2056.855,1
123300,2057.055,1
123312,2057.255,1
123324,2057.455,1
123336,2057.656,1
123348,2057.856,1
123360,2058.056,1
123372,2058.256,1
123384,2058.456,1
123396,2058.657,1
123408,2058.857,1
123420,2059.057,1
123432,2059.257,1
123444,2059.457,1
123456,2059.658,1
123468,2059.858,1
123480,2060.058,1
123492,2060.258,1
123504,2060.458,1
123516,2060.659,1
123528,2060.859,1
123540,2061.059,1
123552,2061.259,1
123564,2061.459,1
123576,2061.66,1
123588,2061.86,1
123600,2062.06,1
123612,2062.26,1
123624,2062.46,1
123636,2062.661,1
123648,2062.861,1
123660,2063.061,1
123672,2063.261,1
123684,2063.461,1
123696,2063.662,1
123708,2063.862,1
123720,2064.062,1
123732,2064.262,1
123744,2064.462,1
123756,2064.663,1
123768,2064.863,1
123780,2065.063,1
123792,2065.263,1
123804,2065.463,1
123816,2065.664,1
123828,2065.864,1
123840,2066.064,1
123852,2066.264,1
123864,2066.464,1
123876,2066.665,1
123888,2066.865,1
123900,2067.065,1
123912,2067.265,1
123924,2067.465,1
123936,2067.666,1
123948,2067.866,1
123960,2068.066,1
123972,2068.266,1
123984,2068.466,1
123996,2068.667,1
124008,2068.867,1
124020,2069.067,1
124032,2069.267,1
124044,2069.467,1
124056,2069.668,1
124068,2069.868,1
124080,2070.068,1
124092,2070.268,1
124104,2070.468,1
124116,2070.669,1
124128,2070.869,1
124140,2071.069,1
124152,2071.269,1
124164,2071.469,1
124176,2071.67,1
124188,2071.87,1
124200,2072.07,1
124212,2072.27,1
124224,2072.47,1
124236,2072.671,1
124248,2072.871,1
124260,2073.071,1
124272,2073.271,1
124284,2073.471,1
124296,2073.672,1
124308,2073.872,1
124320,2074.072,1
124332,2074.272,1
124344,2074.472,1
124356,2074.673,1
124368,2074.873,1
124380,2075.073,1
124392,2075.273,1
124404,2075.473,1
124416,2075.674,1
124428,2075.874,1
124440,2076.074,1
124452,2076.274,1
124464,2076.474,1
124476,2076.675,1
124488,2076.875,1
124500,2077.075,1
124512,2077.275,1
124524,2077.475,1
124536,2077.676,1
124548,2077.876,1
124560,2078.076,1
124572,2078.276,1
124584,2078.476,1
124596,2078.677,1
124608,2078.877,1
124620,2079.077,1
124632,2079.277,1
124644,2079.477,1
124656,2079.678,1
124668,2079.878,1
124680,2080.078,1
124692,2080.278,1
124704,2080.478,1
124716,2080.679,1
124728,2080.879,1
124740,2081.079,1
124752,2081.279,1
124764,2081.479,1
124776,2081.68,1
124788,2081.88,1
124800,2082.08,1
124812,2082.28,1
124824,2082.48,1
124836,2082.681,1
124848,2082.881,1
124860,2083.081,1
124872,2083.281,1
124884,2083.481,1
124896,2083.682,1
124908,2083.882,1
124920,2084.082,1
124932,2084.282,1
124944,2084.482,1
124956,2084.683,1
124968,2084.883,1
124980,2085.083,1
124992,2085.283,1
125004,2085.483,1
125016,2085.684,1
125028,2085.884,1
125040,2086.084,1
125052,2086.284,1
125064,2086.484,1
125076,2086.685,1
125088,2086.885,1
125100,2087.085,1
125112,2087.285,1
125124,2087.485,1
125136,2087.686,1
125148,2087.886,1
125160,2088.086,1
125172,2088.286,1
125184,2088.486,1
125196,2088.687,1
125208,2088.887,1
125220,2089.087,1
125232,2089.287,1
125244,2089.487,1
125256,2089.688,1
125268,2089.888,1
125280,2090.088,1
125292,2090.288,1
125304,2090.488,1
125316,2090.689,1
125328,2090.889,1
125340,2091.089,1
125352,2091.289,1
125364,2091.489,1
125376,2091.69,1
125388,2091.89,1
125400,2092.09,1
125412,2092.29,1
125424,2092.49,1
125436,2092.691,1
125448,2092.891,1
125460,2093.091,1
125472,2093.291,1
125484,2093.491,1
125496,2093.692,1
125508,2093.892,1
125520,2094.092,1
125532,2094.292,1
125544,2094.492,1
125556,2094.693,1
125568,2094.893,1
125580,2095.093,1
125592,2095.293,1
125604,2095.493,1
125616,2095.694,1
125628,2095.894,1
125640,2096.094,1
125652,2096.294,1
125664,2096.494,1
125676,2096.695,1
125688,2096.895,1
125700,2097.095,1
125712,2097.295,1
125724,2097.495,1
125736,2097.696,1
125748,2097.896,1
125760,2098.096,1
125772,2098.296,1
125784,2098.496,1
125796,2098.697,1
125808,2098.897,1
125820,2099.097,1
125832,2099.297,1
125844,2099.497,1
125856,2099.698,1
125868,2099.898,1
125880,2100.098,1
125892,2100.298,1
125904,2100.498,1
125916,2100.699,1
125928,2100.899,1
125940,2101.099,1
125952,2101.299,1
125964,2101.499,1
125976,2101.7,1
125988,2101.9,1
126000,2102.1,1
126012,2102.3,1
126024,2102.5,1
126036,2102.701,1
126048,2102.901,1
126060,2103.101,1
126072,2103.301,1
126084,2103.501,1
126096,2103.702,1
126108,2103.902,1
126120,2104.102,1
126132,2104.302,1
126144,2104.502,1
126156,2104.703,1
126168,2104.903,1
126180,2105.103,1
126192,2105.303,1
126204,2105.503,1
126216,2105.704,1
126228,2105.904,1
126240,2106.104,1
126252,2106.304,1
126264,2106.504,1
126276,2106.705,1
126288,2106.905,1
126300,2107.105,1
126312,2107.305,1
126324,2107.505,1
126336,2107.706,1
126348,2107.906,1
126360,2108.106,1
126372,2108.306,1
126384,2108.506,1
126396,2108.707,1
126408,2108.907,1
126420,2109.107,1
126432,2109.307,1
126444,2109.507,1
126456,2109.708,1
126468,2109.908,1
126480,2110.108,1
126492,2110.308,1
126504,2110.508,1
126516,2110.709,1
126528,2110.909,1
126540,2111.109,1
126552,2111.309,1
126564,2111.509,1
126576,2111.71,1
126588,2111.91,1
126600,2112.11,1
126612,2112.31,1
126624,2112.51,1
126636,2112.711,1
126648,2112.911,1
126660,2113.111,1
126672,2113.311,1
126684,2113.511,1
126696,2113.712,1
126708,2113.912,1
126720,2114.112,1
126732,2114.312,1
126744,2114.512,1
126756,2114.713,1
126768,2114.913,1
126780,2115.113,1
126792,2115.313,1
126804,2115.513,1
126816,2115.714,1
126828,2115.914,1
126840,2116.114,1
126852,2116.314,1
126864,2116.514,1
126876,2116.715,1
126888,2116.915,1
126900,2117.115,1
126912,2117.315,1
126924,2117.515,1
126936,2117.716,1
126948,2117.916,1
126960,2118.116,1
126972,2118.316,1
126984,2118.516,1
126996,2118.717,1
127008,2118.917,1
127020,2119.117,1
127032,2119.317,1
127044,2119.517,1
127056,2119.718,1
127068,2119.918,1
127080,2120.118,1
127092,2120.318,1
127104,2120.518,1
127116,2120.719,1
127128,2120.919,1
127140,2121.119,1
127152,2121.319,1
127164,2121.519,1
127176,2121.72,1
127188,2121.92,1
127200,2122.12,1
127212,2122.32,1
127224,2122.52,1
127236,2122.721,1
127248,2122.921,1
127260,2123.121,1
127272,2123.321,1
127284,2123.521,1
127296,2123.722,1
127308,2123.922,1
127320,2124.122,1
127332,2124.322,1
127344,2124.522,1
127356,2124.723,1
127368,2124.923,1
127380,2125.123,1
127392,2125.323,1
127404,2125.523,1
127416,2125.724,1
127428,2125.924,1
127440,2126.124,1
127452,2126.324,1
127464,2126.524,1
127476,2126.725,1
127488,2126.925,1
127500,2127.125,1
127512,2127.325,1
127524,2127.525,1
127536,2127.726,1
127548,2127.926,1
127560,2128.126,1
127572,2128.326,1
127584,2128.526,1
127596,2128.727,1
127608,2128.927,1
127620,2129.127,1
127632,2129.327,1
127644,2129.527,1
127656,2129.728,1
127668,2129.928,1
127680,2130.128,1
127692,2130.328,1
127704,2130.528,1
127716,2130.729,1
127728,2130.929,1
127740,2131.129,1
127752,2131.329,1
127764,2131.529,1
127776,2131.73,1
127788,2131.93,1
127800,2132.13,1
127812,2132.33,1
127824,2132.53,1
127836,2132.731,1
127848,2132.931,1
127860,2133.131,1
127872,2133.331,1
127884,2133.531,1
127896,2133.732,1
127908,2133.932,1
127920,2134.132,1
127932,2134.332,1
127944,2134.532,1
127956,2134.733,1
127968,2134.933,1
127980,2135.133,1
127992,2135.333,1
128004,2135.533,1
128016,2135.734,1
128028,2135.934,1
128040,2136.134,1
128052,2136.334,1
128064,2136.534,1
128076,2136.735,1
128088,2136.935,1
128100,2137.135,1
128112,2137.335,1
128124,2137.535,1
128136,2137.736,1
128148,2137.936,1
128160,2138.136,1
128172,2138.336,1
128184,2138.536,1
128196,2138.737,1
128208,2138.937,1
128220,2139.137,1
128232,2139.337,1
128244,2139.537,1
128256,2139.738,1
128268,2139.938,1
128280,2140.138,1
128292,2140.338,1
128304,2140.538,1
128316,2140.739,1
128328,2140.939,1
128340,2141.139,1
128352,2141.339,1
128364,2141.539,1
128376,2141.74,1
128388,2141.94,1
128400,2142.14,1
128412,2142.34,1
128424,2142.54,1
128436,2142.741,1
128448,2142.941,1
128460,2143.141,1
128472,2143.341,1
128484,2143.541,1
128496,2143.742,1
128508,2143.942,1
128520,2144.142,1
128532,2144.342,1
128544,2144.542,1
128556,2144.743,1
128568,2144.943,1
128580,2145.143,1
128592,2145.343,1
128604,2145.543,1
128616,2145.744,1
128628,2145.944,1
128640,2146.144,1
128652,2146.344,1
128664,2146.544,1
128676,2146.745,1
128688,2146.945,1
128700,2147.145,1
128712,2147.345,1
128724,2147.545,1
128736,2147.746,1
128748,2147.946,1
128760,2148.146,1
128772,2148.346,1
128784,2148.546,1
128796,2148.747,1
128808,2148.947,1
128820,2149.147,1
128832,2149.347,1
128844,2149.547,1
128856,2149.748,1
128868,2149.948,1
128880,2150.148,1
128892,2150.348,1
128904,2150.548,1
128916,2150.749,1
128928,2150.949,1
128940,2151.149,1
128952,2151.349,1
128964,2151.549,1
128976,2151.75,1
128988,2151.95,1
129000,2152.15,1
129012,2152.35,1
129024,2152.55,1
129036,2152.751,1
129048,2152.951,1
129060,2153.151,1
129072,2153.351,1
129084,2153.551,1
129096,2153.752,1
129108,2153.952,1
129120,2154.152,1
129132,2154.352,1
129144,2154.552,1
129156,2154.753,1
129168,2154.953,1
129180,2155.153,1
129192,2155.353,1
129204,2155.553,1
129216,2155.754,1
129228,2155.954,1
129240,2156.154,1
129252,2156.354,1
129264,2156.554,1
129276,2156.755,1
129288,2156.955,1
129300,2157.155,1
129312,2157.355,1
129324,2157.555,1
129336,2157.756,1
129348,2157.956,1
129360,2158.156,1
129372,2158.356,1
129384,2158.556,1
129396,2158.757,1
129408,2158.957,1
129420,2159.157,1
129432,2159.357,1
129444,2159.557,1
129456,2159.758,1
129468,2159.958,1
129480,2160.158,1
129492,2160.358,1
129504,2160.558,1
129516,2160.759,1
129528,2160.959,1
129540,2161.159,1
129552,2161.359,1
129564,2161.559,1
129576,2161.76,1
129588,2161.96,1
129600,2162.16,1
129612,2162.36,1
129624,2162.56,1
129636,2162.761,1
129648,2162.961,1
129660,2163.161,1
129672,2163.361,1
129684,2163.561,1
129696,2163.762,1
129708,2163.962,1
129720,2164.162,1
129732,2164.362,1
129744,2164.562,1
129756,2164.763,1
129768,2164.963,1
129780,2165.163,1
129792,2165.363,1
129804,2165.563,1
129816,2165.764,1
129828,2165.964,1
129840,2166.164,1
129852,2166.364,1
129864,2166.564,1
129876,2166.765,1
129888,2166.965,1
129900,2167.165,1
129912,2167.365,1
129924,2167.565,1
129936,2167.766,1
129948,2167.966,1
129960,2168.166,1
129972,2168.366,1
129984,2168.566,1
129996,2168.767,1
130008,2168.967,1
130020,2169.167,1
130032,2169.367,1
130044,2169.567,1
130056,2169.768,1
130068,2169.968,1
130080,2170.168,1
130092,2170.368,1
130104,2170.568,1
130116,2170.769,1
130128,2170.969,1
130140,2171.169,1
130152,2171.369,1
130164,2171.569,1
130176,2171.77,1
130188,2171.97,1
130200,2172.17,1
130212,2172.37,1
130224,2172.57,1
130236,2172.771,1
130248,2172.971,1
130260,2173.171,1
130272,2173.371,1
130284,2173.571,1
130296,2173.772,1
130308,2173.972,1
130320,2174.172,1
130332,2174.372,1
130344,2174.572,1
130356,2174.773,1
130368,2174.973,1
130380,2175.173,1
130392,2175.373,1
130404,2175.573,1
130416,2175.774,1
130428,2175.974,1
130440,2176.174,1
130452,2176.374,1
130464,2176.574,1
130476,2176.775,1
130488,2176.975,1
130500,2177.175,1
130512,2177.375,1
130524,2177.575,1
130536,2177.776,1
130548,2177.976,1
130560,2178.176,1
130572,2178.376,1
130584,2178.576,1
130596,2178.777,1
130608,2178.977,1
130620,2179.177,1
130632,2179.377,1
130644,2179.577,1
130656,2179.778,1
130668,2179.978,1
130680,2180.178,1
130692,2180.378,1
130704,2180.578,1
130716,2180.779,1
130728,2180.979,1
130740,2181.179,1
130752,2181.379,1
130764,2181.579,1
130776,2181.78,1
130788,2181.98,1
130800,2182.18,1
130812,2182.38,1
130824,2182.58,1
130836,2182.781,1
130848,2182.981,1
130860,2183.181,1
130872,2183.381,1
130884,2183.581,1
130896,2183.782,1
130908,2183.982,1
130920,2184.182,1
130932,2184.382,1
130944,2184.582,1
130956,2184.783,1
130968,2184.983,1
130980,2185.183,1
130992,2185.383,1
131004,2185.583,1
131016,2185.784,1
131028,2185.984,1
131040,2186.184,1
131052,2186.384,1
131064,2186.584,1
131076,2186.785,1
131088,2186.985,1
131100,2187.185,1
131112,2187.385,1
131124,2187.585,1
131136,2187.786,1
131148,2187.986,1
131160,2188.186,1
131172,2188.386,1
131184,2188.586,1
131196,2188.787,1
131208,2188.987,1
131220,2189.187,1
131232,2189.387,1
131244,2189.587,1
131256,2189.788,1
131268,2189.988,1
131280,2190.188,1
131292,2190.388,1
131304,2190.588,1
131316,2190.789,1
131328,2190.989,1
131340,2191.189,1
131352,2191.389,1
131364,2191.589,1
131376,2191.79,1
131388,2191.99,1
131400,2192.19,1
131412,2192.39,1
131424,2192.59,1
131436,2192.791,1
131448,2192.991,1
131460,2193.191,1
131472,2193.391,1
131484,2193.591,1
131496,2193.792,1
131508,2193.992,1
131520,2194.192,1
131532,2194.392,1
131544,2194.592,1
131556,2194.793,1
131568,2194.993,1
131580,2195.193,1
131592,2195.393,1
131604,2195.593,1
131616,2195.794,1
131628,2195.994,1
131640,2196.194,1
131652,2196.394,1
131664,2196.594,1
131676,2196.795,1
131688,2196.995,1
131700,2197.195,1
131712,2197.395,1
131724,2197.595,1
131736,2197.796,1
131748,2197.996,1
131760,2198.196,1
131772,2198.396,1
131784,2198.596,1
131796,2198.797,1
131808,2198.997,1
131820,2199.197,1
131832,2199.397,1
131844,2199.597,1
131856,2199.798,1
131868,2199.998,1
131880,2200.198,1
131892,2200.398,1
131904,2200.598,1
131916,2200.799,1
131928,2200.999,1
131940,2201.199,1
131952,2201.399,1
131964,2201.599,1
131976,2201.8,1
131988,2202.0,1
132000,2202.2,1
132012,2202.4,1
132024,2202.6,1
132036,2202.801,1
132048,2203.001,1
132060,2203.201,1
132072,2203.401,1
132084,2203.601,1
132096,2203.802,1
132108,2204.002,1
132120,2204.202,1
132132,2204.402,1
132144,2204.602,1
132156,2204.803,1
132168,2205.003,1
132180,2205.203,1
132192,2205.403,1
132204,2205.603,1
132216,2205.804,1
132228,2206.004,1
132240,2206.204,1
132252,2206.404,1
132264,2206.604,1
132276,2206.805,1
132288,2207.005,1
132300,2207.205,1
132312,2207.405,1
132324,2207.605,1
132336,2207.806,1
132348,2208.006,1
132360,2208.206,1
132372,2208.406,1
132384,2208.606,1
132396,2208.807,1
132408,2209.007,1
132420,2209.207,1
132432,2209.407,1
132444,2209.607,1
132456,2209.808,1
132468,2210.008,1
132480,2210.208,1
132492,2210.408,1
132504,2210.608,1
132516,2210.809,1
132528,2211.009,1
132540,2211.209,1
132552,2211.409,1
132564,2211.609,1
132576,2211.81,1
132588,2212.01,1
132600,2212.21,1
132612,2212.41,1
132624,2212.61,1
132636,2212.811,1
132648,2213.011,1
132660,2213.211,1
132672,2213.411,1
132684,2213.611,1
132696,2213.812,1
132708,2214.012,1
132720,2214.212,1
132732,2214.412,1
132744,2214.612,1
132756,2214.813,1
132768,2215.013,1
132780,2215.213,1
132792,2215.413,1
132804,2215.613,1
132816,2215.814,1
132828,2216.014,1
132840,2216.214,1
132852,2216.414,1
132864,2216.614,1
132876,2216.815,1
132888,2217.015,1
132900,2217.215,1
132912,2217.415,1
132924,2217.615,1
132936,2217.816,1
132948,2218.016,1
132960,2218.216,1
132972,2218.416,1
132984,2218.616,1
132996,2218.817,1
133008,2219.017,1
133020,2219.217,1
133032,2219.417,1
133044,2219.617,1
133056,2219.818,1
133068,2220.018,1
133080,2220.218,1
133092,2220.418,1
133104,2220.618,1
133116,2220.819,1
133128,2221.019,1
133140,2221.219,1
133152,2221.419,1
133164,2221.619,1
133176,2221.82,1
133188,2222.02,1
133200,2222.22,1
133212,2222.42,1
133224,2222.62,1
133236,2222.821,1
133248,2223.021,1
133260,2223.221,1
133272,2223.421,1
133284,2223.621,1
133296,2223.822,1
133308,2224.022,1
133320,2224.222,1
133332,2224.422,1
133344,2224.622,1
133356,2224.823,1
133368,2225.023,1
133380,2225.223,1
133392,2225.423,1
133404,2225.623,1
133416,2225.824,1
133428,2226.024,1
133440,2226.224,1
133452,2226.424,1
133464,2226.624,1
133476,2226.825,1
133488,2227.025,1
133500,2227.225,1
133512,2227.425,1
133524,2227.625,1
133536,2227.826,1
133548,2228.026,1
133560,2228.226,1
133572,2228.426,1
133584,2228.626,1
133596,2228.827,1
133608,2229.027,1
133620,2229.227,1
133632,2229.427,1
133644,2229.627,1
133656,2229.828,1
133668,2230.028,1
133680,2230.228,1
133692,2230.428,1
133704,2230.628,1
133716,2230.829,1
133728,2231.029,1
133740,2231.229,1
133752,2231.429,1
133764,2231.629,1
133776,2231.83,1
133788,2232.03,1
133800,2232.23,1
133812,2232.43,1
133824,2232.63,1
133836,2232.831,1
133848,2233.031,1
133860,2233.231,1
133872,2233.431,1
133884,2233.631,1
133896,2233.832,1
133908,2234.032,1
133920,2234.232,1
133932,2234.432,1
133944,2234.632,1
133956,2234.833,1
133968,2235.033,1
133980,2235.233,1
133992,2235.433,1
134004,2235.633,1
134016,2235.834,1
134028,2236.034,1
134040,2236.234,1
134052,2236.434,1
134064,2236.634,1
134076,2236.835,1
134088,2237.035,1
134100,2237.235,1
134112,2237.435,1
134124,2237.635,1
134136,2237.836,1
134148,2238.036,1
134160,2238.236,1
134172,2238.436,1
134184,2238.636,1
134196,2238.837,1
134208,2239.037,1
134220,2239.237,1
134232,2239.437,1
134244,2239.637,1
134256,2239.838,1
134268,2240.038,1
134280,2240.238,1
134292,2240.438,1
134304,2240.638,1
134316,2240.839,1
134328,2241.039,1
134340,2241.239,1
134352,2241.439,1
134364,2241.639,1
134376,2241.84,1
134388,2242.04,1
134400,2242.24,1
134412,2242.44,1
134424,2242.64,1
134436,2242.841,1
134448,2243.041,1
134460,2243.241,1
134472,2243.441,1
134484,2243.641,1
134496,2243.842,1
134508,2244.042,1
134520,2244.242,1
134532,2244.442,1
134544,2244.642,1
134556,2244.843,1
134568,2245.043,1
134580,2245.243,1
134592,2245.443,1
134604,2245.643,1
134616,2245.844,1
134628,2246.044,1
134640,2246.244,1
134652,2246.444,1
134664,2246.644,1
134676,2246.845,1
134688,2247.045,1
134700,2247.245,1
134712,2247.445,1
134724,2247.645,1
134736,2247.846,1
134748,2248.046,1
134760,2248.246,1
134772,2248.446,1
134784,2248.646,1
134796,2248.847,1
134808,2249.047,1
134820,2249.247,1
134832,2249.447,1
134844,2249.647,1
134856,2249.848,1
134868,2250.048,1
134880,2250.248,1
134892,2250.448,1
134904,2250.648,1
134916,2250.849,1
134928,2251.049,1
134940,2251.249,1
134952,2251.449,1
134964,2251.649,1
134976,2251.85,1
134988,2252.05,1
135000,2252.25,1
135012,2252.45,1
135024,2252.65,1
135036,2252.851,1
135048,2253.051,1
135060,2253.251,1
135072,2253.451,1
135084,2253.651,1
135096,2253.852,1
135108,2254.052,1
135120,2254.252,1
135132,2254.452,1
135144,2254.652,1
135156,2254.853,1
135168,2255.053,1
135180,2255.253,1
135192,2255.453,1
135204,2255.653,1
135216,2255.854,1
135228,2256.054,1
135240,2256.254,1
135252,2256.454,1
135264,2256.654,1
135276,2256.855,1
135288,2257.055,1
135300,2257.255,1
135312,2257.455,1
135324,2257.655,1
135336,2257.856,1
135348,2258.056,1
135360,2258.256,1
135372,2258.456,1
135384,2258.656,1
135396,2258.857,1
135408,2259.057,1
135420,2259.257,1
135432,2259.457,1
135444,2259.657,1
135456,2259.858,1
135468,2260.058,1
135480,2260.258,1
135492,2260.458,1
135504,2260.658,1
135516,2260.859,1
135528,2261.059,1
135540,2261.259,1
135552,2261.459,1
135564,2261.659,1
135576,2261.86,1
135588,2262.06,1
135600,2262.26,1
135612,2262.46,1
135624,2262.66,1
135636,2262.861,1
135648,2263.061,1
135660,2263.261,1
135672,2263.461,1
135684,2263.661,1
135696,2263.862,1
135708,2264.062,1
135720,2264.262,1
135732,2264.462,1
135744,2264.662,1
135756,2264.863,1
135768,2265.063,1
135780,2265.263,1
135792,2265.463,1
135804,2265.663,1
135816,2265.864,1
135828,2266.064,1
135840,2266.264,1
135852,2266.464,1
135864,2266.664,1
135876,2266.865,1
135888,2267.065,1
135900,2267.265,1
135912,2267.465,1
135924,2267.665,1
135936,2267.866,1
135948,2268.066,1
135960,2268.266,1
135972,2268.466,1
135984,2268.666,1
135996,2268.867,1
136008,2269.067,1
136020,2269.267,1
136032,2269.467,1
136044,2269.667,1
136056,2269.868,1
136068,2270.068,1
136080,2270.268,1
136092,2270.468,1
136104,2270.668,1
136116,2270.869,1
136128,2271.069,1
136140,2271.269,1
136152,2271.469,1
136164,2271.669,1
136176,2271.87,1
136188,2272.07,1
136200,2272.27,1
136212,2272.47,1
136224,2272.67,1
136236,2272.871,1
136248,2273.071,1
136260,2273.271,1
136272,2273.471,1
136284,2273.671,1
136296,2273.872,1
136308,2274.072,1
136320,2274.272,1
136332,2274.472,1
136344,2274.672,1
136356,2274.873,1
136368,2275.073,1
136380,2275.273,1
136392,2275.473,1
136404,2275.673,1
136416,2275.874,1
136428,2276.074,1
136440,2276.274,1
136452,2276.474,1
136464,2276.674,1
136476,2276.875,1
136488,2277.075,1
136500,2277.275,1
136512,2277.475,1
136524,2277.675,1
136536,2277.876,1
136548,2278.076,1
136560,2278.276,1
136572,2278.476,1
136584,2278.676,1
136596,2278.877,1
136608,2279.077,1
136620,2279.277,1
136632,2279.477,1
136644,2279.677,1
136656,2279.878,1
136668,2280.078,1
136680,2280.278,1
136692,2280.478,1
136704,2280.678,1
136716,2280.879,1
136728,2281.079,1
136740,2281.279,1
136752,2281.479,1
136764,2281.679,1
136776,2281.88,1
136788,2282.08,1
136800,2282.28,1
136812,2282.48,1
136824,2282.68,1
136836,2282.881,1
136848,2283.081,1
136860,2283.281,1
136872,2283.481,1
136884,2283.681,1
136896,2283.882,1
136908,2284.082,1
136920,2284.282,1
136932,2284.482,1
136944,2284.682,1
136956,2284.883,1
136968,2285.083,1
136980,2285.283,1
136992,2285.483,1
137004,2285.683,1
137016,2285.884,1
137028,2286.084,1
137040,2286.284,1
137052,2286.484,1
137064,2286.684,1
137076,2286.885,1
137088,2287.085,1
137100,2287.285,1
137112,2287.485,1
137124,2287.685,1
137136,2287.886,1
137148,2288.086,1
137160,2288.286,1
137172,2288.486,1
137184,2288.686,1
137196,2288.887,1
137208,2289.087,1
137220,2289.287,1
137232,2289.487,1
137244,2289.687,1
137256,2289.888,1
137268,2290.088,1
137280,2290.288,1
137292,2290.488,1
137304,2290.688,1
137316,2290.889,1
137328,2291.089,1
137340,2291.289,1
137352,2291.489,1
137364,2291.689,1
137376,2291.89,1
137388,2292.09,1
137400,2292.29,1
137412,2292.49,1
137424,2292.69,1
137436,2292.891,1
137448,2293.091,1
137460,2293.291,1
137472,2293.491,1
137484,2293.691,1
137496,2293.892,1
137508,2294.092,1
137520,2294.292,1
137532,2294.492,1
137544,2294.692,1
137556,2294.893,1
137568,2295.093,1
137580,2295.293,1
137592,2295.493,1
137604,2295.693,1
137616,2295.894,1
137628,2296.094,1
137640,2296.294,1
137652,2296.494,1
137664,2296.694,1
137676,2296.895,1
137688,2297.095,1
137700,2297.295,1
137712,2297.495,1
137724,2297.695,1
137736,2297.896,1
137748,2298.096,1
137760,2298.296,1
137772,2298.496,1
137784,2298.696,1
137796,2298.897,1
137808,2299.097,1
137820,2299.297,1
137832,2299.497,1
137844,2299.697,1
137856,2299.898,1
137868,2300.098,1
137880,2300.298,1
137892,2300.498,1
137904,2300.698,1
137916,2300.899,1
137928,2301.099,1
137940,2301.299,1
137952,2301.499,1
137964,2301.699,1
137976,2301.9,1
137988,2302.1,1
138000,2302.3,1
138012,2302.5,1
138024,2302.7,1
138036,2302.901,1
138048,2303.101,1
138060,2303.301,1
138072,2303.501,1
138084,2303.701,1
138096,2303.902,1
138108,2304.102,1
138120,2304.302,1
138132,2304.502,1
138144,2304.702,1
138156,2304.903,1
138168,2305.103,1
138180,2305.303,1
138192,2305.503,1
138204,2305.703,1
138216,2305.904,1
138228,2306.104,1
138240,2306.304,1
138252,2306.504,1
138264,2306.704,1
138276,2306.905,1
138288,2307.105,1
138300,2307.305,1
138312,2307.505,1
138324,2307.705,1
138336,2307.906,1
138348,2308.106,1
138360,2308.306,1
138372,2308.506,1
138384,2308.706,1
138396,2308.907,1
138408,2309.107,1
138420,2309.307,1
138432,2309.507,1
138444,2309.707,1
138456,2309.908,1
138468,2310.108,1
138480,2310.308,1
138492,2310.508,1
138504,2310.708,1
138516,2310.909,1
138528,2311.109,1
138540,2311.309,1
138552,2311.509,1
138564,2311.709,1
138576,2311.91,1
138588,2312.11,1
138600,2312.31,1
138612,2312.51,1
138624,2312.71,1
138636,2312.911,1
138648,2313.111,1
138660,2313.311,1
138672,2313.511,1
138684,2313.711,1
138696,2313.912,1
138708,2314.112,1
138720,2314.312,1
138732,2314.512,1
138744,2314.712,1
138756,2314.913,1
138768,2315.113,1
138780,2315.313,1
138792,2315.513,1
138804,2315.713,1
138816,2315.914,1
138828,2316.114,1
138840,2316.314,1
138852,2316.514,1
138864,2316.714,1
138876,2316.915,1
138888,2317.115,1
138900,2317.315,1
138912,2317.515,1
138924,2317.715,1
138936,2317.916,1
138948,2318.116,1
138960,2318.316,1
138972,2318.516,1
138984,2318.716,1
138996,2318.917,1
139008,2319.117,1
139020,2319.317,1
139032,2319.517,1
139044,2319.717,1
139056,2319.918,1
139068,2320.118,1
139080,2320.318,1
139092,2320.518,1
139104,2320.718,1
139116,2320.919,1
139128,2321.119,1
139140,2321.319,1
139152,2321.519,1
139164,2321.719,1
139176,2321.92,1
139188,2322.12,1
139200,2322.32,1
139212,2322.52,1
139224,2322.72,1
139236,2322.921,1
139248,2323.121,1
139260,2323.321,1
139272,2323.521,1
139284,2323.721,1
139296,2323.922,1
139308,2324.122,1
139320,2324.322,1
139332,2324.522,1
139344,2324.722,1
139356,2324.923,1
139368,2325.123,1
139380,2325.323,1
139392,2325.523,1
139404,2325.723,1
139416,2325.924,1
139428,2326.124,1
139440,2326.324,1
139452,2326.524,1
139464,2326.724,1
139476,2326.925,1
139488,2327.125,1
139500,2327.325,1
139512,2327.525,1
139524,2327.725,1
139536,2327.926,1
139548,2328.126,1
139560,2328.326,1
139572,2328.526,1
139584,2328.726,1
139596,2328.927,1
139608,2329.127,1
139620,2329.327,1
139632,2329.527,1
139644,2329.727,1
139656,2329.928,1
139668,2330.128,1
139680,2330.328,1
139692,2330.528,1
139704,2330.728,1
139716,2330.929,1
139728,2331.129,1
139740,2331.329,1
139752,2331.529,1
139764,2331.729,1
139776,2331.93,1
139788,2332.13,1
139800,2332.33,1
139812,2332.53,1
139824,2332.73,1
139836,2332.931,1
139848,2333.131,1
139860,2333.331,1
139872,2333.531,1
139884,2333.731,1
139896,2333.932,1
139908,2334.132,1
139920,2334.332,1
139932,2334.532,1
139944,2334.732,1
139956,2334.933,1
139968,2335.133,1
139980,2335.333,1
139992,2335.533,1
140004,2335.733,1
140016,2335.934,1
140028,2336.134,1
140040,2336.334,1
140052,2336.534,1
140064,2336.734,1
140076,2336.935,1
140088,2337.135,1
140100,2337.335,1
140112,2337.535,1
140124,2337.735,1
140136,2337.936,1
140148,2338.136,1
140160,2338.336,1
140172,2338.536,1
140184,2338.736,1
140196,2338.937,1
140208,2339.137,1
140220,2339.337,1
140232,2339.537,1
140244,2339.737,1
140256,2339.938,1
140268,2340.138,1
140280,2340.338,1
140292,2340.538,1
140304,2340.738,1
140316,2340.939,1
140328,2341.139,1
140340,2341.339,1
140352,2341.539,1
140364,2341.739,1
140376,2341.94,1
140388,2342.14,1
140400,2342.34,1
140412,2342.54,1
140424,2342.74,1
140436,2342.941,1
140448,2343.141,1
140460,2343.341,1
140472,2343.541,1
140484,2343.741,1
140496,2343.942,1
140508,2344.142,1
140520,2344.342,1
140532,2344.542,1
140544,2344.742,1
140556,2344.943,1
140568,2345.143,1
140580,2345.343,1
140592,2345.543,1
140604,2345.743,1
140616,2345.944,1
140628,2346.144,1
140640,2346.344,1
140652,2346.544,1
140664,2346.744,1
140676,2346.945,1
140688,2347.145,1
140700,2347.345,1
140712,2347.545,1
140724,2347.745,1
140736,2347.946,1
140748,2348.146,1
140760,2348.346,1
140772,2348.546,1
140784,2348.746,1
140796,2348.947,1
140808,2349.147,1
140820,2349.347,1
140832,2349.547,1
140844,2349.747,1
140856,2349.948,1
140868,2350.148,1
140880,2350.348,1
140892,2350.548,1
140904,2350.748,1
140916,2350.949,1
140928,2351.149,1
140940,2351.349,1
140952,2351.549,1
140964,2351.749,1
140976,2351.95,1
140988,2352.15,1
141000,2352.35,1
141012,2352.55,1
141024,2352.75,1
141036,2352.951,1
141048,2353.151,1
141060,2353.351,1
141072,2353.551,1
141084,2353.751,1
141096,2353.952,1
141108,2354.152,1
141120,2354.352,1
141132,2354.552,1
141144,2354.752,1
141156,2354.953,1
141168,2355.153,1
141180,2355.353,1
141192,2355.553,1
141204,2355.753,1
141216,2355.954,1
141228,2356.154,1
141240,2356.354,1
141252,2356.554,1
141264,2356.754,1
141276,2356.955,1
141288,2357.155,1
141300,2357.355,1
141312,2357.555,1
141324,2357.755,1
141336,2357.956,1
141348,2358.156,1
141360,2358.356,1
141372,2358.556,1
141384,2358.756,1
141396,2358.957,1
141408,2359.157,1
141420,2359.357,1
141432,2359.557,1
141444,2359.757,1
141456,2359.958,1
141468,2360.158,1
141480,2360.358,1
141492,2360.558,1
141504,2360.758,1
141516,2360.959,1
141528,2361.159,1
141540,2361.359,1
141552,2361.559,1
141564,2361.759,1
141576,2361.96,1
141588,2362.16,1
141600,2362.36,1
141612,2362.56,1
141624,2362.76,1
141636,2362.961,1
141648,2363.161,1
141660,2363.361,1
141672,2363.561,1
141684,2363.761,1
141696,2363.962,1
141708,2364.162,1
141720,2364.362,1
141732,2364.562,1
141744,2364.762,1
141756,2364.963,1
141768,2365.163,1
141780,2365.363,1
141792,2365.563,1
141804,2365.763,1
141816,2365.964,1
141828,2366.164,1
141840,2366.364,1
141852,2366.564,1
141864,2366.764,1
141876,2366.965,1
141888,2367.165,1
141900,2367.365,1
141912,2367.565,1
141924,2367.765,1
141936,2367.966,1
141948,2368.166,1
141960,2368.366,1
141972,2368.566,1
141984,2368.766,1
141996,2368.967,1
142008,2369.167,1
142020,2369.367,1
142032,2369.567,1
142044,2369.767,1
142056,2369.968,1
142068,2370.168,1
142080,2370.368,1
142092,2370.568,1
142104,2370.768,1
142116,2370.969,1
142128,2371.169,1
142140,2371.369,1
142152,2371.569,1
142164,2371.769,1
142176,2371.97,1
142188,2372.17,1
142200,2372.37,1
142212,2372.57,1
142224,2372.77,1
142236,2372.971,1
142248,2373.171,1
142260,2373.371,1
142272,2373.571,1
142284,2373.771,1
142296,2373.972,1
142308,2374.172,1
142320,2374.372,1
142332,2374.572,1
142344,2374.772,1
142356,2374.973,1
142368,2375.173,1
142380,2375.373,1
142392,2375.573,1
142404,2375.773,1
142416,2375.974,1
142428,2376.174,1
142440,2376.374,1
142452,2376.574,1
142464,2376.774,1
142476,2376.975,1
142488,2377.175,1
142500,2377.375,1
142512,2377.575,1
142524,2377.775,1
142536,2377.976,1
142548,2378.176,1
142560,2378.376,1
142572,2378.576,1
142584,2378.776,1
142596,2378.977,1
142608,2379.177,1
142620,2379.377,1
142632,2379.577,1
142644,2379.777,1
142656,2379.978,1
142668,2380.178,1
142680,2380.378,1
142692,2380.578,1
142704,2380.778,1
142716,2380.979,1
142728,2381.179,1
142740,2381.379,1
142752,2381.579,1
142764,2381.779,1
142776,2381.98,1
142788,2382.18,1
142800,2382.38,1
142812,2382.58,1
142824,2382.78,1
142836,2382.981,1
142848,2383.181,1
142860,2383.381,1
142872,2383.581,1
142884,2383.781,1
142896,2383.982,1
142908,2384.182,1
142920,2384.382,1
142932,2384.582,1
142944,2384.782,1
142956,2384.983,1
142968,2385.183,1
142980,2385.383,1
142992,2385.583,1
143004,2385.783,1
143016,2385.984,1
143028,2386.184,1
143040,2386.384,1
143052,2386.584,1
143064,2386.784,1
143076,2386.985,1
143088,2387.185,1
143100,2387.385,1
143112,2387.585,1
143124,2387.785,1
143136,2387.986,1
143148,2388.186,1
143160,2388.386,1
143172,2388.586,1
143184,2388.786,1
143196,2388.987,1
143208,2389.187,1
143220,2389.387,1
143232,2389.587,1
143244,2389.787,1
143256,2389.988,1
143268,2390.188,1
143280,2390.388,1
143292,2390.588,1
143304,2390.788,1
143316,2390.989,1
143328,2391.189,1
143340,2391.389,1
143352,2391.589,1
143364,2391.789,1
143376,2391.99,1
143388,2392.19,1
143400,2392.39,1
143412,2392.59,1
143424,2392.79,1
143436,2392.991,1
143448,2393.191,1
143460,2393.391,1
143472,2393.591,1
143484,2393.791,1
143496,2393.992,1
143508,2394.192,1
143520,2394.392,1
143532,2394.592,1
143544,2394.792,1
143556,2394.993,1
143568,2395.193,1
143580,2395.393,1
143592,2395.593,1
143604,2395.793,1
143616,2395.994,1
143628,2396.194,1
143640,2396.394,1
143652,2396.594,1
143664,2396.794,1
143676,2396.995,1
143688,2397.195,1
143700,2397.395,1
143712,2397.595,1
143724,2397.795,1
143736,2397.996,1
143748,2398.196,1
143760,2398.396,1
143772,2398.596,1
143784,2398.796,1
143796,2398.997,1
143808,2399.197,1
143820,2399.397,1
143832,2399.597,1
143844,2399.797,1
143856,2399.998,1
143868,2400.198,1
143880,2400.398,1
143892,2400.598,1
143904,2400.798,1
143916,2400.999,1
143928,2401.199,1
143940,2401.399,1
143952,2401.599,1
143964,2401.799,1
143976,2402.0,1
143988,2402.2,1
144000,2402.4,1
144012,2402.6,1
144024,2402.8,1
144036,2403.001,1
144048,2403.201,1
144060,2403.401,1
144072,2403.601,1
144084,2403.801,1
144096,2404.002,1
144108,2404.202,1
144120,2404.402,1
144132,2404.602,1
144144,2404.802,1
144156,2405.003,1
144168,2405.203,1
144180,2405.403,1
144192,2405.603,1
144204,2405.803,1
144216,2406.004,1
144228,2406.204,1
144240,2406.404,1
144252,2406.604,1
144264,2406.804,1
144276,2407.005,1
144288,2407.205,1
144300,2407.405,1
144312,2407.605,1
144324,2407.805,1
144336,2408.006,1
144348,2408.206,1
144360,2408.406,1
144372,2408.606,1
144384,2408.806,1
144396,2409.007,1
144408,2409.207,1
144420,2409.407,1
144432,2409.607,1
144444,2409.807,1
144456,2410.008,1
144468,2410.208,1
144480,2410.408,1
144492,2410.608,1
144504,2410.808,1
144516,2411.009,1
144528,2411.209,1
144540,2411.409,1
144552,2411.609,1
144564,2411.809,1
144576,2412.01,1
144588,2412.21,1
144600,2412.41,1
144612,2412.61,1
144624,2412.81,1
144636,2413.011,1
144648,2413.211,1
144660,2413.411,1
144672,2413.611,1
144684,2413.811,1
144696,2414.012,1
144708,2414.212,1
144720,2414.412,1
144732,2414.612,1
144744,2414.812,1
144756,2415.013,1
144768,2415.213,1
144780,2415.413,1
144792,2415.613,1
144804,2415.813,1
144816,2416.014,1
144828,2416.214,1
144840,2416.414,1
144852,2416.614,1
144864,2416.814,1
144876,2417.015,1
144888,2417.215,1
144900,2417.415,1
144912,2417.615,1
144924,2417.815,1
144936,2418.016,1
144948,2418.216,1
144960,2418.416,1
144972,2418.616,1
144984,2418.816,1
144996,2419.017,1
145008,2419.217,1
145020,2419.417,1
145032,2419.617,1
145044,2419.817,1
145056,2420.018,1
145068,2420.218,1
145080,2420.418,1
145092,2420.618,1
145104,2420.818,1
145116,2421.019,1
145128,2421.219,1
145140,2421.419,1
145152,2421.619,1
145164,2421.819,1
145176,2422.02,1
145188,2422.22,1
145200,2422.42,1
145212,2422.62,1
145224,2422.82,1
145236,2423.021,1
145248,2423.221,1
145260,2423.421,1
145272,2423.621,1
145284,2423.821,1
145296,2424.022,1
145308,2424.222,1
145320,2424.422,1
145332,2424.622,1
145344,2424.822,1
145356,2425.023,1
145368,2425.223,1
145380,2425.423,1
145392,2425.623,1
145404,2425.823,1
145416,2426.024,1
145428,2426.224,1
145440,2426.424,1
145452,2426.624,1
145464,2426.824,1
145476,2427.025,1
145488,2427.225,1
145500,2427.425,1
145512,2427.625,1
145524,2427.825,1
145536,2428.026,1
145548,2428.226,1
145560,2428.426,1
145572,2428.626,1
145584,2428.826,1
145596,2429.027,1
145608,2429.227,1
145620,2429.427,1
145632,2429.627,1
145644,2429.827,1
145656,2430.028,1
145668,2430.228,1
145680,2430.428,1
145692,2430.628,1
145704,2430.828,1
145716,2431.029,1
145728,2431.229,1
145740,2431.429,1
145752,2431.629,1
145764,2431.829,1
145776,2432.03,1
145788,2432.23,1
145800,2432.43,1
145812,2432.63,1
145824,2432.83,1
145836,2433.031,1
145848,2433.231,1
145860,2433.431,1
145872,2433.631,1
145884,2433.831,1
145896,2434.032,1
145908,2434.232,1
145920,2434.432,1
145932,2434.632,1
145944,2434.832,1
145956,2435.033,1
145968,2435.233,1
145980,2435.433,1
145992,2435.633,1
146004,2435.833,1
146016,2436.034,1
146028,2436.234,1
146040,2436.434,1
146052,2436.634,1
146064,2436.834,1
146076,2437.035,1
146088,2437.235,1
146100,2437.435,1
146112,2437.635,1
146124,2437.835,1
146136,2438.036,1
146148,2438.236,1
146160,2438.436,1
146172,2438.636,1
146184,2438.836,1
146196,2439.037,1
146208,2439.237,1
146220,2439.437,0
146232,2439.637,0
146244,2439.837,0
146256,2440.038,0
146268,2440.238,0
146280,2440.438,0
146292,2440.638,1
146304,2440.838,1
146316,2441.039,1
146328,2441.239,1
146340,2441.439,1
146352,2441.639,1
146364,2441.839,1
146376,2442.04,1
146388,2442.24,1
146400,2442.44,1
146412,2442.64,1
146424,2442.84,1
146436,2443.041,1
146448,2443.241,1
146460,2443.441,1
146472,2443.641,1
146484,2443.841,1
146496,2444.042,1
146508,2444.242,1
146520,2444.442,0
146532,2444.642,0
146544,2444.842,0
146556,2445.043,0
146568,2445.243,0
146580,2445.443,0
146592,2445.643,0
146604,2445.843,0
146616,2446.044,0
146628,2446.244,0
146640,2446.444,0
146652,2446.644,0
146664,2446.844,0
146676,2447.045,0
146688,2447.245,0
146700,2447.445,1
146712,2447.645,1
146724,2447.845,1
146736,2448.046,1
146748,2448.246,1
146760,2448.446,1
146772,2448.646,1
146784,2448.846,1
146796,2449.047,0
146808,2449.247,0
146820,2449.447,0
146832,2449.647,0
146844,2449.847,0
146856,2450.048,0
146868,2450.248,0
146880,2450.448,0
146892,2450.648,0
146904,2450.848,0
146916,2451.049,0
146928,2451.249,0
146940,2451.449,0
146952,2451.649,0
146964,2451.849,0
146976,2452.05,0
146988,2452.25,0
147000,2452.45,0
147012,2452.65,0
147024,2452.85,0
147036,2453.051,0
147048,2453.251,0
147060,2453.451,0
147072,2453.651,0
147084,2453.851,0
147096,2454.052,0
147108,2454.252,0
147120,2454.452,0
147132,2454.652,0
147144,2454.852,0
147156,2455.053,0
147168,2455.253,0
147180,2455.453,0
147192,2455.653,0
147204,2455.853,0
147216,2456.054,0
147228,2456.254,0
147240,2456.454,0
147252,2456.654,0
147264,2456.854,0
147276,2457.055,0
147288,2457.255,0
147300,2457.455,0
147312,2457.655,0
147324,2457.855,0
147336,2458.056,0
147348,2458.256,0
147360,2458.456,0
147372,2458.656,0
147384,2458.856,0
147396,2459.057,0
147408,2459.257,0
147420,2459.457,0
147432,2459.657,0
147444,2459.857,1
147456,2460.058,1
147468,2460.258,1
147480,2460.458,1
147492,2460.658,1
147504,2460.858,1
147516,2461.059,1
147528,2461.259,1
147540,2461.459,1
147552,2461.659,1
147564,2461.859,1
147576,2462.06,1
147588,2462.26,1
147600,2462.46,1
147612,2462.66,1
147624,2462.86,1
147636,2463.061,1
147648,2463.261,1
147660,2463.461,1
147672,2463.661,1
147684,2463.861,1
147696,2464.062,1
147708,2464.262,1
147720,2464.462,1
147732,2464.662,1
147744,2464.862,1
147756,2465.063,1
147768,2465.263,1
147780,2465.463,1
147792,2465.663,1
147804,2465.863,1
147816,2466.064,1
147828,2466.264,1
147840,2466.464,1
147852,2466.664,1
147864,2466.864,1
147876,2467.065,1
147888,2467.265,1
147900,2467.465,1
147912,2467.665,1
147924,2467.865,1
147936,2468.066,1
147948,2468.266,1
147960,2468.466,1
147972,2468.666,1
147984,2468.866,1
147996,2469.067,1
148008,2469.267,1
148020,2469.467,1
148032,2469.667,1
148044,2469.867,1
148056,2470.068,1
148068,2470.268,1
148080,2470.468,1
148092,2470.668,1
148104,2470.868,1
148116,2471.069,1
148128,2471.269,1
148140,2471.469,1
148152,2471.669,1
148164,2471.869,1
148176,2472.07,1
148188,2472.27,1
148200,2472.47,1
148212,2472.67,1
148224,2472.87,1
148236,2473.071,1
148248,2473.271,1
148260,2473.471,1
148272,2473.671,1
148284,2473.871,1
148296,2474.072,1
148308,2474.272,1
148320,2474.472,1
148332,2474.672,1
148344,2474.872,1
148356,2475.073,1
148368,2475.273,1
148380,2475.473,1
148392,2475.673,1
148404,2475.873,1
148416,2476.074,1
148428,2476.274,1
148440,2476.474,1
148452,2476.674,1
148464,2476.874,1
148476,2477.075,1
148488,2477.275,1
148500,2477.475,1
148512,2477.675,1
148524,2477.875,1
148536,2478.076,1
148548,2478.276,1
148560,2478.476,1
148572,2478.676,1
148584,2478.876,1
148596,2479.077,1
148608,2479.277,1
148620,2479.477,1
148632,2479.677,1
148644,2479.877,1
148656,2480.078,1
148668,2480.278,1
148680,2480.478,1
148692,2480.678,1
148704,2480.878,1
148716,2481.079,1
148728,2481.279,1
148740,2481.479,1
148752,2481.679,1
148764,2481.879,1
148776,2482.08,1
148788,2482.28,1
148800,2482.48,1
148812,2482.68,1
148824,2482.88,1
148836,2483.081,1
148848,2483.281,1
148860,2483.481,1
148872,2483.681,1
148884,2483.881,1
148896,2484.082,1
148908,2484.282,1
148920,2484.482,1
148932,2484.682,1
148944,2484.882,1
148956,2485.083,1
148968,2485.283,1
148980,2485.483,1
148992,2485.683,1
149004,2485.883,1
149016,2486.084,1
149028,2486.284,1
149040,2486.484,1
149052,2486.684,1
149064,2486.884,1
149076,2487.085,1
149088,2487.285,1
149100,2487.485,1
149112,2487.685,1
149124,2487.885,1
149136,2488.086,1
149148,2488.286,1
149160,2488.486,1
149172,2488.686,1
149184,2488.886,1
149196,2489.087,1
149208,2489.287,1
149220,2489.487,1
149232,2489.687,1
149244,2489.887,1
149256,2490.088,1
149268,2490.288,1
149280,2490.488,1
149292,2490.688,1
149304,2490.888,1
149316,2491.089,1
149328,2491.289,1
149340,2491.489,1
149352,2491.689,1
149364,2491.889,1
149376,2492.09,1
149388,2492.29,1
149400,2492.49,1
149412,2492.69,1
149424,2492.89,1
149436,2493.091,1
149448,2493.291,1
149460,2493.491,1
149472,2493.691,1
149484,2493.891,1
149496,2494.092,1
149508,2494.292,1
149520,2494.492,1
149532,2494.692,1
149544,2494.892,1
149556,2495.093,1
149568,2495.293,1
149580,2495.493,1
149592,2495.693,1
149604,2495.893,1
149616,2496.094,1
149628,2496.294,1
149640,2496.494,1
149652,2496.694,1
149664,2496.894,1
149676,2497.095,1
149688,2497.295,1
149700,2497.495,1
149712,2497.695,1
149724,2497.895,1
149736,2498.096,1
149748,2498.296,1
149760,2498.496,1
149772,2498.696,1
149784,2498.896,1
149796,2499.097,1
149808,2499.297,1
149820,2499.497,1
149832,2499.697,1
149844,2499.897,1
149856,2500.098,1
149868,2500.298,1
149880,2500.498,1
149892,2500.698,1
149904,2500.898,1
149916,2501.099,1
149928,2501.299,1
149940,2501.499,1
149952,2501.699,1
149964,2501.899,1
149976,2502.1,1
149988,2502.3,1
150000,2502.5,1
150012,2502.7,1
150024,2502.9,1
150036,2503.101,1
150048,2503.301,1
150060,2503.501,1
150072,2503.701,1
150084,2503.901,1
150096,2504.102,1
150108,2504.302,1
150120,2504.502,1
150132,2504.702,1
150144,2504.902,1
150156,2505.103,1
150168,2505.303,1
150180,2505.503,1
150192,2505.703,1
150204,2505.903,1
150216,2506.104,1
150228,2506.304,1
150240,2506.504,1
150252,2506.704,1
150264,2506.904,1
150276,2507.105,1
150288,2507.305,1
150300,2507.505,1
150312,2507.705,1
150324,2507.905,1
150336,2508.106,1
150348,2508.306,1
150360,2508.506,1
150372,2508.706,1
150384,2508.906,1
150396,2509.107,1
150408,2509.307,1
150420,2509.507,1
150432,2509.707,1
150444,2509.907,1
150456,2510.108,1
150468,2510.308,1
150480,2510.508,1
150492,2510.708,1
150504,2510.908,1
150516,2511.109,1
150528,2511.309,1
150540,2511.509,1
150552,2511.709,1
150564,2511.909,1
150576,2512.11,1
150588,2512.31,1
150600,2512.51,1
150612,2512.71,1
150624,2512.91,1
150636,2513.111,1
150648,2513.311,1
150660,2513.511,1
150672,2513.711,1
150684,2513.911,1
150696,2514.112,1
150708,2514.312,1
150720,2514.512,1
150732,2514.712,1
150744,2514.912,1
150756,2515.113,1
150768,2515.313,1
150780,2515.513,1
150792,2515.713,1
150804,2515.913,1
150816,2516.114,1
150828,2516.314,1
150840,2516.514,1
150852,2516.714,1
150864,2516.914,1
150876,2517.115,1
150888,2517.315,1
150900,2517.515,1
150912,2517.715,1
150924,2517.915,1
150936,2518.116,1
150948,2518.316,1
150960,2518.516,1
150972,2518.716,1
150984,2518.916,1
150996,2519.117,1
151008,2519.317,1
151020,2519.517,1
151032,2519.717,1
151044,2519.917,1
151056,2520.118,1
151068,2520.318,1
151080,2520.518,1
151092,2520.718,1
151104,2520.918,1
151116,2521.119,1
151128,2521.319,1
151140,2521.519,1
151152,2521.719,1
151164,2521.919,1
151176,2522.12,1
151188,2522.32,1
151200,2522.52,1
151212,2522.72,1
151224,2522.92,1
151236,2523.121,1
151248,2523.321,1
151260,2523.521,1
151272,2523.721,1
151284,2523.921,1
151296,2524.122,1
151308,2524.322,1
151320,2524.522,1
151332,2524.722,1
151344,2524.922,1
151356,2525.123,1
151368,2525.323,1
151380,2525.523,1
151392,2525.723,1
151404,2525.923,1
151416,2526.124,1
151428,2526.324,1
151440,2526.524,1
151452,2526.724,1
151464,2526.924,1
151476,2527.125,1
151488,2527.325,1
151500,2527.525,1
151512,2527.725,1
151524,2527.925,1
151536,2528.126,1
151548,2528.326,1
151560,2528.526,1
151572,2528.726,1
151584,2528.926,1
151596,2529.127,1
151608,2529.327,1
151620,2529.527,1
151632,2529.727,1
151644,2529.927,1
151656,2530.128,1
151668,2530.328,1
151680,2530.528,1
151692,2530.728,1
151704,2530.928,1
151716,2531.129,1
151728,2531.329,1
151740,2531.529,1
151752,2531.729,1
151764,2531.929,1
151776,2532.13,1
151788,2532.33,1
151800,2532.53,1
151812,2532.73,1
151824,2532.93,1
151836,2533.131,1
151848,2533.331,1
151860,2533.531,1
151872,2533.731,1
151884,2533.931,1
151896,2534.132,1
151908,2534.332,1
151920,2534.532,1
151932,2534.732,1
151944,2534.932,1
151956,2535.133,1
151968,2535.333,1
151980,2535.533,1
151992,2535.733,1
152004,2535.933,1
152016,2536.134,1
152028,2536.334,1
152040,2536.534,1
152052,2536.734,1
152064,2536.934,1
152076,2537.135,1
152088,2537.335,1
152100,2537.535,1
152112,2537.735,1
152124,2537.935,1
152136,2538.136,1
152148,2538.336,1
152160,2538.536,1
152172,2538.736,1
152184,2538.936,1
152196,2539.137,1
152208,2539.337,1
152220,2539.537,1
152232,2539.737,1
152244,2539.937,1
152256,2540.138,1
152268,2540.338,1
152280,2540.538,1
152292,2540.738,1
152304,2540.938,1
152316,2541.139,1
152328,2541.339,1
152340,2541.539,1
152352,2541.739,1
152364,2541.939,1
152376,2542.14,1
152388,2542.34,1
152400,2542.54,1
152412,2542.74,1
152424,2542.94,1
152436,2543.141,1
152448,2543.341,1
152460,2543.541,1
152472,2543.741,1
152484,2543.941,1
152496,2544.142,1
152508,2544.342,1
152520,2544.542,1
152532,2544.742,1
152544,2544.942,1
152556,2545.143,1
152568,2545.343,1
152580,2545.543,1
152592,2545.743,1
152604,2545.943,1
152616,2546.144,1
152628,2546.344,1
152640,2546.544,1
152652,2546.744,1
152664,2546.944,1
152676,2547.145,1
152688,2547.345,1
152700,2547.545,1
152712,2547.745,1
152724,2547.945,1
152736,2548.146,1
152748,2548.346,1
152760,2548.546,1
152772,2548.746,1
152784,2548.946,1
152796,2549.147,1
152808,2549.347,1
152820,2549.547,1
152832,2549.747,1
152844,2549.947,1
152856,2550.148,1
152868,2550.348,1
152880,2550.548,1
152892,2550.748,1
152904,2550.948,1
152916,2551.149,1
152928,2551.349,1
152940,2551.549,1
152952,2551.749,1
152964,2551.949,1
152976,2552.15,1
152988,2552.35,1
153000,2552.55,1
153012,2552.75,1
153024,2552.95,1
153036,2553.151,1
153048,2553.351,1
153060,2553.551,1
153072,2553.751,1
153084,2553.951,1
153096,2554.152,1
153108,2554.352,1
153120,2554.552,1
153132,2554.752,1
153144,2554.952,1
153156,2555.153,1
153168,2555.353,1
153180,2555.553,1
153192,2555.753,1
153204,2555.953,1
153216,2556.154,1
153228,2556.354,1
153240,2556.554,1
153252,2556.754,1
153264,2556.954,1
153276,2557.155,1
153288,2557.355,1
153300,2557.555,1
153312,2557.755,1
153324,2557.955,1
153336,2558.156,1
153348,2558.356,1
153360,2558.556,1
153372,2558.756,1
153384,2558.956,1
153396,2559.157,1
153408,2559.357,1
153420,2559.557,1
153432,2559.757,1
153444,2559.957,1
153456,2560.158,1
153468,2560.358,1
153480,2560.558,1
153492,2560.758,1
153504,2560.958,1
153516,2561.159,1
153528,2561.359,1
153540,2561.559,1
153552,2561.759,1
153564,2561.959,1
153576,2562.16,1
153588,2562.36,1
153600,2562.56,1
153612,2562.76,1
153624,2562.96,1
153636,2563.161,1
153648,2563.361,1
153660,2563.561,1
153672,2563.761,1
153684,2563.961,1
153696,2564.162,1
153708,2564.362,1
153720,2564.562,1
153732,2564.762,1
153744,2564.962,1
153756,2565.163,1
153768,2565.363,1
153780,2565.563,1
153792,2565.763,1
153804,2565.963,1
153816,2566.164,1
153828,2566.364,1
153840,2566.564,1
153852,2566.764,1
153864,2566.964,1
153876,2567.165,1
153888,2567.365,1
153900,2567.565,1
153912,2567.765,1
153924,2567.965,1
153936,2568.166,1
153948,2568.366,1
153960,2568.566,1
153972,2568.766,1
153984,2568.966,1
153996,2569.167,1
154008,2569.367,1
154020,2569.567,1
154032,2569.767,1
154044,2569.967,1
154056,2570.168,1
154068,2570.368,1
154080,2570.568,1
154092,2570.768,1
154104,2570.968,1
154116,2571.169,1
154128,2571.369,1
154140,2571.569,1
154152,2571.769,1
154164,2571.969,1
154176,2572.17,1
154188,2572.37,1
154200,2572.57,1
154212,2572.77,1
154224,2572.97,1
154236,2573.171,1
154248,2573.371,1
154260,2573.571,1
154272,2573.771,1
154284,2573.971,1
154296,2574.172,1
154308,2574.372,1
154320,2574.572,1
154332,2574.772,1
154344,2574.972,1
154356,2575.173,1
154368,2575.373,1
154380,2575.573,1
154392,2575.773,1
154404,2575.973,1
154416,2576.174,1
154428,2576.374,1
154440,2576.574,1
154452,2576.774,0
154464,2576.974,0
154476,2577.175,0
154488,2577.375,0
154500,2577.575,0
154512,2577.775,0
154524,2577.975,1
154536,2578.176,1
154548,2578.376,1
154560,2578.576,1
154572,2578.776,1
154584,2578.976,1
154596,2579.177,1
154608,2579.377,1
154620,2579.577,1
154632,2579.777,1
154644,2579.977,1
154656,2580.178,1
154668,2580.378,1
154680,2580.578,1
154692,2580.778,1
154704,2580.978,1
154716,2581.179,1
154728,2581.379,1
154740,2581.579,1
154752,2581.779,1
154764,2581.979,1
154776,2582.18,0
154788,2582.38,0
154800,2582.58,0
154812,2582.78,0
154824,2582.98,0
154836,2583.181,0
154848,2583.381,0
154860,2583.581,0
154872,2583.781,0
154884,2583.981,0
154896,2584.182,0
154908,2584.382,0
154920,2584.582,0
154932,2584.782,0
154944,2584.982,0
154956,2585.183,0
154968,2585.383,0
154980,2585.583,0
154992,2585.783,0
155004,2585.983,0
155016,2586.184,0
155028,2586.384,0
155040,2586.584,0
155052,2586.784,0
155064,2586.984,0
155076,2587.185,0
155088,2587.385,0
155100,2587.585,0
155112,2587.785,0
155124,2587.985,0
155136,2588.186,0
155148,2588.386,0
155160,2588.586,0
155172,2588.786,0
155184,2588.986,0
155196,2589.187,0
155208,2589.387,0
155220,2589.587,0
155232,2589.787,0
155244,2589.987,0
155256,2590.188,0
155268,2590.388,0
155280,2590.588,0
155292,2590.788,0
155304,2590.988,0
155316,2591.189,0
155328,2591.389,0
155340,2591.589,0
155352,2591.789,0
155364,2591.989,0
155376,2592.19,0
155388,2592.39,0
155400,2592.59,0
155412,2592.79,0
155424,2592.99,0
155436,2593.191,0
155448,2593.391,0
155460,2593.591,0
155472,2593.791,0
155484,2593.991,0
155496,2594.192,0
155508,2594.392,0
155520,2594.592,0
155532,2594.792,0
155544,2594.992,0
155556,2595.193,0
155568,2595.393,0
155580,2595.593,0
155592,2595.793,0
155604,2595.993,0
155616,2596.194,0
155628,2596.394,0
155640,2596.594,1
155652,2596.794,1
155664,2596.994,1
155676,2597.195,1
155688,2597.395,1
155700,2597.595,1
155712,2597.795,1
155724,2597.995,1
155736,2598.196,1
155748,2598.396,1
155760,2598.596,1
155772,2598.796,1
155784,2598.996,1
155796,2599.197,1
155808,2599.397,1
155820,2599.597,1
155832,2599.797,1
155844,2599.997,1
155856,2600.198,1
155868,2600.398,1
155880,2600.598,1
155892,2600.798,1
155904,2600.998,1
155916,2601.199,1
155928,2601.399,1
155940,2601.599,1
155952,2601.799,1
155964,2601.999,1
155976,2602.2,1
155988,2602.4,1
156000,2602.6,1
156012,2602.8,1
156024,2603.0,1
156036,2603.201,1
156048,2603.401,1
156060,2603.601,1
156072,2603.801,1
156084,2604.001,1
156096,2604.202,1
156108,2604.402,1
156120,2604.602,1
156132,2604.802,1
156144,2605.002,1
156156,2605.203,1
156168,2605.403,1
156180,2605.603,1
156192,2605.803,1
156204,2606.003,1
156216,2606.204,1
156228,2606.404,1
156240,2606.604,1
156252,2606.804,1
156264,2607.004,1
156276,2607.205,1
156288,2607.405,1
156300,2607.605,1
156312,2607.805,1
156324,2608.005,1
156336,2608.206,1
156348,2608.406,1
156360,2608.606,1
156372,2608.806,1
156384,2609.006,1
156396,2609.207,1
156408,2609.407,1
156420,2609.607,1
156432,2609.807,1
156444,2610.007,1
156456,2610.208,1
156468,2610.408,1
156480,2610.608,1
156492,2610.808,1
156504,2611.008,1
156516,2611.209,1
156528,2611.409,1
156540,2611.609,1
156552,2611.809,1
156564,2612.009,1
156576,2612.21,1
156588,2612.41,1
156600,2612.61,1
156612,2612.81,1
156624,2613.01,1
156636,2613.211,1
156648,2613.411,1
156660,2613.611,1
156672,2613.811,1
156684,2614.011,1
156696,2614.212,1
156708,2614.412,1
156720,2614.612,1
156732,2614.812,1
156744,2615.012,1
156756,2615.213,1
156768,2615.413,1
156780,2615.613,1
156792,2615.813,1
156804,2616.013,1
156816,2616.214,1
156828,2616.414,1
156840,2616.614,1
156852,2616.814,1
156864,2617.014,1
156876,2617.215,1
156888,2617.415,1
156900,2617.615,1
156912,2617.815,1
156924,2618.015,1
156936,2618.216,1
156948,2618.416,1
156960,2618.616,1
156972,2618.816,1
156984,2619.016,1
156996,2619.217,1
157008,2619.417,1
157020,2619.617,1
157032,2619.817,1
157044,2620.017,1
157056,2620.218,1
157068,2620.418,1
157080,2620.618,1
157092,2620.818,1
157104,2621.018,1
157116,2621.219,1
157128,2621.419,1
157140,2621.619,1
157152,2621.819,1
157164,2622.019,1
157176,2622.22,1
157188,2622.42,1
157200,2622.62,1
157212,2622.82,1
157224,2623.02,1
157236,2623.221,1
157248,2623.421,1
157260,2623.621,1
157272,2623.821,1
157284,2624.021,1
157296,2624.222,1
157308,2624.422,1
157320,2624.622,1
157332,2624.822,1
157344,2625.022,1
157356,2625.223,1
157368,2625.423,1
157380,2625.623,1
157392,2625.823,1
157404,2626.023,1
157416,2626.224,1
157428,2626.424,1
157440,2626.624,1
157452,2626.824,1
157464,2627.024,1
157476,2627.225,1
157488,2627.425,1
157500,2627.625,1
157512,2627.825,1
157524,2628.025,1
157536,2628.226,1
157548,2628.426,1
157560,2628.626,1
157572,2628.826,1
157584,2629.026,1
157596,2629.227,1
157608,2629.427,1
157620,2629.627,1
157632,2629.827,1
157644,2630.027,1
157656,2630.228,1
157668,2630.428,1
157680,2630.628,1
157692,2630.828,1
157704,2631.028,1
157716,2631.229,1
157728,2631.429,1
157740,2631.629,1
157752,2631.829,1
157764,2632.029,1
157776,2632.23,1
157788,2632.43,1
157800,2632.63,1
157812,2632.83,1
157824,2633.03,1
157836,2633.231,1
157848,2633.431,1
157860,2633.631,1
157872,2633.831,1
157884,2634.031,1
157896,2634.232,1
157908,2634.432,1
157920,2634.632,1
157932,2634.832,1
157944,2635.032,1
157956,2635.233,1
157968,2635.433,1
157980,2635.633,1
157992,2635.833,1
158004,2636.033,1
158016,2636.234,1
158028,2636.434,1
158040,2636.634,1
158052,2636.834,1
158064,2637.034,1
158076,2637.235,1
158088,2637.435,1
158100,2637.635,1
158112,2637.835,1
158124,2638.035,1
158136,2638.236,1
158148,2638.436,1
158160,2638.636,1
158172,2638.836,1
158184,2639.036,1
158196,2639.237,1
158208,2639.437,1
158220,2639.637,1
158232,2639.837,1
158244,2640.037,1
158256,2640.238,1
158268,2640.438,1
158280,2640.638,1
158292,2640.838,1
158304,2641.038,1
158316,2641.239,1
158328,2641.439,1
158340,2641.639,1
158352,2641.839,1
158364,2642.039,1
158376,2642.24,1
158388,2642.44,1
158400,2642.64,1
158412,2642.84,1
158424,2643.04,1
158436,2643.241,1
158448,2643.441,1
158460,2643.641,1
158472,2643.841,1
158484,2644.041,1
158496,2644.242,1
158508,2644.442,1
158520,2644.642,1
158532,2644.842,1
158544,2645.042,1
158556,2645.243,1
158568,2645.443,1
158580,2645.643,1
158592,2645.843,1
158604,2646.043,1
158616,2646.244,1
158628,2646.444,1
158640,2646.644,1
158652,2646.844,1
158664,2647.044,1
158676,2647.245,1
158688,2647.445,1
158700,2647.645,1
158712,2647.845,1
158724,2648.045,1
158736,2648.246,1
158748,2648.446,1
158760,2648.646,1
158772,2648.846,1
158784,2649.046,1
158796,2649.247,1
158808,2649.447,1
158820,2649.647,1
158832,2649.847,1
158844,2650.047,1
158856,2650.248,1
158868,2650.448,1
158880,2650.648,1
158892,2650.848,1
158904,2651.048,1
158916,2651.249,1
158928,2651.449,1
158940,2651.649,1
158952,2651.849,1
158964,2652.049,1
158976,2652.25,1
158988,2652.45,1
159000,2652.65,1
159012,2652.85,1
159024,2653.05,1
159036,2653.251,1
159048,2653.451,1
159060,2653.651,1
159072,2653.851,1
159084,2654.051,1
159096,2654.252,1
159108,2654.452,1
159120,2654.652,1
159132,2654.852,1
159144,2655.052,1
159156,2655.253,1
159168,2655.453,1
159180,2655.653,1
159192,2655.853,1
159204,2656.053,1
159216,2656.254,1
159228,2656.454,1
159240,2656.654,1
159252,2656.854,1
159264,2657.054,1
159276,2657.255,1
159288,2657.455,1
159300,2657.655,1
159312,2657.855,1
159324,2658.055,0
159336,2658.256,0
159348,2658.456,0
159360,2658.656,0
159372,2658.856,1
159384,2659.056,0
159396,2659.257,0
159408,2659.457,0
159420,2659.657,0
159432,2659.857,0
159444,2660.057,0
159456,2660.258,0
159468,2660.458,0
159480,2660.658,0
159492,2660.858,0
159504,2661.058,0
159516,2661.259,0
159528,2661.459,0
159540,2661.659,0
159552,2661.859,0
159564,2662.059,0
159576,2662.26,0
159588,2662.46,0
159600,2662.66,0
159612,2662.86,0
159624,2663.06,0
159636,2663.261,0
159648,2663.461,0
159660,2663.661,0
159672,2663.861,0
159684,2664.061,0
159696,2664.262,1
159708,2664.462,1
159720,2664.662,1
159732,2664.862,1
159744,2665.062,1
159756,2665.263,1
159768,2665.463,1
159780,2665.663,1
159792,2665.863,1
159804,2666.063,1
159816,2666.264,1
159828,2666.464,1
159840,2666.664,1
159852,2666.864,1
159864,2667.064,1
159876,2667.265,1
159888,2667.465,1
159900,2667.665,1
159912,2667.865,1
159924,2668.065,0
159936,2668.266,0
159948,2668.466,1
159960,2668.666,1
159972,2668.866,1
159984,2669.066,1
159996,2669.267,1
160008,2669.467,1
160020,2669.667,1
160032,2669.867,1
160044,2670.067,1
160056,2670.268,0
160068,2670.468,0
160080,2670.668,1
160092,2670.868,1
160104,2671.068,1
160116,2671.269,1
160128,2671.469,0
160140,2671.669,0
160152,2671.869,0
160164,2672.069,0
160176,2672.27,1
160188,2672.47,1
160200,2672.67,0
160212,2672.87,0
160224,2673.07,1
160236,2673.271,0
160248,2673.471,0
160260,2673.671,0
160272,2673.871,1
160284,2674.071,1
160296,2674.272,1
160308,2674.472,1
160320,2674.672,1
160332,2674.872,1
160344,2675.072,1
160356,2675.273,1
160368,2675.473,1
160380,2675.673,1
160392,2675.873,1
160404,2676.073,1
160416,2676.274,1
160428,2676.474,1
160440,2676.674,1
160452,2676.874,1
160464,2677.074,1
160476,2677.275,1
160488,2677.475,1
160500,2677.675,1
160512,2677.875,1
160524,2678.075,1
160536,2678.276,1
160548,2678.476,1
160560,2678.676,1
160572,2678.876,1
160584,2679.076,1
160596,2679.277,1
160608,2679.477,1
160620,2679.677,1
160632,2679.877,1
160644,2680.077,1
160656,2680.278,1
160668,2680.478,1
160680,2680.678,1
160692,2680.878,1
160704,2681.078,1
160716,2681.279,1
160728,2681.479,1
160740,2681.679,1
160752,2681.879,1
160764,2682.079,1
160776,2682.28,1
160788,2682.48,1
160800,2682.68,1
160812,2682.88,1
160824,2683.08,1
160836,2683.281,1
160848,2683.481,1
160860,2683.681,1
160872,2683.881,1
160884,2684.081,1
160896,2684.282,1
160908,2684.482,1
160920,2684.682,1
160932,2684.882,1
160944,2685.082,1
160956,2685.283,1
160968,2685.483,1
160980,2685.683,1
160992,2685.883,1
161004,2686.083,1
161016,2686.284,1
161028,2686.484,1
161040,2686.684,1
161052,2686.884,1
161064,2687.084,1
161076,2687.285,1
161088,2687.485,1
161100,2687.685,1
161112,2687.885,1
161124,2688.085,1
161136,2688.286,1
161148,2688.486,1
161160,2688.686,1
161172,2688.886,1
161184,2689.086,1
161196,2689.287,1
161208,2689.487,1
161220,2689.687,1
161232,2689.887,1
161244,2690.087,1
161256,2690.288,1
161268,2690.488,1
161280,2690.688,1
161292,2690.888,1
161304,2691.088,1
161316,2691.289,1
161328,2691.489,1
161340,2691.689,1
161352,2691.889,1
161364,2692.089,1
161376,2692.29,1
161388,2692.49,1
161400,2692.69,1
161412,2692.89,1
161424,2693.09,1
161436,2693.291,1
161448,2693.491,1
161460,2693.691,1
161472,2693.891,1
161484,2694.091,1
161496,2694.292,1
161508,2694.492,1
161520,2694.692,1
161532,2694.892,1
161544,2695.092,1
161556,2695.293,1
161568,2695.493,1
161580,2695.693,1
161592,2695.893,1
161604,2696.093,1
161616,2696.294,1
161628,2696.494,1
161640,2696.694,1
161652,2696.894,1
161664,2697.094,1
161676,2697.295,1
161688,2697.495,1
161700,2697.695,1
161712,2697.895,1
161724,2698.095,1
161736,2698.296,1
161748,2698.496,1
161760,2698.696,1
161772,2698.896,1
161784,2699.096,1
161796,2699.297,1
161808,2699.497,1
161820,2699.697,1
161832,2699.897,1
161844,2700.097,1
161856,2700.298,1
161868,2700.498,1
161880,2700.698,1
161892,2700.898,1
161904,2701.098,1
161916,2701.299,1
161928,2701.499,1
161940,2701.699,1
161952,2701.899,1
161964,2702.099,1
161976,2702.3,1
161988,2702.5,1
162000,2702.7,1
162012,2702.9,1
162024,2703.1,1
162036,2703.301,1
162048,2703.501,1
162060,2703.701,1
162072,2703.901,1
162084,2704.101,1
162096,2704.302,1
162108,2704.502,1
162120,2704.702,1
162132,2704.902,1
162144,2705.102,1
162156,2705.303,1
162168,2705.503,1
162180,2705.703,1
162192,2705.903,1
162204,2706.103,1
162216,2706.304,1
162228,2706.504,1
162240,2706.704,1
162252,2706.904,1
162264,2707.104,1
162276,2707.305,1
162288,2707.505,1
162300,2707.705,1
162312,2707.905,1
162324,2708.105,1
162336,2708.306,1
162348,2708.506,1
162360,2708.706,1
162372,2708.906,1
162384,2709.106,1
162396,2709.307,1
162408,2709.507,1
162420,2709.707,1
162432,2709.907,1
162444,2710.107,1
162456,2710.308,1
162468,2710.508,1
162480,2710.708,1
162492,2710.908,1
162504,2711.108,1
162516,2711.309,1
162528,2711.509,1
162540,2711.709,1
162552,2711.909,1
162564,2712.109,1
162576,2712.31,1
162588,2712.51,1
162600,2712.71,1
162612,2712.91,1
162624,2713.11,1
162636,2713.311,1
162648,2713.511,1
162660,2713.711,1
162672,2713.911,1
162684,2714.111,1
162696,2714.312,1
162708,2714.512,1
162720,2714.712,1
162732,2714.912,1
162744,2715.112,1
162756,2715.313,1
162768,2715.513,1
162780,2715.713,1
162792,2715.913,1
162804,2716.113,1
162816,2716.314,1
162828,2716.514,1
162840,2716.714,1
162852,2716.914,1
162864,2717.114,1
162876,2717.315,1
162888,2717.515,1
162900,2717.715,1
162912,2717.915,1
162924,2718.115,1
162936,2718.316,1
162948,2718.516,1
162960,2718.716,1
162972,2718.916,1
162984,2719.116,1
162996,2719.317,1
163008,2719.517,1
163020,2719.717,1
163032,2719.917,1
163044,2720.117,1
163056,2720.318,1
163068,2720.518,1
163080,2720.718,1
163092,2720.918,1
163104,2721.118,1
163116,2721.319,1
163128,2721.519,1
163140,2721.719,1
163152,2721.919,1
163164,2722.119,1
163176,2722.32,1
163188,2722.52,1
163200,2722.72,1
163212,2722.92,1
163224,2723.12,1
163236,2723.321,1
163248,2723.521,1
163260,2723.721,1
163272,2723.921,1
163284,2724.121,1
163296,2724.322,1
163308,2724.522,1
163320,2724.722,1
163332,2724.922,1
163344,2725.122,1
163356,2725.323,1
163368,2725.523,1
163380,2725.723,1
163392,2725.923,1
163404,2726.123,1
163416,2726.324,1
163428,2726.524,1
163440,2726.724,1
163452,2726.924,1
163464,2727.124,1
163476,2727.325,0
163488,2727.525,0
163500,2727.725,0
163512,2727.925,0
163524,2728.125,0
163536,2728.326,0
163548,2728.526,0
163560,2728.726,0
163572,2728.926,0
163584,2729.126,0
163596,2729.327,0
163608,2729.527,0
163620,2729.727,0
163632,2729.927,0
163644,2730.127,0
163656,2730.328,0
163668,2730.528,0
163680,2730.728,0
163692,2730.928,0
163704,2731.128,0
163716,2731.329,0
163728,2731.529,1
163740,2731.729,1
163752,2731.929,1
163764,2732.129,1
163776,2732.33,1
163788,2732.53,1
163800,2732.73,1
163812,2732.93,1
163824,2733.13,1
163836,2733.331,1
163848,2733.531,1
163860,2733.731,1
163872,2733.931,1
163884,2734.131,1
163896,2734.332,1
163908,2734.532,1
163920,2734.732,1
163932,2734.932,1
163944,2735.132,1
163956,2735.333,1
163968,2735.533,1
163980,2735.733,1
163992,2735.933,1
164004,2736.133,1
164016,2736.334,1
164028,2736.534,1
164040,2736.734,1
164052,2736.934,1
164064,2737.134,1
164076,2737.335,1
164088,2737.535,1
164100,2737.735,1
164112,2737.935,1
164124,2738.135,1
164136,2738.336,1
164148,2738.536,1
164160,2738.736,1
164172,2738.936,1
164184,2739.136,1
164196,2739.337,1
164208,2739.537,1
164220,2739.737,1
164232,2739.937,1
164244,2740.137,1
164256,2740.338,1
164268,2740.538,1
164280,2740.738,1
164292,2740.938,1
164304,2741.138,1
164316,2741.339,1
164328,2741.539,1
164340,2741.739,1
164352,2741.939,1
164364,2742.139,1
164376,2742.34,1
164388,2742.54,1
164400,2742.74,1
164412,2742.94,1
164424,2743.14,1
164436,2743.341,1
164448,2743.541,1
164460,2743.741,1
164472,2743.941,1
164484,2744.141,1
164496,2744.342,1
164508,2744.542,1
164520,2744.742,1
164532,2744.942,1
164544,2745.142,1
164556,2745.343,1
164568,2745.543,1
164580,2745.743,1
164592,2745.943,1
164604,2746.143,1
164616,2746.344,1
164628,2746.544,1
164640,2746.744,1
164652,2746.944,1
164664,2747.144,1
164676,2747.345,1
164688,2747.545,1
164700,2747.745,1
164712,2747.945,1
164724,2748.145,1
164736,2748.346,1
164748,2748.546,1
164760,2748.746,1
164772,2748.946,1
164784,2749.146,1
164796,2749.347,1
164808,2749.547,1
164820,2749.747,1
164832,2749.947,1
164844,2750.147,1
164856,2750.348,1
164868,2750.548,1
164880,2750.748,1
164892,2750.948,1
164904,2751.148,1
164916,2751.349,1
164928,2751.549,1
164940,2751.749,1
164952,2751.949,1
164964,2752.149,1
164976,2752.35,1
164988,2752.55,1
165000,2752.75,1
165012,2752.95,1
165024,2753.15,1
165036,2753.351,1
165048,2753.551,1
165060,2753.751,1
165072,2753.951,1
165084,2754.151,1
165096,2754.352,1
165108,2754.552,1
165120,2754.752,1
165132,2754.952,1
165144,2755.152,1
165156,2755.353,1
165168,2755.553,1
165180,2755.753,1
165192,2755.953,1
165204,2756.153,1
165216,2756.354,1
165228,2756.554,1
165240,2756.754,1
165252,2756.954,1
165264,2757.154,1
165276,2757.355,1
165288,2757.555,1
165300,2757.755,1
165312,2757.955,1
165324,2758.155,1
165336,2758.356,1
165348,2758.556,1
165360,2758.756,1
165372,2758.956,1
165384,2759.156,1
165396,2759.357,1
165408,2759.557,1
165420,2759.757,1
165432,2759.957,1
165444,2760.157,1
165456,2760.358,1
165468,2760.558,1
165480,2760.758,1
165492,2760.958,1
165504,2761.158,1
165516,2761.359,1
165528,2761.559,1
165540,2761.759,1
165552,2761.959,1
165564,2762.159,1
165576,2762.36,1
165588,2762.56,1
165600,2762.76,1
165612,2762.96,1
165624,2763.16,1
165636,2763.361,1
165648,2763.561,1
165660,2763.761,1
165672,2763.961,1
165684,2764.161,1
165696,2764.362,1
165708,2764.562,1
165720,2764.762,1
165732,2764.962,1
165744,2765.162,1
165756,2765.363,1
165768,2765.563,1
165780,2765.763,1
165792,2765.963,1
165804,2766.163,1
165816,2766.364,1
165828,2766.564,1
165840,2766.764,1
165852,2766.964,1
165864,2767.164,1
165876,2767.365,1
165888,2767.565,1
165900,2767.765,1
165912,2767.965,1
165924,2768.165,1
165936,2768.366,1
165948,2768.566,1
165960,2768.766,1
165972,2768.966,1
165984,2769.166,1
165996,2769.367,1
166008,2769.567,1
166020,2769.767,1
166032,2769.967,1
166044,2770.167,1
166056,2770.368,1
166068,2770.568,1
166080,2770.768,1
166092,2770.968,1
166104,2771.168,1
166116,2771.369,1
166128,2771.569,1
166140,2771.769,1
166152,2771.969,1
166164,2772.169,1
166176,2772.37,1
166188,2772.57,1
166200,2772.77,1
166212,2772.97,1
166224,2773.17,1
166236,2773.371,0
166248,2773.571,0
166260,2773.771,0
166272,2773.971,0
166284,2774.171,1
166296,2774.372,1
166308,2774.572,1
166320,2774.772,1
166332,2774.972,1
166344,2775.172,1
166356,2775.373,1
166368,2775.573,1
166380,2775.773,1
166392,2775.973,1
166404,2776.173,1
166416,2776.374,1
166428,2776.574,1
166440,2776.774,1
166452,2776.974,1
166464,2777.174,1
166476,2777.375,1
166488,2777.575,1
166500,2777.775,1
166512,2777.975,1
166524,2778.175,1
166536,2778.376,1
166548,2778.576,1
166560,2778.776,1
166572,2778.976,1
166584,2779.176,1
166596,2779.377,1
166608,2779.577,1
166620,2779.777,1
166632,2779.977,1
166644,2780.177,1
166656,2780.378,1
166668,2780.578,1
166680,2780.778,1
166692,2780.978,1
166704,2781.178,1
166716,2781.379,1
166728,2781.579,1
166740,2781.779,1
166752,2781.979,1
166764,2782.179,1
166776,2782.38,1
166788,2782.58,1
166800,2782.78,1
166812,2782.98,1
166824,2783.18,1
166836,2783.381,1
166848,2783.581,1
166860,2783.781,1
166872,2783.981,1
166884,2784.181,1
166896,2784.382,1
166908,2784.582,1
166920,2784.782,1
166932,2784.982,1
166944,2785.182,1
166956,2785.383,1
166968,2785.583,1
166980,2785.783,1
166992,2785.983,1
167004,2786.183,1
167016,2786.384,1
167028,2786.584,1
167040,2786.784,1
167052,2786.984,1
167064,2787.184,1
167076,2787.385,1
167088,2787.585,1
167100,2787.785,1
167112,2787.985,1
167124,2788.185,1
167136,2788.386,1
167148,2788.586,1
167160,2788.786,1
167172,2788.986,1
167184,2789.186,1
167196,2789.387,1
167208,2789.587,1
167220,2789.787,1
167232,2789.987,1
167244,2790.187,1
167256,2790.388,1
167268,2790.588,1
167280,2790.788,1
167292,2790.988,1
167304,2791.188,1
167316,2791.389,1
167328,2791.589,1
167340,2791.789,1
167352,2791.989,1
167364,2792.189,1
167376,2792.39,1
167388,2792.59,1
167400,2792.79,1
167412,2792.99,1
167424,2793.19,1
167436,2793.391,1
167448,2793.591,1
167460,2793.791,1
167472,2793.991,1
167484,2794.191,1
167496,2794.392,1
167508,2794.592,1
167520,2794.792,1
167532,2794.992,1
167544,2795.192,1
167556,2795.393,1
167568,2795.593,1
167580,2795.793,1
167592,2795.993,1
167604,2796.193,1
167616,2796.394,1
167628,2796.594,1
167640,2796.794,1
167652,2796.994,1
167664,2797.194,1
167676,2797.395,1
167688,2797.595,1
167700,2797.795,1
167712,2797.995,1
167724,2798.195,1
167736,2798.396,1
167748,2798.596,1
167760,2798.796,1
167772,2798.996,1
167784,2799.196,1
167796,2799.397,1
167808,2799.597,1
167820,2799.797,1
167832,2799.997,1
167844,2800.197,1
167856,2800.398,1
167868,2800.598,1
167880,2800.798,1
167892,2800.998,1
167904,2801.198,1
167916,2801.399,1
167928,2801.599,1
167940,2801.799,1
167952,2801.999,1
167964,2802.199,1
167976,2802.4,1
167988,2802.6,1
168000,2802.8,1
168012,2803.0,1
168024,2803.2,1
168036,2803.401,1
168048,2803.601,1
168060,2803.801,1
168072,2804.001,1
168084,2804.201,1
168096,2804.402,1
168108,2804.602,1
168120,2804.802,1
168132,2805.002,1
168144,2805.202,1
168156,2805.403,1
168168,2805.603,1
168180,2805.803,1
168192,2806.003,1
168204,2806.203,1
168216,2806.404,1
168228,2806.604,1
168240,2806.804,1
168252,2807.004,1
168264,2807.204,1
168276,2807.405,1
168288,2807.605,1
168300,2807.805,1
168312,2808.005,1
168324,2808.205,1
168336,2808.406,1
168348,2808.606,1
168360,2808.806,1
168372,2809.006,1
168384,2809.206,1
168396,2809.407,1
168408,2809.607,1
168420,2809.807,1
168432,2810.007,1
168444,2810.207,1
168456,2810.408,1
168468,2810.608,1
168480,2810.808,1
168492,2811.008,1
168504,2811.208,1
168516,2811.409,1
168528,2811.609,1
168540,2811.809,1
168552,2812.009,1
168564,2812.209,1
168576,2812.41,1
168588,2812.61,1
168600,2812.81,1
168612,2813.01,1
168624,2813.21,1
168636,2813.411,1
168648,2813.611,1
168660,2813.811,1
168672,2814.011,1
168684,2814.211,1
168696,2814.412,1
168708,2814.612,1
168720,2814.812,1
168732,2815.012,1
168744,2815.212,1
168756,2815.413,1
168768,2815.613,1
168780,2815.813,1
168792,2816.013,1
168804,2816.213,1
168816,2816.414,1
168828,2816.614,1
168840,2816.814,1
168852,2817.014,1
168864,2817.214,1
168876,2817.415,1
168888,2817.615,1
168900,2817.815,1
168912,2818.015,1
168924,2818.215,1
168936,2818.416,1
168948,2818.616,1
168960,2818.816,1
168972,2819.016,1
168984,2819.216,1
168996,2819.417,1
169008,2819.617,1
169020,2819.817,1
169032,2820.017,1
169044,2820.217,1
169056,2820.418,1
169068,2820.618,1
169080,2820.818,1
169092,2821.018,1
169104,2821.218,1
169116,2821.419,1
169128,2821.619,1
169140,2821.819,1
169152,2822.019,1
169164,2822.219,1
169176,2822.42,1
169188,2822.62,1
169200,2822.82,1
169212,2823.02,1
169224,2823.22,1
169236,2823.421,1
169248,2823.621,1
169260,2823.821,1
169272,2824.021,1
169284,2824.221,1
169296,2824.422,1
169308,2824.622,1
169320,2824.822,1
169332,2825.022,1
169344,2825.222,1
169356,2825.423,1
169368,2825.623,1
169380,2825.823,1
169392,2826.023,1
169404,2826.223,1
169416,2826.424,1
169428,2826.624,1
169440,2826.824,1
169452,2827.024,1
169464,2827.224,1
169476,2827.425,1
169488,2827.625,1
169500,2827.825,1
169512,2828.025,1
169524,2828.225,1
169536,2828.426,1
169548,2828.626,1
169560,2828.826,1
169572,2829.026,1
169584,2829.226,1
169596,2829.427,1
169608,2829.627,1
169620,2829.827,1
169632,2830.027,1
169644,2830.227,1
169656,2830.428,1
169668,2830.628,1
169680,2830.828,1
169692,2831.028,1
169704,2831.228,1
169716,2831.429,1
169728,2831.629,1
169740,2831.829,1
169752,2832.029,1
169764,2832.229,1
169776,2832.43,1
169788,2832.63,1
169800,2832.83,1
169812,2833.03,1
169824,2833.23,1
169836,2833.431,1
169848,2833.631,1
169860,2833.831,1
169872,2834.031,1
169884,2834.231,1
169896,2834.432,1
169908,2834.632,1
169920,2834.832,1
169932,2835.032,1
169944,2835.232,1
169956,2835.433,1
169968,2835.633,1
169980,2835.833,1
169992,2836.033,1
170004,2836.233,1
170016,2836.434,1
170028,2836.634,1
170040,2836.834,1
170052,2837.034,1
170064,2837.234,1
170076,2837.435,1
170088,2837.635,1
170100,2837.835,1
170112,2838.035,1
170124,2838.235,1
170136,2838.436,1
170148,2838.636,1
170160,2838.836,1
170172,2839.036,1
170184,2839.236,1
170196,2839.437,1
170208,2839.637,1
170220,2839.837,1
170232,2840.037,1
170244,2840.237,1
170256,2840.438,1
170268,2840.638,1
170280,2840.838,1
170292,2841.038,1
170304,2841.238,1
170316,2841.439,1
